start,end,N,SS,ZngE,bsfs,FayH,FulD,FerL,TajD,btree,Colless,path,iColless,ibtree
0,100001.0,250,578,-0.1309976475125638,0.18571698873328688,0.01809512353782661,0.8318771985313143,0.15017461499956095,-0.01999400144261968,-0.10040541738429473,0.038635456876987405,1000000,0.0428827725368728,-0.38126937193341054
0,100001.0,250,540,0.1970973952518208,-0.03020497005834365,-0.02683215141578093,0.4046846773209217,-0.2243490972943329,0.032955445776564014,0.05764656954633383,0.03640099205103272,1000001,0.04556707579537711,-0.4905236162300411
0,100001.0,250,638,0.4717302218678145,-0.2872024451490436,-0.054202444805834575,-0.13672669980645022,-0.4989768808603791,0.14584024262828216,0.2434321714258128,0.03382765062561898,1000002,0.04033643803266348,-0.1321260557809493
0,100001.0,250,594,-0.17332608317877166,-0.3092697896644184,-0.04755581591920584,-0.3643685477961516,-0.07573721243947584,-0.5120583638903478,0.007686842691697316,0.03683034107757193,1000003,0.043122721299946334,-0.2946134907853661
0,100001.0,250,631,-0.2647402523909599,0.5824470631267314,0.0381124798528136,-0.1941638723915221,0.3095737279423411,-0.029595738807431164,0.21725862171162866,0.03341467989511972,1000004,0.03789959103918137,-0.05854297316334536
0,100001.0,250,650,0.1591110548609701,0.5457086675118419,0.025908884752288617,-0.6902346232947608,0.0015209109342838804,0.34955866288246595,0.14458478355307286,0.035353535353535345,1000005,0.03777804858947363,-0.07272963948285087
0,100001.0,250,525,-0.2381290833944773,0.050029873916083926,0.013080010105847787,0.2516014061617636,0.1969004106257816,-0.17113288061871276,0.2965089132220759,0.032009023385820894,1000006,0.03995533802789068,-0.17547854408729602
0,100001.0,250,548,-0.4734045212464509,-0.2177138330576987,0.015209970182617943,0.8047185176056572,0.3501049691935829,-0.4132700433151522,-0.19163039575981133,0.03930740884685696,1000007,0.0456084838440799,-0.5822639117400287
0,100001.0,250,677,-0.15799764886085474,-0.5231385551319184,-0.0625540398856975,0.16972952826146315,-0.14316364942275436,-0.5975505977519896,0.21212877107111824,0.033116396513021736,1000008,0.04262042319369407,-0.3138985309892464
0,100001.0,250,584,-0.1390207102782011,0.08004579148202319,0.031967847011114874,0.3023108983034373,0.20837120584886146,0.06549618224079963,0.03149590122013608,0.0358317433958709,1000009,0.039025225325264194,-0.1729515396951935
0,100001.0,250,574,-0.4073454852351097,0.6678560861182747,0.05980685920851241,0.2955680924162077,0.4805374462422355,-0.03818186857798122,0.2256110539082947,0.034582731660973816,1000010,0.03830591181932028,-0.014030064668940904
0,100001.0,250,577,-0.04414030263328928,0.11597756488433122,0.010184474379302337,-0.34906562470249,0.06628558723641259,0.02101860331815881,0.09508214713021583,0.034410537962007486,1000011,0.041651546481774535,-0.3316444758378882
0,100001.0,250,615,0.7208000753053762,-0.2166090205309139,-0.08680772722661954,-0.21086373374052125,-0.7776099291739366,0.1960755260357505,0.0001611966668002199,0.03687728767743096,1000012,0.042487021255754716,-0.3162235643246409
0,100001.0,250,843,0.6450535087152688,0.490612291139224,-0.0011766419455578171,-0.955000165289144,-0.4019809297198095,0.6942750308618154,0.5833814952686194,0.02958598631883168,1000013,0.035029160021621514,0.1456361836452743
0,100001.0,250,592,-0.4075246500096836,-0.19155231136075976,0.005262357580164655,0.4169015595290521,0.27135978443080216,-0.40868895023628304,0.1815904815572016,0.03579416773194604,1000014,0.03834108546569212,-0.010840179157329478
0,100001.0,250,699,0.3987939619153972,-0.6743162649329201,-0.1257292144039288,0.8842745264131749,-0.7293683067986877,-0.4206213454403633,-0.47010978969503603,0.0453600469560808,1000015,0.056027277823827465,-1.1981922532127665
0,100001.0,250,579,-0.6364601826347233,-0.2302036812707109,0.03146418693756665,0.3647301050266483,0.5130050107995918,-0.4805093551965085,0.03457084409441009,0.03604754399060656,1000016,0.04812176746688989,-0.5930730762315289
0,100001.0,250,633,0.3876075967419148,-0.1285175315702048,-0.0748170115939983,-0.35390322782265543,-0.5263168932632107,-0.08592817780317506,-0.16754735040915786,0.040657077834650605,1000017,0.043638996658204234,-0.4509027899506543
0,100001.0,250,615,0.6466516726534275,-0.2602542938761362,-0.0928847455309038,-0.9541581407671704,-0.7552526536972732,0.07393643383533917,0.3542807142508161,0.03162044116183254,1000018,0.03852097507363735,-0.03145413447467505
0,100001.0,250,613,-0.11566512865398752,0.7796766611926998,0.06284653138876756,0.3268445592781684,0.3126396701825054,0.30090174371424394,0.2825481733161133,0.032141265085743,1000019,0.04339222959621256,-0.308948226937227
0,100001.0,250,578,-0.4568669584906401,-0.06565605206115246,0.027818178827023702,0.239005853616108,0.3883250267689399,-0.30939458474181786,0.2387348369541369,0.03394162731512128,1000020,0.04077130290851636,-0.22234858591935253
0,100001.0,250,578,-0.3956224471233432,-0.5429895679797561,-0.014870518483904275,0.4036923383147746,0.18676484330273949,-0.532501516504099,0.2745495293217346,0.0324165047285918,1000021,0.04092689984251758,-0.22539256676751465
0,100001.0,250,655,-0.07663500777219097,-0.5497908022311,-0.01651138851580264,0.454858466597684,-0.016236667259366722,-0.19577888805599009,-0.2607313361023793,0.03967833257939215,1000022,0.041514717295470696,-0.3915034323377832
0,100001.0,250,628,0.17164659513115035,0.14222204707734332,-0.012991860721463359,0.24451119603617166,-0.1556909224856604,0.09883973522230018,-0.0015416885228916911,0.03708982557797171,1000023,0.04509841828237463,-0.386745927623327
0,100001.0,250,514,-0.20993208680409686,0.09314650711244933,0.024166036662042787,0.6566691191384263,0.22197637400747736,-0.06520447908170139,0.18321617948813865,0.03553409052826075,1000024,0.04147802489599501,-0.1876770807188376
0,100001.0,250,533,-0.12919228782038195,-0.7456938999258002,-0.07407402930227126,0.5222973964680401,-0.2042949053398731,-0.64365859381185,-0.015206357995446016,0.03686845534882848,1000025,0.041754575907315884,-0.31150732281698423
0,100001.0,250,663,-0.0889101129044532,0.8189261810214541,0.06772779575935288,0.2392511523037683,0.3151475453838779,0.3635694593392645,0.4116205895340867,0.032819220142983274,1000026,0.039135238458398405,-0.07759359151591662
0,100001.0,250,608,0.07630454875976647,0.5805833332084366,0.012070106688036092,-0.9604423077321904,-0.0006764877353222263,0.1652092610111566,-0.029207295176289838,0.03742941113111448,1000027,0.0455055088057922,-0.531353544868384
0,100001.0,250,632,0.06694027051028302,0.4002921301464085,0.037067460627046966,-0.3796616987000962,0.10115649549027927,0.3248992377988145,0.16836021992429898,0.03382604001126767,1000028,0.036976846592324634,-0.02258762420189145
0,100001.0,250,567,0.4224275736433238,0.08241187321356347,-0.04937527174371759,0.0691385966508179,-0.4497770122901728,0.12554125809825892,-0.16305929196648547,0.04036631776624002,1000029,0.04974377797930068,-0.7060714715086166
0,100001.0,250,583,-0.3313179506928082,-0.1141281895533048,0.0014055109928423713,0.2755213004300464,0.2095897433442499,-0.3518110129010828,-0.12374093415761855,0.0402592084887822,1000030,0.0428531109295642,-0.3214590957982077
0,100001.0,250,549,0.005037298808850468,0.41283675591467056,0.04085916202966252,0.6935957346688083,0.15357537341967756,0.2828495815873464,0.19785254639924071,0.03178601502785336,1000031,0.038731843278390465,-0.14659909811697672
0,100001.0,250,641,-0.2527937678123444,-0.5361709039618617,-0.030132380182250163,0.4140376562980999,0.04000137397101913,-0.4803827195359423,0.0170665975352511,0.035699605420039936,1000032,0.04360658463584972,-0.4531577626184277
0,100001.0,250,617,0.08062569564293633,-0.280374166945476,-0.01982950565604047,0.7675649280371085,-0.1258481896584689,-0.046833361369921465,0.15121451703254654,0.03557056667343557,1000033,0.04434371569039275,-0.4493358362232495
0,100001.0,250,586,-0.11493875978887247,-0.15927519333982726,-0.02713409412299071,-0.3916793319862907,-0.03330622137969025,-0.3096512209584716,0.2767594438099425,0.033647365505495234,1000034,0.04532012319313836,-0.4814613981598759
0,100001.0,250,583,0.6831140069191021,-0.0989043154669626,-0.0640732573426422,0.14489308207699594,-0.6669164441007935,0.30988124335876777,-0.23031552772878794,0.039634506415349186,1000035,0.04806690544290356,-0.7428081760081261
0,100001.0,250,564,-0.07140897825905962,0.2324272084587505,0.016994357701624482,0.08609897923062182,0.10920377488256708,0.037488568337977854,0.129743028877705,0.035475639115602205,1000036,0.041149736592036086,-0.292870421149428
0,100001.0,250,589,0.09390912588603877,-0.2554476809771938,-0.03404557520876092,-0.049999829034005565,-0.1885572195939588,-0.1288309594082966,-0.029304192829965124,0.03820106334194946,1000037,0.04336802227946045,-0.3839050642644485
0,100001.0,250,637,-0.05071253272361799,-0.11681728221122666,-0.03511649135767882,-0.2516722138532065,-0.10367522518273577,-0.2939614909431564,0.20203139457439231,0.035115715261934216,1000038,0.0405123575126894,-0.1433643936985713
0,100001.0,250,576,0.10799774884542047,0.42598378552123145,0.026209223231368727,-0.11289400863198222,0.03400965819282548,0.2957841643997106,-0.0021243466243637387,0.03811566639426589,1000039,0.047264741347524085,-0.5849979801306
0,100001.0,250,659,0.2464306952863135,0.4701817773691612,0.024005651513756,-0.8681207945350042,-0.05958798500250655,0.4317995349950317,0.33968983941700465,0.032010387591421385,1000040,0.03903329185101434,-0.056782353385691535
0,100001.0,250,712,-0.35370858021519624,0.1833347634808573,0.03607261675999092,-0.4474296510921614,0.35674387222461146,-0.13999253669432554,0.1831274047411581,0.034584134210751245,1000041,0.04070945548903111,-0.1563674367653893
0,100001.0,250,518,-0.1591915324570285,1.2868236324994116,0.08055882187405475,-0.3271112052942256,0.4067706121637406,0.3727842985923449,0.5339242183984456,0.02785949543405549,1000042,0.04100554506096403,-0.2656937503273449
0,100001.0,250,563,0.05352706736177213,-0.2684913746550609,-0.06953007952108528,-0.7533988711710615,-0.2997086795499119,-0.4136898690592149,-0.15063357437854388,0.04025492068836927,1000043,0.04622872483832452,-0.5481719216510027
0,100001.0,250,624,-0.3681232124933093,0.6229720589267072,0.057088452271760584,-0.1307712682137704,0.4461593990760251,-0.013396682317744057,0.3076285151332846,0.031778278643181126,1000044,0.03902777631887622,-0.13993592871897378
0,100001.0,250,553,-0.2259694721188113,-0.348169718934614,-0.027212607971654014,0.9413677939922463,0.034913208712680915,-0.4312660692069957,-0.540381769768669,0.04667568780235026,1000045,0.04925716691651401,-0.6479179914483353
0,100001.0,250,547,-0.22330410573383144,0.3959732435597361,0.03133711128679991,0.9510323605770182,0.2577933500866413,-0.0309312067745282,0.02074320420891013,0.03710318130868495,1000046,0.04684443305751389,-0.5650131039921935
0,100001.0,250,530,-0.5546719705854225,-0.21891456907309592,0.029499251620108732,0.07625285643900473,0.45494219149309906,-0.4051312419590188,-0.08602926968270018,0.038141280933866685,1000047,0.046852808951695364,-0.588151661581516
0,100001.0,250,620,-0.617367120495752,0.4692264301792281,0.058111875632892586,-0.20363295823603708,0.6036777706821188,-0.2782252073156304,0.3333720599635277,0.031564009010406895,1000048,0.040437205936873694,-0.25588439125166945
0,100001.0,250,556,-0.3677149760817552,-0.5005732978060041,0.0005212970504887296,0.3718222577852154,0.2286365710290159,-0.3976261646569588,-0.017724872537515212,0.03649004620633072,1000049,0.04510002832543954,-0.5151989966056193
0,100001.0,250,558,-0.3500464041973806,-0.194070563054849,0.04469622651717859,1.0073722766647446,0.3871803485383246,-0.07843596340687592,0.4984627271331428,0.030554229986503787,1000050,0.03907486752675533,-0.08575452309958538
0,100001.0,250,581,0.3181038551104338,0.6098911882322497,0.031828592810554834,-0.3681667431890789,-0.0739041089026753,0.5631156972612147,0.09829595777702572,0.03553633621623422,1000051,0.04198244591268298,-0.33431171942813065
0,100001.0,250,633,-0.043460796815687784,0.3399620476839331,0.023630558145364737,0.1276384628746283,0.1175718632722997,0.11322315459166657,0.061281685293388476,0.03688744792412433,1000052,0.04249945582230676,-0.220803522563167
0,100001.0,250,625,0.2194399294946091,0.07635716913723009,-0.027240559192852603,0.10827035852572264,-0.2398767440340681,0.054124452368508914,0.12079537650288527,0.03436511374233698,1000053,0.04251148786933387,-0.23927336684050424
0,100001.0,250,642,-0.05142413258559053,0.5263861569469914,0.04459660241009057,-0.15533945195654886,0.2030604253704239,0.2470738958629445,0.08964294702155315,0.035864846926370916,1000054,0.040045800247453266,-0.07948319471242167
0,100001.0,250,663,0.273319475967429,0.9584514316218562,0.04754566893326592,-1.0542305199461193,0.014341044436572341,0.6211511254244724,0.3176838662807298,0.031343114393056086,1000055,0.03899647870131847,-0.11714030615814205
0,100001.0,250,667,0.21576488990483486,0.5938698794469889,0.011564155713460098,-0.4380835826318593,-0.08850620113139131,0.3137841470357685,-0.0838495645904384,0.04065969632671925,1000056,0.04619061143546181,-0.4443278795908841
0,100001.0,250,579,-0.34383476589043793,-0.7407948745601607,-0.02979696084796037,0.8579430700970028,0.09756524211135804,-0.5773835123261823,-0.21670311076582094,0.04071483064875992,1000057,0.046041208230461865,-0.6053279790808712
0,100001.0,250,559,-0.18069866406024612,0.5901960857296383,0.05315609526409674,0.18286260867693585,0.3152580702482764,0.16375549930992606,0.3539963307130172,0.03169833664735235,1000058,0.04029493268115738,-0.1338270718766884
0,100001.0,250,679,-0.0033610040182402217,-0.6580833954477041,-0.10018657964819404,-0.06454033787572311,-0.3831714576670096,-0.6849433369190809,-0.2018183012578692,0.04063473441188924,1000059,0.047133594863324274,-0.4842908736386575
0,100001.0,250,662,0.23732466939882,0.3631347310343063,0.012570081991480877,-0.5041372767821541,-0.09793027250608136,0.34412603000099684,0.07677470578368673,0.034772341766186016,1000060,0.04129958144763739,-0.3405413414820361
0,100001.0,250,575,0.22457518090053705,0.6734582066079755,0.04532287224014367,0.09098471103234984,0.03549977390204402,0.5527382833272221,0.19129968499830666,0.03416582998661313,1000061,0.03905098636590091,-0.14375091019368394
0,100001.0,250,590,0.08664349899962706,-0.517972635380216,-0.08703600260363344,0.04161214115151809,-0.3874850092744946,-0.4966922637917593,-0.3987593355450699,0.04465500909562449,1000062,0.04845029212048826,-0.6735992982490772
0,100001.0,250,597,0.13618689992693564,-0.6485728175370218,-0.060917289428762914,0.2597060129872893,-0.3177987088503512,-0.2653032482808104,-0.4108467907046851,0.04174804567391655,1000063,0.04994907192998378,-0.8444907685275265
0,100001.0,250,637,0.14508444756502034,0.5848793366068514,0.01752685935330555,0.3165938507942425,-0.02206750818945885,0.27728727988001095,0.32383307726535804,0.03162350717085785,1000064,0.04021602539189013,-0.2214243183278559
0,100001.0,250,635,0.4141851764100049,-0.04496546560482825,-0.004115775081423896,-0.18261888146404226,-0.2710626753594224,0.42355197296740205,0.13123504956456578,0.033788805476575236,1000065,0.0386226685293922,-0.17096928552337412
0,100001.0,250,586,-0.19557820575080614,-0.075248277558768,-0.01084527668536651,0.19316202770694946,0.07891128778069756,-0.28696532639559186,0.058110165676190574,0.036014596018482545,1000066,0.04327004300923749,-0.44094368432576747
0,100001.0,250,609,-0.3998518364336977,1.3135947248662976,0.08280413622157304,0.6622140343779285,0.5643999507912032,0.12659417080401758,0.25953991303992896,0.032999288425047436,1000067,0.038866481236377065,-0.1526289317374931
0,100001.0,250,592,-0.2862351259765884,-0.4565210724750922,-0.03809526994806437,-0.3550453566376075,0.03017348572194555,-0.5709259437525729,-0.07297986244164825,0.037539205150299286,1000068,0.04764094949221853,-0.6049990459059589
0,100001.0,250,554,-0.033459330585256686,-0.10300010018023224,-0.00906087669165296,0.5218243507152244,-0.014127327273563759,-0.09801458024124003,0.2017031315207268,0.034054967338648705,1000069,0.04020344725440151,-0.11630241622910192
0,100001.0,250,547,0.2586741228359013,-0.52741843320768,-0.047103476023185945,1.7163725271262262,-0.340048732847796,-0.0374965344682997,-0.18890926283347811,0.03719325794332379,1000070,0.04478824937095607,-0.5519903541487696
0,100001.0,250,562,-0.2685755080524823,-0.4559475802273498,-0.04398935759015738,0.26684220779947976,-0.0032074464789874284,-0.5916540518508737,0.09905654650973768,0.03525164373837658,1000071,0.0422362909476048,-0.2702937116074801
0,100001.0,250,666,0.3721221758293648,0.3313502786808655,-0.008446607789686398,0.3385711552473133,-0.2617904410961696,0.3481409004284222,0.38421732137827785,0.032557860654754765,1000072,0.037192464874159385,-0.04917272384417813
0,100001.0,250,580,-0.5306874960857514,-0.4513999681264163,0.0006320116900365283,0.19460265495673168,0.32949653579101745,-0.5745270793639543,-0.09661073576749696,0.0397063915485991,1000073,0.04947256672042625,-0.6440652947047163
0,100001.0,250,633,-0.09590301650518022,-0.4411751118829771,-0.0591828162475768,-0.2636141608169147,-0.168277382444833,-0.5067811112048091,-0.17444362857321713,0.040347036599326855,1000074,0.04683411063609275,-0.5407049988707731
0,100001.0,250,647,-0.311119163333776,-0.06553489329815529,0.010282471497204524,0.2929123872627425,0.2312458986824513,-0.26923823260491425,0.06310427602442767,0.036455426362252304,1000075,0.04433229758066145,-0.37904665260284603
0,100001.0,250,504,-0.8473665671852535,0.21993794640469652,0.07965099382269948,1.0709848897065068,0.8273555321247196,-0.3847925813162499,0.050882780008948886,0.035248186580177414,1000076,0.04382590847260008,-0.4220521746083804
0,100001.0,250,516,0.10868651506927476,-0.6386600575445319,-0.10234264240782953,0.5314844034622026,-0.4590785329914931,-0.5756659066440623,-0.2271610591497618,0.04156921720567687,1000077,0.050067727570364866,-0.7880394194524001
0,100001.0,250,606,-0.044560424219734,0.022494054466956973,-0.010832751773344392,-0.010473581092553905,-0.014133804111433909,-0.12218727893818253,-0.09228331446376027,0.03931495415825118,1000078,0.04416423672956447,-0.3564709365645415
0,100001.0,250,564,0.3564881229152112,-0.13287015745758185,-0.05931880092638294,0.32233633810898865,-0.4472681012153405,-0.013873743492513151,-0.0242707804269181,0.037732520038312255,1000079,0.04495599655697796,-0.4721236754338158
0,100001.0,250,625,0.3436133725526529,0.7346615676817637,0.03774316915312778,-0.2574744953412399,-0.06677539851263037,0.6311141331580871,0.3314162618342073,0.03238599559528435,1000080,0.038260961735505084,-0.08134931619545363
0,100001.0,250,613,-0.15308760115541273,0.14417458300826286,0.03560444456673087,-0.014935165159989472,0.2310816932221612,0.07499819847530469,0.28360084324983603,0.032584691737431705,1000081,0.03899504047043713,-0.1626030848723209
0,100001.0,250,591,-0.028208450086037,-0.6255004957094583,-0.08197699368930013,-0.47923409537868394,-0.2972892544089734,-0.5875936809084856,-0.04389396781794203,0.03734404117711538,1000082,0.046305260141249256,-0.5276568494081981
0,100001.0,250,613,0.1945866234908538,1.1378407220480191,0.03154300499586881,0.8550495879553223,0.0012171476710088208,0.4264920039605829,0.11016785731768328,0.03235624344309559,1000083,0.04047008510901951,-0.3140683627426227
0,100001.0,250,635,-0.13126401160871168,0.17244187018079027,0.013244229503917643,0.4174262114167864,0.13178003523826848,-0.05308239991914649,0.4247638373796555,0.03140822320331222,1000084,0.037869999730377225,-0.0109792301584278
0,100001.0,250,613,-0.5889964628004516,-0.1446582056587644,0.030120237639327505,-0.014935165159990356,0.4786648019429793,-0.4375620785657925,0.09186443294770028,0.03515451383698567,1000085,0.04322927811281372,-0.3035903714277792
0,100001.0,250,630,0.0701165136037187,-0.3253746073617593,-0.034949455713239784,0.3245433235225255,-0.1774781853471189,-0.1610806438524193,0.002268759055199602,0.036963237565647185,1000086,0.042916867161426016,-0.3271822442087708
0,100001.0,250,625,0.5606362165229953,-0.14409940330497878,-0.06292142071829525,-0.5317831357414615,-0.5872113988903738,0.18363534162656228,0.10013809994125226,0.03448023453853225,1000087,0.037856771331836736,-0.04471749637663009
0,100001.0,250,540,-0.3493950576166032,-0.3611121797338194,-0.005481988042414548,0.29897879731064475,0.19433540937591706,-0.4184525290999847,0.01812496461396864,0.036264163353164534,1000088,0.045473396339093586,-0.4842851247030572
0,100001.0,250,479,-0.7054789107172378,-0.5810657235838768,0.01929051430226164,0.9715120039891856,0.5086954107816121,-0.6396256624544983,-0.4321433272917388,0.04668303281192242,1000089,0.05317503102942467,-0.913831205392042
0,100001.0,250,601,-0.1898545118855395,0.2550565429090711,0.0364849460334154,-0.17470935578668853,0.2570879272785384,0.04082804015970287,0.322718558931885,0.033265103424450486,1000090,0.04071015958729168,-0.1551427032572818
0,100001.0,250,684,0.33392650481871616,-0.3070195998030957,-0.0462581844377878,0.05242615101077866,-0.38366600470710654,0.04931483757363933,0.2273331686367673,0.03183199784113746,1000091,0.04101077796631058,-0.2528287145748822
0,100001.0,250,544,-0.5700126761972972,-0.2970597850951249,0.027577774507556583,1.0783683436161822,0.4570651801536435,-0.4347644484179279,-0.14229115629877678,0.03893742123920902,1000092,0.04262169133864981,-0.30103609833565154
0,100001.0,250,543,0.1156130407728274,0.6105839018119735,0.04068668216243131,-0.2455251460652196,0.08473543468923674,0.4023027096433705,0.5305030029613462,0.030527308635658737,1000093,0.04125121500906477,-0.2326850877677891
0,100001.0,250,652,-0.15737239005134282,0.6512980003389945,0.05493364455149104,-0.20087927503545702,0.3081130122515818,0.20190265523639114,0.18243817906080886,0.034753851700143584,1000094,0.043197810913204335,-0.3201512459487018
0,100001.0,250,660,-0.08830445227663829,-0.4788497572413779,-0.050611004979881816,-0.1497031809907085,-0.1401289514798116,-0.4403324577808098,0.2313726800688944,0.0335536742697644,1000095,0.04397163792858296,-0.3439097904669144
0,100001.0,250,563,-0.09433353738369599,-0.24299992882442126,-0.02538503333528162,0.3960610907952866,-0.03923648286627695,-0.275261543623033,0.06193576560961213,0.03509039590069267,1000096,0.04564532417540376,-0.5123634297589036
0,100001.0,250,621,-0.4380722390487348,-0.4934944785768278,-0.012544105080602842,1.141302832998713,0.22179247657532786,-0.5628640162755539,-0.4627352926482591,0.04566778279370588,1000097,0.04722150249744498,-0.5698987353233662
0,100001.0,250,570,-0.08823689230861309,-0.2274388290651348,-0.04652852931548943,-0.2816029875757541,-0.1241321631110745,-0.4121948938935858,0.1486192159884939,0.035191279875852084,1000098,0.04139973003355773,-0.2632027282728112
0,100001.0,250,625,0.4337682322051027,-0.3896761076626323,-0.08656446927442436,-0.1965170196967453,-0.5998473255079767,-0.11535299770808875,-0.25237237258307965,0.04152708522479627,1000099,0.0471392794610065,-0.4598094469211052
0,100001.0,250,501,-0.7785785709765614,-0.3342393832314027,0.024150747068215243,0.18513218714233395,0.5723988235511986,-0.6861705405227023,0.02307594114925001,0.037550305279390184,1000100,0.044201765857874616,-0.3978911735671906
0,100001.0,250,528,-0.21245927083040425,-0.19242966584968202,-0.017068113080996726,0.1964379762288576,0.06554082546476908,-0.3476760718438608,0.04708233289300893,0.03623160357137969,1000101,0.04496436481056989,-0.4728798565617287
0,100001.0,250,532,0.14191578063083896,0.19221939110466985,0.005676918355698455,0.0642452041171102,-0.06571299845860645,0.19339106294484704,0.23752850997254601,0.03275239500606205,1000102,0.043027798801317296,-0.3160022793891083
0,100001.0,250,529,-0.023585378295308792,-1.0954691344804877,-0.0971156802193227,0.3340215244175635,-0.3576635796547485,-0.6847328992157244,-0.20927401810619656,0.03975030795681359,1000103,0.04726683230618326,-0.6275643455144648
0,100001.0,250,610,-0.4656520792018216,-0.11638294762891713,0.032808526716367026,0.15645825139319275,0.4129666435488853,-0.28482924810340743,0.2039379096479924,0.03462436894364153,1000104,0.04009862764842362,-0.18063164593252654
0,100001.0,250,586,-0.19761213836408945,-0.326215700102216,-0.027610853494313317,0.5830562675024443,0.015816369143002683,-0.4030556838612331,0.11705221046262987,0.036224272247741295,1000105,0.04235476307617191,-0.29534904589965305
0,100001.0,250,601,-0.09824771483965683,-0.14746712764297512,-0.002179194330334712,-0.11133636483805473,0.052182901727924134,-0.12194128767679956,0.18327253676461752,0.034427376434666035,1000106,0.03679703811495042,-0.029072458809875287
0,100001.0,250,609,-0.5149203016203991,-0.9731413187713316,-0.024594479743138102,0.7247608596220322,0.22289516909239512,-0.7285691336037313,-0.2257144671295105,0.04040429708910079,1000107,0.04679019267622224,-0.6041194124826357
0,100001.0,250,631,0.7948381559743034,0.4746616243820338,-0.02411684718294047,-0.4658833120925897,-0.5824891908373583,0.702620372888509,0.3233486853714253,0.031566975052085285,1000108,0.038150462283630886,-0.026673962895693824
0,100001.0,250,633,-0.1630911457479551,-0.041369925984999126,-0.0040912285361613294,-0.2034214494797551,0.08478976034867729,-0.20560289135568385,0.3439210005904591,0.032723877968012405,1000109,0.039389516830207416,-0.10385567076218186
0,100001.0,250,545,-0.4691040286925694,0.05596129273248197,0.02291222559288073,0.44221746017271457,0.37698346425758106,-0.356320657812915,0.1056206512217385,0.03459207930594658,1000110,0.04238771725271204,-0.3736483109656741
0,100001.0,250,643,-0.224466380732495,0.06721778876081053,0.013728643967454792,0.225254894814612,0.1910857158192331,-0.15136948503766814,-0.0026533313946433988,0.03781966575981345,1000111,0.0502675900959076,-0.7448644639418809
0,100001.0,250,573,-0.4353464487557714,-0.21554777323892246,0.012173902873534679,-0.06392084855746097,0.3150245227484835,-0.3921954282797745,-0.22338812373465836,0.040993751681664616,1000112,0.04440695332650251,-0.4237511510116077
0,100001.0,250,602,0.5142865795292698,0.4057340046847637,-0.018526019589595242,-0.053069683306373364,-0.38808354285949015,0.43495477999553867,-0.034576740746356666,0.03673634272021818,1000113,0.03796977713141851,-0.09894860164841457
0,100001.0,250,603,0.006451055077846755,0.13089161237687227,0.006161605769235599,0.8577247599282135,0.01968230137738749,0.04889459563675831,0.1880547942951816,0.03542869589139233,1000114,0.03725212557369749,0.057025539251015736
0,100001.0,250,682,-0.15253472589237665,0.39098519470427934,0.04391307590020841,-0.3574889748037999,0.2628626167199588,0.13239831533871582,0.4332337805296547,0.03174838052020654,1000115,0.03539438106850774,0.09579702473832016
0,100001.0,250,665,0.2895480305134028,0.14044445813485673,0.002949507846236348,-0.4873132479353067,-0.1670939988634954,0.33563029405235795,0.11981988126119733,0.035237522671330505,1000116,0.03753554858962547,-0.031199374445518492
0,100001.0,250,626,0.056800305337364826,0.12284592164179398,0.010408995460196902,0.011819412597116724,0.004980960166459872,0.13266309054124034,-0.03727144855294736,0.03692569138032205,1000117,0.043860493818592326,-0.4406352025688101
0,100001.0,250,569,-0.06464119917537613,0.4166798160664656,0.01209556685161215,-0.4104263932438569,0.08624569468171259,0.01162015562768432,0.1801638951289293,0.035845132476513414,1000118,0.04420416589218025,-0.3316412188377325
0,100001.0,250,600,0.5746129135565594,0.22834965329027304,-0.05012671649054853,-0.2650124705054549,-0.5465861288015248,0.2860778154583312,0.4319603451174929,0.03116873759648225,1000119,0.042233632909622836,-0.3481579888570098
0,100001.0,250,549,-0.4920523414824968,-0.2836602903775693,0.015348927768330191,0.27764547024693553,0.3621323789068574,-0.4326650564017797,0.10921964901998542,0.035574556289674805,1000120,0.043222090054581316,-0.3659322312394325
0,100001.0,250,655,-0.18457829792022026,0.27385733524880673,0.025083726355616627,0.19302481150658876,0.2101588953192625,-0.030660813365022632,0.1777430443437632,0.03514179074473646,1000121,0.046375227250540135,-0.4744986840632261
0,100001.0,250,565,-0.4311890021834411,0.06314232671509956,0.029991681281666682,0.1814925228234638,0.3808090382216504,-0.2667301765470678,0.2347958293974262,0.03264343019577143,1000122,0.04667730887929316,-0.6126409051509375
0,100001.0,250,536,0.13757238483272405,0.21585012815174065,-0.011042844389089604,0.3954562094352554,-0.1271247157870773,0.0751781239588198,0.2321991847530711,0.034635183261023016,1000123,0.041882515771538606,-0.35171165649136843
0,100001.0,250,665,-0.0782580489108238,0.2420295143191721,0.010101996661976404,-0.2293895310258948,0.08706136247685453,-0.01660902488435928,-0.007544848009921013,0.03700394593167725,1000124,0.041783314039321,-0.2953550411448186
0,100001.0,250,636,-0.11183802723645496,-0.3107871278838819,-0.017516771634299183,-0.12733316655140467,0.001619002630380415,-0.2409751445357275,-0.2768792930423499,0.03948521149342277,1000125,0.04845834952714082,-0.8447738483468107
0,100001.0,250,592,-0.22310298114295574,0.2845046378509967,0.029693754047312382,-0.2585519921167749,0.25148352551044034,-0.041611140562735835,0.03843152639848869,0.036279952861815096,1000126,0.04330449605691037,-0.3100702108078308
0,100001.0,250,483,-1.0737740564675882,0.03105568510897644,0.08444238905619147,0.11130978530070183,0.9850714344023688,-0.6000367035742975,0.4821149018289631,0.031155519040911163,1000127,0.037782224170500436,-0.015285429044791916
0,100001.0,250,604,-0.29813279615328697,0.09717727521991196,0.02280582436016533,0.6619653219954691,0.2713044881566863,-0.17016051374920926,0.06854000443730665,0.03707444049457258,1000128,0.04080333430496176,-0.2769336977008967
0,100001.0,250,653,0.3999323383404133,0.6046239624964854,0.0035565055811399298,-0.20535708785836732,-0.23279091517274936,0.4601014027858312,0.11034045834858094,0.03664024428389378,1000129,0.04278028170425421,-0.2785109388186072
0,100001.0,250,616,-0.4329176205703051,0.15645559414229684,0.02964535503217932,-0.803085713635727,0.3806578534343455,-0.27058604467965786,-0.1093781346829816,0.03947086481880195,1000130,0.04004959931893473,-0.2345656795711404
0,100001.0,250,521,-0.31123026736245224,-0.507922910975111,-0.045445301017966566,1.0806491552313728,0.01770377276111493,-0.6480095075082748,0.06033143608446787,0.03619568537541702,1000131,0.042810698576619406,-0.32339111986662195
0,100001.0,250,659,0.32037652058285504,0.0495320737774505,-0.00533480180227028,0.028314954208739487,-0.21793851013119928,0.31292325887298544,0.1770680029852075,0.032958359313326656,1000132,0.04110930006797118,-0.3251182927178454
0,100001.0,250,667,-0.0967284549285342,0.8969156827334926,0.06976892095734061,-0.3237921600945505,0.32783099194865284,0.3689506429872307,0.33810367252530543,0.032313182348160975,1000133,0.03642572713996983,-0.01145054416305838
0,100001.0,250,584,-0.09196218898551363,1.1325186296994336,0.0653943159119431,-0.7735411565768828,0.30765764127521544,0.34384714095771884,0.1645695892273496,0.034060694149664984,1000134,0.038913893520666105,-0.11115176056826566
0,100001.0,250,605,0.2377635282028092,0.4195252678487245,0.0040211048136319025,-0.2886382955579606,-0.13109200240378216,0.2865851857691391,0.3338705036444154,0.033114955445688724,1000135,0.04148820928063037,-0.2765402211808086
0,100001.0,250,647,0.4552305195916284,0.3941188068235689,0.0034171902108562345,-0.4138822984634653,-0.2674076720360535,0.5194509650806773,0.5310318196465738,0.03079305232299858,1000136,0.036557130713642916,0.018995392547700763
0,100001.0,250,647,0.2190216480457407,-0.19420425324887586,-0.022540649627928133,0.027864380115414658,-0.22159847522934767,0.08552160603790226,0.0776780465013651,0.03551623432233221,1000137,0.04113279060696815,-0.3158277624249817
0,100001.0,250,666,0.4270583482936558,0.762978461465922,0.030738047621930564,-0.2909689554995529,-0.14500413195078005,0.6744362056424144,0.1464013343293271,0.035572397115343095,1000138,0.04131957673375848,-0.2792679972754077
0,100001.0,250,537,-0.038955025573792365,-0.6781275620294246,-0.06559280953197044,0.5660707279115008,-0.2274334703814817,-0.4876620713784451,-0.1009486831947736,0.03793413609162174,1000139,0.048197207743923116,-0.6003095605345647
0,100001.0,250,640,-0.0997702425398622,-0.12573468165660587,-0.02309779148010946,0.4493291844633533,-0.02726868331598865,-0.26575612934164144,-0.6069455301142233,0.049621147949946987,1000140,0.05166097326487615,-0.677063409812868
0,100001.0,250,570,0.4269430214457733,0.2401142636885948,-0.012221912115975873,-0.014436359197778763,-0.31002734029785645,0.3827213188237664,0.16040339019161967,0.0353069227291339,1000141,0.04590440025570289,-0.4651709293248471
0,100001.0,250,610,-0.4477125020634,-0.09556323209699356,0.004977914672071465,-0.12454454872338833,0.2950363532204313,-0.4543588267547321,0.12332820140476218,0.035943560967410026,1000142,0.04297427213284191,-0.23306029519319355
0,100001.0,250,543,-0.22888974604317144,0.1001233724542116,0.027304817072282814,-0.03527147944968353,0.24576430372086186,-0.06441989941582038,0.11333913996386072,0.03366860562313501,1000143,0.04096002779446229,-0.19152766217701936
0,100001.0,250,597,0.08074199715694128,0.27905450231287543,0.01618818885448944,0.8019576728906352,0.012386518278364856,0.1980187057985882,0.2547702665408778,0.033574720210664925,1000144,0.042675961375353504,-0.4336985579359858
0,100001.0,250,606,-0.2735067428817988,0.048687296536710285,0.024703548707214286,-0.07332768169713008,0.2634178750733281,-0.1304042535682235,-0.1944989036363241,0.042454264060851725,1000145,0.04552987261370671,-0.5567087743083149
0,100001.0,250,579,0.16163114842788642,-0.3257295447148316,-0.051270235555331896,0.10168319032245847,-0.2963656477256714,-0.1718993343429548,0.18318427138133933,0.033813634772446005,1000146,0.0422720588934927,-0.33596417793731703
0,100001.0,250,709,0.4891665415621985,-0.08313395941342208,-0.05370055209978654,-0.059608436573851765,-0.50802681227817,0.16768595520593066,0.2299649883231158,0.03390781565821273,1000147,0.038493010884882516,0.00551745448468713
0,100001.0,250,648,-0.002623892799084051,0.3019107580887037,0.015106643978571943,-0.2122354629205732,0.05967335471538525,0.09982989198546853,0.13518824525509351,0.03472485768500951,1000148,0.04032679103510819,-0.2501478599790501
0,100001.0,250,493,-0.23431745919617186,-0.08385110628023887,-0.010937691084497141,-0.4554574483799326,0.10256238312221627,-0.3299953289541553,0.2647247382079821,0.03428118485081666,1000149,0.04040706159265902,-0.1910414495088805
0,100001.0,250,578,-0.26161217967608785,-0.13610070352333015,-0.016329335170616386,-0.18917900660043105,0.09857385425595408,-0.3962411095691294,-0.23299530850405925,0.042068843211434614,1000150,0.047126498826848585,-0.4837356527328587
0,100001.0,250,683,-0.13367916618380546,0.1328217061047108,0.0008591431658479988,-0.36154369695755456,0.08568140808773722,-0.1398341208597202,0.03365936605932357,0.03540101265276157,1000151,0.04067356382049939,-0.29061125046803943
0,100001.0,250,590,-0.024355767959405382,0.08035642719952818,0.006400060763712643,0.2997932037694993,0.03957713335918293,0.016909708879186712,0.07929548264330477,0.034904499941902666,1000152,0.044233913212457135,-0.3968944784539427
0,100001.0,250,616,0.21159537096219935,0.5127238321483829,0.01831138116645788,-0.7721650128453477,-0.060075088566619986,0.35513270728573704,0.2385235489868375,0.032870900799504554,1000153,0.03996983063110629,-0.1428545253951604
0,100001.0,250,584,0.033607232627117435,0.5484735239174555,0.02529347207529175,-0.2845174952676467,0.07636257889189807,0.20844244645754745,0.11800877567281662,0.035347303191259664,1000154,0.043230711356725855,-0.3183444781431467
0,100001.0,250,611,0.4462656379251365,-0.9547214718900344,-0.10601233496912378,0.2757818288611289,-0.6821424557052899,-0.2336953942674149,-0.2823553602500389,0.04067231128584668,1000155,0.04748884365601644,-0.6734362034772717
0,100001.0,250,649,0.04586104062460206,0.481741442795177,0.01924543232369729,-0.5396796894602641,0.045701313733062125,0.18081560830941174,-0.01964900374084828,0.036196057574951736,1000156,0.037624079578996016,-0.05525664421694721
0,100001.0,250,560,-0.5148007513791248,-1.038099448740477,-0.05780575621443273,1.5704455552753789,0.0955630114214226,-0.9540662390220609,-0.3108594165930134,0.04207034121718122,1000157,0.04751985273263937,-0.5837036623834064
0,100001.0,250,683,-0.051090704053526115,0.4988807741961505,0.03927270515758388,0.2803413288407221,0.18250758698645528,0.21139478485785845,0.4819469216184936,0.03265453781040169,1000158,0.0364058056926304,0.04085404015904018
0,100001.0,250,479,-0.2688648042565497,-0.8145714560127894,-0.05978148736995146,0.4160018016921147,-0.0630229037194832,-0.6988545872937912,-0.5537749239270838,0.043641931043878715,1000159,0.05177420713759616,-0.8213243305894943
0,100001.0,250,603,0.0033105604540973822,0.6289475146030858,0.03940655611953076,-0.5950566719049607,0.14926483208263788,0.2713256558453018,0.4733986371468835,0.03082810948591413,1000160,0.03545397989808697,0.09966535647782404
0,100001.0,250,683,-0.19106940512365106,0.8008929524011553,0.06689951110296874,-0.668532187556729,0.3750064372982553,0.24672704180436586,0.3122705748307604,0.032445743887602525,1000161,0.03763828914588038,-0.0135444938802116
0,100001.0,250,657,0.12433792962203362,-0.1773479826623714,-0.04430169981925007,0.2699467456590528,-0.2469079533624607,-0.1656575741817574,-0.3082039095874183,0.04270057899090154,1000162,0.0571415480963982,-1.0174477583343076
0,100001.0,250,703,0.3654379491964955,0.28859072483042103,-0.011791391569138486,0.156393090652186,-0.27054918862663463,0.3179762376429559,0.10593654427642624,0.03558961821165677,1000163,0.04177866122312585,-0.3130997409092892
0,100001.0,250,583,-0.1608029535503608,-0.05290401939270939,-0.003859362016178068,-0.5735621188647813,0.08429326240755633,-0.2015938079082613,-0.003998397475862066,0.03904309058636643,1000164,0.05187009899179261,-0.7059263207594568
0,100001.0,250,660,-0.017235469019293934,0.15772006721239756,0.015796750854701926,-0.06308185461067049,0.07134338412612025,0.0886109891876047,0.2287606841256593,0.03240749185165022,1000165,0.04102929098165288,-0.2625024251093472
0,100001.0,250,560,-0.9870001741316212,-1.3701111807451762,-0.02804272701365481,1.4005092308249518,0.5007589423291446,-1.2671290782014262,-0.018586553923422136,0.036555496178261405,1000166,0.04864662384683044,-0.6422863976306485
0,100001.0,250,551,-0.3669257581098744,-0.5420468362259071,-0.00520931464469944,0.3343990425451628,0.20617580542913924,-0.4356881294796046,-0.2865776974055049,0.039649428929746544,1000167,0.047628772744563605,-0.7258565752007009
0,100001.0,250,551,-0.155121679911668,0.19783441552303266,0.021751030038063158,0.2653235238316582,0.17902008648230536,-0.0215901042023998,0.3409900643416025,0.03171483588312195,1000168,0.04159525463036706,-0.2177423900750483
0,100001.0,250,697,0.0770007364466236,0.022541519698101014,0.02015356858803916,-0.2529890365161281,0.0300692750394654,0.22097640199115895,0.003225978859381107,0.035694454388010464,1000169,0.0439517208619424,-0.4451491505855516
0,100001.0,250,567,0.5366303364620809,1.6234331381760403,0.04412563856377997,-0.2330011837780097,-0.1614572419669504,0.884993122931543,0.006348444837147863,0.035242924940365176,1000170,0.040516906335017484,-0.3335970886691172
0,100001.0,250,498,-0.4237247133544209,-0.3845960511556236,0.007895362253198562,0.5868061855081891,0.2914174360112446,-0.4090484635899636,-0.09194713714513904,0.036738059474165176,1000171,0.04813048720938341,-0.7311393419040956
0,100001.0,250,472,-0.8906628170891356,-0.25828665903695136,0.052299702586576055,1.4345969436639827,0.7491208447042816,-0.6182398326001182,0.16648752243648365,0.033607669097728075,1000172,0.04391954362805511,-0.4185126299521806
0,100001.0,250,658,0.0731635334182792,0.20642484490493865,0.005627593345215583,-0.14066067204325125,-0.023455668299478174,0.11800384565845612,0.0592673129014278,0.03597986775771341,1000173,0.04144757901721239,-0.2664713455856733
0,100001.0,250,553,-0.05913176518577683,-0.3228843465528592,-0.018282244338585697,0.3563316364693281,-0.03366767516454392,-0.18862187369706507,0.21492431836231315,0.03423656311068027,1000174,0.04248200604367959,-0.3708046428601844
0,100001.0,250,576,-0.38010702856755785,2.1700554139657133,0.07934413268598124,1.1760850575594846,0.5387290544029244,0.12422716972319164,0.08090245039032354,0.035505778687790784,1000175,0.04377153115424171,-0.535105659302717
0,100001.0,250,578,0.10209532446356652,0.2875835273607494,0.022613061052730626,-0.7161757576361697,0.02385246062617439,0.26492710947277504,0.2531162422396726,0.03336819418436208,1000176,0.037124758548510814,-0.009803606619787202
0,100001.0,250,600,-0.3139732318580269,0.2965182813925428,0.04752239201964618,0.4332433166601627,0.3759556063653686,-0.01954560693375638,0.13597199855011105,0.03324274469084812,1000177,0.04710813423656473,-0.6896736677025298
0,100001.0,250,674,-0.25774698797110024,-0.6785298491276971,-0.022125273467300758,-0.2115084551092417,0.07376402994384257,-0.4313438789628822,0.024215016137619682,0.03718409396972575,1000178,0.03961452037292662,-0.18192705995464298
0,100001.0,250,566,-0.472882297372407,0.8854454322383046,0.05681723338811937,1.2854492054276514,0.5094190654790159,-0.1300596038155515,-0.10194237772921567,0.035553084978391894,1000179,0.04580654817225225,-0.7580914594045711
0,100001.0,250,705,0.15443087329086633,-0.01973038837060579,0.006545603113962457,-0.285599249674892,-0.06998284308771659,0.21278818065269306,-0.04796538738294733,0.03735297901945775,1000180,0.0456313865767304,-0.4681104178005991
0,100001.0,250,551,0.5116924798419891,-0.09682291103003517,-0.051086853584161145,-0.28728062587638586,-0.5112886950772885,0.21147901828862026,-0.05832787182525988,0.041620082718254015,1000181,0.04686511701454775,-0.42280290335810666
0,100001.0,250,643,-0.13811401264613568,0.2316071923175397,0.020027405205002,-0.10069339211787004,0.16207447424159574,-0.014424079472493485,0.05582647488384454,0.03531608881848755,1000182,0.03916093558784494,-0.10026569905464436
0,100001.0,250,596,0.02472891032709444,-0.43104452289085454,-0.03663048662589425,0.4570771104601949,-0.15586489243593346,-0.22186360747159672,0.07113476134053258,0.03637267471908066,1000183,0.044965896530528425,-0.4802125843493194
0,100001.0,250,653,-0.2718353532309363,-0.07562289363184557,0.011156626163017491,-0.2345381891467803,0.2103998934290778,-0.22045531934908516,0.017336091652058384,0.036290169326946536,1000184,0.04004169690466117,-0.21545609077646216
0,100001.0,250,695,0.22478034758473325,0.37012737589803735,-0.0019135369081934766,0.11186211694662826,-0.14587534819258832,0.231918687447206,0.006919928760373085,0.03788995179152582,1000185,0.04274069476429228,-0.18553515193989675
0,100001.0,250,479,-0.4709739411041609,0.05425871977706812,0.04919479835759461,0.9318327038251092,0.4785709232513018,-0.1808258662537168,0.2888556221724449,0.03290212349113486,1000186,0.04161953543591795,-0.3114258468447168
0,100001.0,250,600,-0.03753200140479149,-0.5143309807796664,-0.03988864416418735,-0.20153467167221728,-0.13001518688265695,-0.3119075229189967,-0.021713777001814264,0.037957516666180205,1000187,0.044897289307656865,-0.4542499355992977
0,100001.0,250,646,0.035253005167117435,0.5443965880430444,0.04952912692166963,-0.6161489553387081,0.16861320042195324,0.3751023400386697,0.33382642252554795,0.03321616710321697,1000188,0.03901027686265108,-0.06622181569449488
0,100001.0,250,453,-0.3239239093235336,-0.2482296490773409,-0.012833205957499184,0.7860835134514279,0.1506274611520441,-0.44081119205774616,-0.11136421015944352,0.039544707178864665,1000189,0.04617949978281245,-0.4960078006706042
0,100001.0,250,620,-0.20951564528539687,0.3609863363921633,0.034779446834401866,0.8716615585774993,0.2627074827479673,0.007902088396871945,0.27044543540998184,0.03367811938188522,1000190,0.042574704798738615,-0.3117198556257492
0,100001.0,250,640,-0.16173602799429945,-0.3910836740246999,-0.02864990706544428,0.3302509579695645,-0.010415434874544851,-0.37104327994937397,-0.1135076462483461,0.03611139521299685,1000191,0.04631673376402752,-0.7108755902198396
0,100001.0,250,664,0.06363827230253358,0.5302311718331187,0.02381417813205317,0.262889826941385,0.052330440803071365,0.2312711829070293,0.15356128284244333,0.03565111085082708,1000192,0.03960495843468112,-0.10473859139748604
0,100001.0,250,558,-0.5810789235992159,0.097853446325658,0.03831653934223488,0.7345076766087992,0.5051048447131941,-0.3737916198947424,-0.10837171826900686,0.039009851723609976,1000193,0.04408594393025065,-0.3817958954201805
0,100001.0,250,569,-0.052693932047024016,0.015164600174616481,-0.007148373321888697,-0.10933999494240686,0.005051352468282759,-0.10601877416328567,0.09232479973811213,0.034707179295392125,1000194,0.045111051859350375,-0.494560330286332
0,100001.0,250,574,0.038721172956955006,0.620233351347928,0.04904471881540767,0.16290818090396342,0.1643221179499212,0.37528764213267424,0.21315319550097425,0.03266351849308464,1000195,0.038836991591558255,-0.1493491072462898
0,100001.0,250,632,-0.10939873926224604,0.0806263147954522,-0.003170037094267657,0.4643598823038641,0.055240266528732346,-0.14080891786082336,0.22944336930963055,0.03349859382775719,1000196,0.043711579979773874,-0.3062284545764627
0,100001.0,250,694,0.5423631816178607,0.5686776538218694,0.0024490907116369192,-0.5427228278475527,-0.3247985122794981,0.6076501356254806,0.4425709687444392,0.03025102048434305,1000197,0.0400612281799269,-0.20314258520648887
0,100001.0,250,493,-0.16708068352251965,0.2758780370729186,0.016952672049076446,-0.0312640792480631,0.16789173265219615,-0.0674643913599141,0.5646680832439075,0.027592565486075023,1000198,0.034921127059888715,0.09994474718851364
0,100001.0,250,670,0.22461683864951007,0.24038292396839656,-0.011613685501441456,-0.3363405535485344,-0.18306894640098775,0.16583271716732656,0.16032834153977354,0.03424496430011975,1000199,0.040365818111154285,-0.09210773780376397
0,100001.0,250,623,-0.041654583255176916,0.3659436647203827,0.03157696340267395,-0.03424016549925537,0.14696466158308075,0.16916762284523248,0.4741723670422531,0.03159668790624943,1000200,0.034721018067306465,0.13325752510125874
0,100001.0,250,703,0.2034074379076516,0.43416570523175263,0.014723547495456598,0.07503517018703063,-0.06870536697354354,0.3217794753707245,0.1603852052573235,0.032453538702970186,1000201,0.04251568485925268,-0.3440746706373445
0,100001.0,250,622,-0.10987704638852604,0.20260975673092266,0.01793682366095198,0.1850976114572161,0.13661267183226247,0.0020925849917947828,-0.3170924163259843,0.04255977773063722,1000202,0.04925495700970265,-0.7432855348338748
0,100001.0,250,637,0.13979561523308184,0.4778139579293474,0.034190453374584914,-0.2217634736086036,0.04521815741209121,0.3847800130116488,0.5414995912406578,0.029265358926746414,1000203,0.03724731978280976,0.08031709187127313
0,100001.0,250,652,1.1008698293295027,0.6811486678989861,-0.03585031164250207,-0.6392623729832113,-0.8162038181004571,0.9562408345837492,0.3016777274734683,0.03288851224158309,1000204,0.038473247830029804,-0.17073773122431996
0,100001.0,250,620,-0.007287402721327544,0.2247519544146062,0.013016981120680015,0.04214864560705638,0.054489006255378086,0.08050834315143637,0.028133831568034343,0.03628193855265488,1000205,0.04669484389169582,-0.6266647216097418
0,100001.0,250,538,-0.4912956246002814,0.5260896958380915,0.0527693903125099,0.2763094031538746,0.50510611132124,-0.17796213356490173,0.19155453628093735,0.03480342392931012,1000206,0.03781847486117583,-0.08087156450860238
0,100001.0,250,536,-0.09274316976530332,0.21072627813320394,0.009401390452445552,-0.2434714230807893,0.09320157260939683,-0.03739972743577418,0.19250173613776905,0.03369518554928125,1000207,0.04000181868914865,-0.08987665502443562
0,100001.0,250,687,0.33939326344497217,0.8129917710971769,0.04602694382332948,-0.7383517622966971,-0.032135213218698784,0.6828587297147595,0.4165509602620309,0.03083037202925393,1000208,0.04063678885015266,-0.19054152104103933
0,100001.0,250,555,-0.5707382910033468,0.07414981057778762,0.03728818525883683,0.6181438374895502,0.4947780314089651,-0.3695246889466584,0.19241944810891504,0.03362505885066622,1000209,0.04351936489877331,-0.4006949460827679
0,100001.0,250,490,-0.3125828580311213,-0.6173330712897186,-0.056489505787289875,-0.5943290646006549,-0.0235611381660182,-0.7243177353962872,0.1916476938382724,0.033486603418504936,1000210,0.04410685592635346,-0.5138102081388066
0,100001.0,250,646,0.18793139534098316,0.2969832777393007,0.010716068813935213,-0.35069359639337416,-0.07463323561633523,0.27769810985602256,0.17382933947599885,0.034747891968155135,1000211,0.040017746459984835,-0.12436512646211988
0,100001.0,250,606,-0.4797667731425676,0.2731307106607307,0.05252093765527245,0.46093217344177606,0.4973487630500498,-0.16632549827679285,0.30949490237410665,0.0315431109480813,1000212,0.03676369314268962,-0.006068337409832278
0,100001.0,250,625,0.25525487374010297,0.08312861287623816,-0.023099516948273592,-0.07460206840775813,-0.2460413802150845,0.1213128102222545,0.21127582897259747,0.034749589572647094,1000213,0.03995169021559702,-0.11374491757658775
0,100001.0,250,666,0.5438899780257753,-0.2958080063282496,-0.07960440376260883,0.05241655945328291,-0.6411987029858596,0.051537639634555515,-0.2565176290216966,0.03882534431461394,1000214,0.04332194090629228,-0.4356177773287162
0,100001.0,250,639,-0.10060379329724922,-0.132750205610289,-0.014839258105732285,0.39528295044951456,0.0049797083315603575,-0.21053114063293324,0.0763407839038387,0.03498612041734471,1000215,0.045003886513797116,-0.4599843574181776
0,100001.0,250,594,-0.2557273111496235,0.048045478591557576,0.013154775094056052,-0.043798551008804455,0.20810443568797668,-0.18952529428733192,-0.031657243682577045,0.035850145449834545,1000216,0.041371219645607527,-0.2514942418597512
0,100001.0,250,635,0.2814426283227748,-0.5112768428797815,-0.05975532443336772,-0.6926572104127461,-0.4030324213769632,-0.09931623579856194,0.2452912193155408,0.030357761404804763,1000217,0.04152702977809858,-0.37439028273841735
0,100001.0,250,576,0.4028563565920293,0.11275650375616232,-0.03723918819140088,0.1845626989506646,-0.3911835932240358,0.1865207896915213,0.08484030097478491,0.03534036410563556,1000218,0.044285465238092944,-0.45974420481879
0,100001.0,250,666,-0.034257879213585286,-0.3067499190183021,-0.030757248760247963,0.6819566702001495,-0.0971311074021211,-0.24645938940741985,-0.2532171897962503,0.04275340838476924,1000219,0.04811766936845092,-0.6057856157826067
0,100001.0,250,571,-0.4830465481668729,0.5116740757617456,0.06628436530185636,0.5468669649618254,0.5520311018144656,-0.07680349132198704,0.31003080043188963,0.03131959176755472,1000220,0.038029717436052435,-0.12628244737530026
0,100001.0,250,699,-0.010232462761336868,0.3724584107184599,0.025100958086408415,-0.4248519093170071,0.10285731044496214,0.15957665607860094,0.14705727570735969,0.034704885435439405,1000221,0.04423101333322866,-0.43107077912696573
0,100001.0,250,519,-0.8386541454992874,0.045682203338428366,0.06583955568077324,0.5837144202627267,0.7691903679958729,-0.4686524869989812,0.2377946693404895,0.033060557642757414,1000222,0.040330302195751615,-0.2940963633096069
0,100001.0,250,576,-0.25452135659294,-0.3517809350178732,-0.0169768267031558,0.05235971780282162,0.09172254383833513,-0.3929062939311192,-0.0891154445877494,0.038589584143023686,1000223,0.047876807817781385,-0.5632088399296568
0,100001.0,250,601,0.06209335412982385,0.3848446928961763,0.02045253751841146,-0.047963373889420534,0.04025803739400032,0.20665556020198408,0.1923278213749268,0.03596696881177154,1000224,0.04015366402340784,-0.1789442419447602
0,100001.0,250,547,0.14752717745903374,-0.17886444586982184,-0.01602751830789418,0.9162441711884172,-0.1523846815143863,0.052171490652659684,-0.4646734332004621,0.0417121011143962,1000225,0.043695417342996284,-0.4823704605250197
0,100001.0,250,710,-0.15250858015134044,-0.3045381681462997,-0.015305047125838215,-0.19819517559209268,0.03509631487801418,-0.2702751934040785,0.20165079000073707,0.034764865915273994,1000226,0.041205179462243606,-0.19201084825904452
0,100001.0,250,630,0.617612015377911,-0.16419833123565244,-0.08382071241550533,-0.4616607772302354,-0.7026360975086455,0.10366198953334448,-0.18300773709024465,0.04225780061704404,1000227,0.04014984669862245,-0.23076889030147185
0,100001.0,250,677,0.2880264203100648,0.05350286659922443,-0.02584086373070815,0.2260369109732533,-0.2768538696111151,0.13817297146361224,0.1897951519603027,0.03288025300634476,1000228,0.038676017433790434,-0.14125063790597936
0,100001.0,250,699,-0.31893734115461503,-0.13132896854631704,0.004746399524828341,-0.09757030038446264,0.2147936314918066,-0.31523929613202706,0.1836534346123795,0.03298361503763759,1000229,0.043164513691944434,-0.33982880644950114
0,100001.0,250,636,-0.7564220475602109,-0.0710145458045749,0.05333535808614583,1.0708838118315642,0.6710843396590451,-0.4621063285021233,0.029606375047231532,0.036684676005247725,1000230,0.041651334231917365,-0.3258622016700308
0,100001.0,250,641,0.18128400302618145,-0.2473574548934488,-0.07417255312918042,-0.15070788447337286,-0.39673327154612464,-0.3065399324008101,-0.16511516163992432,0.041431856458090416,1000231,0.050722778366834066,-0.7566921954345236
0,100001.0,250,591,-0.2561245708993871,-0.3704797934804736,-0.0325401417065519,-0.3503602832766965,0.03294348650476465,-0.5003538735980964,-0.07065098745612057,0.03734052098477543,1000232,0.04457675720000204,-0.4561425243438813
0,100001.0,250,591,0.1093005473229547,-0.5992632749781066,-0.061827915085290924,0.22957187118224864,-0.30469322444726216,-0.3007661209343801,-0.3483286690233494,0.04259605040076152,1000233,0.04823581526940229,-0.7147682035059527
0,100001.0,250,512,-0.3883207335781054,-0.3228498514544505,-0.014805076322046987,0.2999397546029776,0.182643146658254,-0.5242932228869156,-0.02438718503747389,0.037153414859739005,1000234,0.044102405828246566,-0.4076653927132293
0,100001.0,250,569,-0.05429511217762795,-0.34476415222234225,-0.045763202194225985,0.19174640335904228,-0.14211069793500655,-0.3699698398049761,0.03640798385142576,0.036287951102561146,1000235,0.046626829900246136,-0.5657751512181661
0,100001.0,250,680,-0.12502243362162446,0.4826902308214789,0.06346553670397101,-0.18116201857651007,0.32108842114645136,0.2953319740672601,0.27797592943893185,0.03289995721425599,1000236,0.03946605747539607,-0.09084100579320893
0,100001.0,250,560,0.5194335963877371,0.17896531335474145,-0.015757427624984454,-0.3668285434594961,-0.3805864098921747,0.4596794969292724,0.2209549476155282,0.03293295584479955,1000237,0.0420713224526099,-0.3212697117116059
0,100001.0,250,713,0.2568556590124625,-0.2912033064875069,-0.033526557258042634,-0.7720866391383846,-0.28726802053292466,0.0517837658495305,0.3693142993027321,0.030724371530128206,1000238,0.0380214695186275,-0.055773942385142765
0,100001.0,250,532,-0.3963528447565012,-0.07698926727162651,0.024221292572807064,0.9582590059972084,0.3371351744160806,-0.268158462505785,0.20077461059690144,0.03410098091697281,1000239,0.042668579639042144,-0.34643941036820824
0,100001.0,250,686,0.13863680451193974,0.08956597098837951,0.000994534149447892,-0.2624901273585181,-0.08160764800618055,0.15783945158251106,-0.05346022937639069,0.036901892676636516,1000240,0.04357382322365782,-0.4686690640175632
0,100001.0,250,568,0.09278197230439604,0.11531125098480816,-0.02356681871943541,0.2310869416385936,-0.1475978547373578,-0.05881282392554224,-0.04713563313337922,0.03732855459298172,1000241,0.0443217803452788,-0.31551209851519857
0,100001.0,250,569,0.08451488837549162,0.617388779961688,0.035580410878966864,-0.4104263932438581,0.08441835284878763,0.3337903943185358,0.3525575439007197,0.032518707703317114,1000242,0.0378284021113403,5.5531927982930076e-05
0,100001.0,250,540,-0.05526955142163738,0.015516116240910791,-0.001665312743122556,0.12280233062685073,0.027681390652148672,-0.07161045221314649,-0.3225342798523633,0.04198423438539753,1000243,0.046548915603764035,-0.5637164230819044
0,100001.0,250,557,0.11772809304811495,-0.2397104420020457,-0.05895175046272162,0.023871396562245413,-0.2986657367483045,-0.2717839805063954,0.0160023837347335,0.03906915540951686,1000244,0.04494481310346924,-0.4298139807047695
0,100001.0,250,702,-0.021845178445167538,0.5174318379878852,0.044985328550774216,0.9486388061436944,0.1865077201452132,0.28217835001137626,-0.14807927098258425,0.039555995241964924,1000245,0.04192762060922231,-0.34023982520613105
0,100001.0,250,587,-0.107676448965922,-0.2936206449188091,-0.03722325249914527,0.09020990539216273,-0.07650894140420887,-0.3702590471794184,-0.1266197496765263,0.03828769378589629,1000246,0.049782840136903685,-0.6894791249525382
0,100001.0,250,587,-0.2845701059177587,0.14044747319588874,0.014536468435285575,-0.23415280601908345,0.2311773558139081,-0.21162509924775152,0.13549246364356504,0.035632254225983984,1000247,0.04569310223860282,-0.4314396912867212
0,100001.0,250,592,0.5733333075274868,0.1249747888906272,-0.05123610251077906,-0.7731832695612136,-0.5500258124604687,0.27723290430213826,0.2127468358298511,0.03559934104927088,1000248,0.04555429727810017,-0.3876080416617746
0,100001.0,250,638,0.0331065417686733,-0.12211577756786042,-0.027455811503901355,-0.07700229717106882,-0.12589764661457928,-0.15052231724410722,0.06091842989732174,0.035686691769723014,1000249,0.04514463383487869,-0.4465685915517293
