start,end,N,SS,TajD,ZngE,FayH,FerL,FulD,bsfs,Colless,btree,path,iColless,ibtree
0,100001.0,250,679,-0.35472438616411617,-0.22691354225515,-0.015799514010170573,0.07907920468610077,-0.09261166788860996,-0.4629634745505365,0.04271948522925791,-0.3630765134290708,1020000,0.04654374743369322,-0.4736526098303338
0,100001.0,250,626,-0.5712076798998392,0.01633383437754715,-0.08667353224444704,-0.34301797916176097,-0.4142063205152259,-0.717103849624078,0.04318969426091465,-0.4256151803421872,1020001,0.05533216888559489,-1.0354942043794746
0,100001.0,250,531,-0.9021747233619868,0.4158756122866881,-0.1998272722960591,-1.022223030765116,0.0702378218629744,-1.6808150564940243,0.04624531121283955,-0.6287246060566937,1020002,0.051722317038138566,-0.8772861621628554
0,100001.0,250,576,-0.08640562819235924,0.33032819719583506,-0.06577949616368482,-0.4559987632467058,-0.21204624449286388,-0.24407583312798226,0.041959509592622686,-0.28619697819911416,1020003,0.050026696380899335,-0.5981503626678376
0,100001.0,250,488,-0.7577612103267516,-0.07949079664041395,-0.0989600068064013,-0.32979478195012585,0.935250935138228,-1.2451465411857678,0.054412233129023914,-0.929206288748086,1020004,0.05627157586703551,-1.2477117447040944
0,100001.0,250,579,-0.15298319757711834,-0.3822138544746078,0.03885859441988833,0.3846847778574776,0.8579430700970022,0.12271629712664435,0.033520759511725604,0.2553630679827533,1020005,0.04106019967854402,-0.2441106561421391
0,100001.0,250,464,-1.4189064051302294,-0.5637475393872381,-0.11851903752246006,-0.10576002459756198,1.5127841107259297,-1.96292724604424,0.04115986658946517,-0.35241034995550824,1020006,0.06452883005773888,-1.6316510889994504
0,100001.0,250,543,-0.8104899770728525,0.6857000185814066,-0.22964411104215285,-1.3030951683512493,0.630531798166182,-1.3641859517957302,0.05120495651276507,-1.1391011770387212,1020007,0.06813928038128746,-1.8359620961572696
0,100001.0,250,527,-0.7439900733908699,0.4289819447322011,-0.1786404735875553,-0.9490218881778256,0.4914992560884544,-1.1272201031208682,0.04311477731593405,-0.34831781050189786,1020008,0.059889628640790366,-1.104121513815186
0,100001.0,250,568,-0.8145557482617987,0.2713150189647716,-0.1635479056076871,-0.7946682225633157,0.39864925808378543,-1.3160755071567682,0.04747279033802916,-0.6886753887219386,1020009,0.06240121777432307,-1.3315642301577255
0,100001.0,250,496,-0.5087066845951612,0.37460692964199416,-0.13532551449751884,-0.7490381101284995,0.7933766018861264,-1.2758014635021784,0.03978023014525561,-0.3729069540062081,1020010,0.06166853174656355,-1.2534269196776795
0,100001.0,250,579,-0.6117528630209058,0.10242807487060207,-0.1065291827536647,-0.471934139713958,0.4633726980407192,-1.0156858974218042,0.04889936303496984,-0.7083463198057688,1020011,0.0569374271278663,-1.174791416548448
0,100001.0,250,576,-0.12833255596457938,0.25244560992475384,-0.05944422454019939,-0.3836883041778685,0.7133746235420344,-0.4742181907795442,0.038069128572130566,-0.15628464156591831,1020012,0.05022349657572577,-0.8759232998827909
0,100001.0,250,606,-0.19409237002981905,-0.07442298752348148,-0.016623495909667496,-0.017965275266759922,0.5237862740463545,-0.3180320910627257,0.04650721164226798,-0.6245930938239712,1020013,0.06101650293284287,-1.5882938415408352
0,100001.0,250,454,-0.9579786324004864,0.1382745724552527,-0.1636973497014288,-0.7110777970291979,2.0327751766221414,-2.5016023616430467,0.04186716937587398,-0.3351839390926629,1020014,0.0582401611052505,-1.2774043686154637
0,100001.0,250,508,-0.8947959351429494,0.9442399787792616,-0.2838748181722085,-1.6693166878911216,0.5514328316337148,-1.6243356645410438,0.04928588844743675,-0.7470701743493903,1020015,0.07253936235628568,-1.9604959859309323
0,100001.0,250,460,-1.3246898650898669,-0.14212816178790744,-0.17258829822345054,-0.5723606837961465,0.10732324735630344,-1.3461345704160643,0.042746546331520266,-0.4398606399830316,1020016,0.06671271480043459,-1.6785347881396289
0,100001.0,250,539,-0.3344669410821911,0.4136239169373484,-0.11578270141859015,-0.6988062672838206,0.09351437037641656,-0.5723678725738585,0.0425518188727222,-0.3216020132716509,1020017,0.05648481020857625,-0.8876712419584523
0,100001.0,250,635,0.1420744346264804,0.10791573365420673,0.0035944246610478173,-0.05269479935833465,-0.5726481918365804,0.2741169087619392,0.033649862493924584,0.2466600858145358,1020018,0.044289985248771306,-0.4377334929277441
0,100001.0,250,524,-1.150473855113945,0.3339433302008863,-0.22327481039638175,-1.061424321140301,0.18542435876670552,-1.9492207879696148,0.05035393294056239,-0.907463704963446,1020019,0.0567632587648134,-1.0674943803296633
0,100001.0,250,555,-0.07926329721713908,0.5500591459970702,-0.10007283743058293,-0.7228265447107711,0.4809802005829441,-0.7069290597195771,0.04469710443743261,-0.6085650455522171,1020020,0.04747456520678443,-0.689059528255457
0,100001.0,250,540,-0.03914756798102123,-0.4409526446420201,0.06512500381112442,0.5214547814465076,0.08756703729009155,0.3330086434442512,0.035276178616721714,0.13181218797392222,1020021,0.036436798771539616,0.013464954006873678
0,100001.0,250,594,-0.6974606008756786,-0.5326804355330303,-0.01715730797709998,0.2624286082666625,1.3667094348555278,-0.6474926075646373,0.047220294051257834,-0.5947855757164922,1020022,0.04864119826350216,-0.5088663817370125
0,100001.0,250,537,-0.9566871990314116,0.14542881161707638,-0.16434935429807693,-0.7196539683098485,-0.1779686601480341,-0.9740273718916074,0.044929932755978265,-0.4855680005883416,1020023,0.06238195566646895,-1.2606364158854229
0,100001.0,250,548,-0.7206361300461726,0.001443793351005092,-0.1063964862566978,-0.4088711663696971,-0.23703874280214884,-0.7539535346637971,0.04176791198407075,-0.30037625872703266,1020024,0.061405187358644135,-1.5192223674796999
0,100001.0,250,543,-0.39058948039495706,0.6092154987079933,-0.15548335868458873,-0.9716193137659906,0.10489763162734173,-0.8031814991909569,0.04280777981956015,-0.2848264990590603,1020025,0.06022191231720048,-1.179647649229979
0,100001.0,250,491,-0.9429012804322664,-0.3341474147905504,-0.0852531616066685,-0.12038693448647875,0.9492689791531084,-1.3259021939493238,0.04712854544510287,-0.6575038960702545,1020026,0.05568762012255831,-1.0470461549920334
0,100001.0,250,420,-1.3357054537454676,-0.3560539840398059,-0.13983514462350136,-0.31434468543098765,2.7185506454590382,-2.522511113083892,0.05015623168557487,-0.7784726477644309,1020027,0.071356195023676,-1.6870919458447513
0,100001.0,250,527,-1.0353581799554583,0.3599073004435573,-0.21047126375725797,-1.0284325451933551,1.069049117848573,-1.8831863377968048,0.040515605046915766,-0.266741794426365,1020028,0.052160768008028026,-0.8852869658545235
0,100001.0,250,581,0.5932269929831219,0.8329542050320682,-0.046420431197369286,-0.6915090252562399,0.745964884995538,0.34463807724016066,0.043346288379323736,-0.3828085438492224,1020029,0.04839760086553715,-0.6297519708010502
0,100001.0,250,591,-0.5726515646218014,0.22438573065921186,-0.12033275155769235,-0.6001956892178971,0.06847960605476387,-0.7517861086539441,0.04216518903619682,-0.3368988517771657,1020030,0.05672184085640005,-0.9837139353784414
0,100001.0,250,529,-0.7921520292236224,0.20351207410833413,-0.14946883088871205,-0.6982854052842586,1.3769074709754399,-1.5264540416514245,0.05227752407479383,-0.7564179862631779,1020031,0.05849732474066618,-1.1141161256214245
0,100001.0,250,633,-0.18681889761374534,-0.3752991975147375,0.032711617228898766,0.3569632614299562,0.007253040200306748,0.06983143365695754,0.034968667557497765,0.17961933575274086,1020032,0.04350325731215033,-0.4259857070538497
0,100001.0,250,636,-0.15462364096026174,0.6122016504461621,-0.12094337898115436,-0.8419703793019835,0.3519536248017825,-0.4498093998928853,0.050521887326837926,-0.6288706286835214,1020033,0.06326022985953031,-1.3149291437521229
0,100001.0,250,514,-0.5840202559591915,0.14853423356743548,-0.10998998972181187,-0.5129131045183186,1.5077066457979602,-0.9379662480681484,0.04660313690036344,-0.6975584474919488,1020034,0.05322999779002157,-1.105046387244333
0,100001.0,250,689,-0.41829494660814015,-0.042074801017932234,-0.05476453663110745,-0.18469148260122248,0.14003977770648598,-0.5630765546927741,0.04192844936351117,-0.3337422116476519,1020035,0.05291342790516907,-0.9368977689886172
0,100001.0,250,552,0.2101865188510172,0.18351095015676291,0.001469173586330785,-0.10747159105662776,0.05234146890188172,0.1086943815409703,0.032688689082962824,0.17413971912618156,1020036,0.046176494835647564,-0.4971315944502366
0,100001.0,250,609,0.0069322976213473005,0.07816030623378134,-0.01152350488578303,-0.09242069838299716,0.005472369314845588,-0.1146557155866788,0.03901419460834543,-0.10456074576776997,1020037,0.04897613468399158,-0.7604264025527764
0,100001.0,250,498,-0.5704803232190988,0.3714929552286931,-0.14392603267626813,-0.7800821035953954,0.4722678744168058,-0.8238286700704601,0.04884347992962343,-0.5547582806077481,1020038,0.06691175928471292,-1.4548321466577283
0,100001.0,250,596,-0.3177667400705764,0.45937409394510403,-0.12052500587069825,-0.7458083075235712,0.04172372887624467,-0.8824808122292129,0.03805109295953128,-0.23346894114718825,1020039,0.04722286016009297,-0.7635138762901855
0,100001.0,250,503,-0.6386494490883033,0.28509873109108125,-0.14005280044515808,-0.7120803146256837,1.4573251378580283,-1.0624175494023973,0.0484342336786188,-0.7497299405035477,1020040,0.054152381415061165,-1.1287281147180912
0,100001.0,250,434,-1.1279203386705223,-0.025689367940920086,-0.1624249662123271,-0.6046390991696118,1.875136452815452,-2.246090001797074,0.04466506839245347,-0.6116711057344559,1020041,0.054634637989662116,-1.0816079056911472
0,100001.0,250,486,-1.3317384336583804,-0.08504472015102532,-0.18272815234873035,-0.6469682110283137,1.030112216378427,-1.7018264212808396,0.05333412010096656,-0.8599454532933859,1020042,0.06513765004031054,-1.5962394945729137
0,100001.0,250,512,-0.9926861254172221,0.20167183234081654,-0.17878932045055615,-0.8091879149880945,-0.10865378958572172,-1.3470156247466774,0.04892171425427739,-0.7979345116155661,1020043,0.06582158276792603,-1.588379045501506
0,100001.0,250,430,-0.9768793659136004,-0.1031131645479805,-0.12763707861684365,-0.4239322113738744,0.9499862997037196,-1.3750105650486424,0.045324218019029534,-0.44508814186772944,1020044,0.055463043239957384,-1.0682473663031309
0,100001.0,250,602,-0.4419724354405627,0.4961117569159567,-0.1446903194482874,-0.8612913880371507,1.054129567184121,-0.9172981193878691,0.036876658365840934,-0.004858432009578831,1020045,0.04444399990855262,-0.4177974101108271
0,100001.0,250,604,-0.7609023999777671,-0.07517360010834041,-0.09993402310509278,-0.3373852129961363,0.6304350051481784,-1.02596304997835,0.04449245481114891,-0.5549269671508097,1020046,0.05631162884923545,-1.0624331966876632
0,100001.0,250,480,-1.4256552920202,0.15170466066365607,-0.2347417891846897,-0.9918066737040429,0.17106821452917567,-1.9993440052710008,0.04325493156547825,-0.5342361870363571,1020047,0.06161923680384621,-1.5002154929794276
0,100001.0,250,571,-0.35612243381166825,0.2444470659186611,-0.09171156936678773,-0.5025346703725835,0.013461923298726948,-0.5137165442297598,0.042934635946838495,-0.3685800967442524,1020048,0.05090163521469386,-0.7038244979309718
0,100001.0,250,522,-0.6945115672413272,0.37618499317723547,-0.1628757341608511,-0.855976208270427,1.072624198818947,-0.988767775305866,0.0460929001023981,-0.6051467054745644,1020049,0.06573318363057963,-1.6088515284146407
0,100001.0,250,463,-0.7007160902360368,0.03916700618831034,-0.10971900136848126,-0.4437559087709323,0.20956555258890566,-0.9694264512568036,0.04149539656713238,-0.5580459517336276,1020050,0.0524836760366761,-0.8893157681286981
0,100001.0,250,618,-0.8224854534646481,0.5368998463805831,-0.20719018919040455,-1.1266616243945662,0.20649519423480725,-1.2708365123925371,0.050344101884827006,-0.8594210248047647,1020051,0.0686121748994404,-1.7340954981928631
0,100001.0,250,494,0.10548140369509168,-0.11802260158870645,0.03455763553723717,0.20505436365595145,0.8476612580908647,0.2331702131048131,0.0365835434762305,-0.13971528602300542,1020052,0.04628244159433434,-0.8030929969589018
0,100001.0,250,641,-1.0830539494322473,-0.2121674174134814,-0.12531400375565402,-0.35077884887866906,0.4734845553266753,-1.5513893162740668,0.05132353701937558,-0.8436358686700572,1020053,0.0599050284873192,-1.2793425159691678
0,100001.0,250,547,-0.2260390205654433,0.2183385378201024,-0.0683965484986013,-0.3968348723943887,0.7423032242454158,-0.3934464498099064,0.03927463805856832,-0.10371350688414796,1020054,0.04692335047051164,-0.5243647590599727
0,100001.0,250,559,-1.1540705958525572,0.5960316307366005,-0.2657617859369506,-1.3867188489791962,0.3190528597900532,-2.3231900191399597,0.04840335169038905,-0.7360654478036058,1020055,0.0607755478026133,-1.4007691074284223
0,100001.0,250,564,-0.9546812319679302,-0.12284608623993926,-0.1208698100501884,-0.38795569873199204,0.7610628617402416,-1.3977880844670554,0.049039992171371324,-0.7197921598956798,1020056,0.06372117917492967,-1.5730703593315207
0,100001.0,250,450,-1.85150770761801,-0.23380760520638424,-0.2356094740699235,-0.7564910322772438,2.4582278283655805,-3.616403221386262,0.052645528349958975,-1.0056728616391202,1020057,0.07237796137724678,-2.237610913551713
0,100001.0,250,578,-0.7669589847153944,-0.42485002581545894,-0.04470006302253661,0.09031007867826538,0.7989399015915806,-1.0539271455311179,0.04845834952714082,-0.6390028523344814,1020058,0.05577215244918317,-1.1350702301007696
0,100001.0,250,512,-0.7381342866779408,0.5239332338781851,-0.19311903830809546,-1.0627181606600191,1.4514306518620423,-1.6783580697566107,0.04367513987164928,-0.4999487732293257,1020059,0.04895108800050035,-0.6966965696465115
0,100001.0,250,545,-0.6778876645025745,-0.4831118949480192,-0.022211825904031885,0.21260110888396294,0.09306974724095553,-0.6791754622297419,0.040877497190013816,-0.2037346491986361,1020060,0.04947120653494537,-0.7263310533713415
0,100001.0,250,499,-0.5682787665436656,-0.24680810552295485,-0.04406468575860465,-0.01659526123008291,0.9604315928951068,-0.6219072819646678,0.04076218023458601,-0.17714721027822908,1020061,0.056428108748357485,-0.9890053730946
0,100001.0,250,575,-0.8904453292628649,0.1097451432214238,-0.14875081014114874,-0.638415494345801,1.0511098393268878,-1.2110212344574882,0.04621283275820781,-0.44263464349831977,1020062,0.06100768666062099,-1.2792637613322255
0,100001.0,250,598,-0.4867985232394033,-0.3256073595145116,-0.019390123332502424,0.1262296488025503,0.4132764366045979,-0.4632458805050311,0.036040987392070116,0.0781868949208033,1020063,0.04225119907367763,-0.30914266431972404
0,100001.0,250,470,0.4904601778885699,1.0737091555392788,-0.10065696831638224,-1.0469319492639069,-0.32509703108894,0.017565510309666313,0.040881352234063584,-0.2495083230782467,1020064,0.04858444164849665,-0.7460261297736989
0,100001.0,250,480,-1.5148827686753887,0.1817040637180293,-0.25273657281491585,-1.0791602035531909,0.9234193467146734,-2.4041930912448373,0.06768805676505912,-1.4470423039921947,1020065,0.0691834234535023,-1.7209215316107194
0,100001.0,250,628,-0.12340063498978755,0.2465144236557031,-0.05770403043668437,-0.3735964167787447,-0.5441782958559669,-0.21020982580069889,0.036939453076547765,-0.07573665159079264,1020066,0.04760686448175583,-0.6809352732903384
0,100001.0,250,591,-0.3933275368232135,0.13326674014143275,-0.07930280385627322,-0.3865422793384196,0.6484117605137087,-0.5550354325463356,0.04815486557940251,-0.4907881383096327,1020067,0.06465025401405143,-1.3960041046914389
0,100001.0,250,495,-0.995304358891568,-0.15378974318677888,-0.12201427802887314,-0.37234969254089256,1.1469383331278944,-1.3730099607011292,0.05303613741423255,-0.750596323808624,1020068,0.06501664225138773,-1.3011978982808232
0,100001.0,250,480,-1.2733034721364684,-0.6565316837624261,-0.08207269815655657,0.09063567296345752,2.190537043027088,-2.6239694326741283,0.042656243917350636,-0.4810956580211756,1020069,0.06419551675067364,-1.6320362011431742
0,100001.0,250,517,-0.8948821993662345,0.5056677891527407,-0.21326161900683135,-1.1287376012087518,0.2669134083580448,-1.1728334029281549,0.04620932641221871,-0.6088134917139175,1020070,0.07183161730382881,-1.860395502983396
0,100001.0,250,616,-0.004165339180387854,0.6878903578130444,-0.11099405257195302,-0.8502259688240075,-0.4011166033607933,-0.13122153237508588,0.042046233715349206,-0.2389035717303237,1020071,0.04639123453736749,-0.4336661987185295
0,100001.0,250,593,-1.3609878723605946,1.3905712656462583,-0.4236139674312385,-2.483159153360213,0.8283788303612523,-3.1976099821349857,0.051953023788703236,-1.0887290198133477,1020072,0.05953772785483555,-1.265284823261996
0,100001.0,250,485,-0.8001089696289205,0.7730332463361437,-0.24251645718673195,-1.4047148915331935,0.3723579512596919,-1.4112685915198961,0.04130824372759855,-0.2801224560205261,1020073,0.054840951896917664,-0.8438001574732877
0,100001.0,250,546,-0.6492333633185394,1.0078910696671972,-0.2576619458671605,-1.6091755465864828,0.4705530439734573,-1.3764691929997834,0.0457122696280942,-0.5324780392585206,1020074,0.04568125875937768,-0.5206282557443475
0,100001.0,250,534,-0.7165899093655459,-0.1946210546163577,-0.07429885176203886,-0.16483684013513464,0.6936266631805807,-1.001502878342326,0.04487373855823739,-0.3808556709519066,1020075,0.05645022486258399,-1.2885686100494724
0,100001.0,250,562,-0.2910918979336499,0.4753907573692397,-0.11925695908030035,-0.7504588516739996,-0.3427693289264671,-0.568844328100339,0.046334488143346855,-0.4062714274831505,1020076,0.05380125873398945,-0.9289990779864146
0,100001.0,250,513,-1.0900397000416149,0.3801369147816663,-0.22185249634290885,-1.0841768137219423,0.14499099993730105,-1.2125983657473338,0.040993107797222164,-0.2525469757060765,1020077,0.05329797637595773,-0.8880946773383435
0,100001.0,250,616,-0.10422124991146124,-0.275519325059098,0.02887252427633964,0.2806876279626162,0.1863767116564177,0.15287027034109213,0.03951531934188369,-0.2320594985090983,1020078,0.046240935844511416,-0.5758625652956365
0,100001.0,250,559,-0.9556408530319468,0.308376954835557,-0.19031193009377886,-0.9200293673991028,-0.15761301910585573,-0.8054465438476434,0.043267131959662995,-0.5635835990749886,1020079,0.060728467868669665,-1.189203001171642
0,100001.0,250,510,-1.0559887777166246,-0.021776745355314542,-0.15217204410999408,-0.5694600553523438,1.3947172693974554,-2.1236254360034503,0.0474442066311589,-0.7668052121192499,1020080,0.05976264228797714,-1.3756714380907846
0,100001.0,250,489,-1.2109989116313096,-0.38373287046619897,-0.11681086765302925,-0.21059838294519906,0.92698404530734,-1.6644126735408942,0.04260703327368471,-0.4119568884151517,1020081,0.058542809839686814,-1.1808442694850425
0,100001.0,250,540,-0.3447216164888007,-0.4567742106719081,0.02264518422048217,0.3683508577152448,0.6865670240149914,-0.04873540090333453,0.03612924894388715,0.09571068838242076,1020082,0.04633422025571267,-0.5711095686652584
0,100001.0,250,549,-1.0324775879067127,0.4130692982061112,-0.2184956519137207,-1.0924455959018875,0.31230799228209205,-1.4025270805964012,0.04516857753595024,-0.5853756990856519,1020083,0.0742568955017428,-1.8825042392858065
0,100001.0,250,487,-0.784912439498325,0.5046477899344796,-0.1970390659785828,-1.0652663664141904,1.2558206447018687,-1.4633167189179632,0.05151235440294905,-0.7218380701119924,1020084,0.06569701183767329,-1.4016884197592097
0,100001.0,250,563,-0.6686728372345991,-0.2603655632510816,-0.056651828071670914,-0.05684537641086738,0.8017528420775285,-1.1012846644414818,0.04080225689438295,-0.33759433135367983,1020085,0.04831458450288609,-0.7568137094040215
0,100001.0,250,511,-0.2405736007070021,-0.1768518070205607,-0.007007203312537788,0.08216819664196916,-0.10276404467855668,-0.1016364364273674,0.03965952013699965,-0.13752995239921273,1020086,0.04642271751803849,-0.5207806057875713
0,100001.0,250,550,-0.8377229211382895,-0.389130829620716,-0.060865735975609424,0.006434888919901252,0.30607341747960315,-0.8809434911555851,0.05000025910091984,-0.7740747069889873,1020087,0.05267756162190815,-0.9754180690448768
0,100001.0,250,497,-0.8756856322073238,-0.7700727257664748,-0.005156005101413931,0.4549361722870574,0.17343565129871946,-0.6065665488178028,0.04290904421307186,-0.2879431047533085,1020088,0.0509781059722762,-0.8291422284366522
0,100001.0,250,608,-0.4664558567382088,0.17356197582876687,-0.09651078605472133,-0.4775667767435108,-0.05203302584978255,-0.76318143771651,0.04818245406182477,-0.7283420385913802,1020089,0.05758362482186815,-1.152110577038043
0,100001.0,250,490,-0.855329772180213,0.20443436415697344,-0.15906567128628096,-0.7349205809510713,1.7334857747883494,-1.7487948935037922,0.047374779682568736,-0.8461305485987591,1020090,0.0628294816985062,-1.5898284483609864
0,100001.0,250,670,-0.5443993154209881,0.043275302227413284,-0.08700183268567448,-0.36115946030682783,-0.5923527679498047,-0.6124011516949511,0.037878922733534486,-0.07296360094225995,1020091,0.04488923435678197,-0.5237368746588023
0,100001.0,250,641,-0.3777167312007597,0.7792907402989337,-0.1805509403816268,-1.1740314298315904,-0.2993251320448124,-0.8318945100843347,0.04877277486466227,-0.6429502069316949,1020092,0.056885672044638284,-1.136362006633771
0,100001.0,250,549,-0.3949132544911048,-0.09486547027434426,-0.04292994494355222,-0.10615078648097,0.6589332126336528,-0.5337646693735825,0.04151752033887785,-0.25195123054671803,1020093,0.04621422285359457,-0.4989880040512237
0,100001.0,250,595,-0.8649779056766027,-0.22805638167301684,-0.0907230491249127,-0.20772636189963792,0.6231029456087708,-0.9627719128913964,0.04222369612964252,-0.3605008968722528,1020094,0.05988918139590211,-1.172122548317456
0,100001.0,250,461,-0.43994474116298654,0.3533941009515037,-0.12189398161302227,-0.6839909341297389,0.017910994777040553,-0.6986645792163244,0.043625796703261485,-0.6144181689481718,1020095,0.0503469300111291,-0.8371357008267256
0,100001.0,250,649,-0.5955050412298689,0.390171728276018,-0.15016771293891046,-0.8175669347221078,-0.3928813323728906,-0.6933597138943279,0.044722432207857786,-0.3463354365548043,1020096,0.05463131915304742,-0.7289779520220131
0,100001.0,250,472,-1.2965084516123777,-0.4493105892063829,-0.11888891636915155,-0.17785534651151394,2.320361484944489,-2.6846002321188283,0.0445633126734442,-0.8032489614024128,1020097,0.05721962182530965,-1.344047831949973
0,100001.0,250,459,-1.2653949172140464,-0.2727234295556509,-0.1427872153512995,-0.37787439089052055,1.3974576236862757,-1.9501260081403895,0.0375000241698619,-0.1113652716104212,1020098,0.05185554044133523,-0.8948608418389187
0,100001.0,250,549,-1.3075426579478155,0.13352017041392908,-0.21408535352272226,-0.9032345382522756,1.490833741477401,-2.7519509948040257,0.0468072575312261,-0.7157135698880432,1020099,0.06921781820309332,-1.6926638209766192
0,100001.0,250,696,0.08975956365743265,-0.2094072225893168,0.04674645094809245,0.3088451587996475,0.10721275849056096,0.5037440105161685,0.035941794002303434,0.12683296834210805,1020100,0.04330429107200545,-0.2796355244363358
0,100001.0,250,589,-0.9600714741098464,-0.19191057723009808,-0.11053274827870864,-0.3059922510277733,0.6288670693967727,-1.2953669733609912,0.053402343123094234,-0.7484724810028188,1020101,0.06278051853616343,-1.4347748615739346
0,100001.0,250,594,-0.7608371604975666,-0.0767584549837044,-0.09968305264391883,-0.335359634352992,-0.42848254715362105,-0.8167647485343361,0.046928011250237024,-0.7458612353342468,1020102,0.06819364745509557,-1.6703518401683308
0,100001.0,250,543,-0.7126767063799948,-0.1321555303516701,-0.08375567270705157,-0.2396671339241275,0.10489763162734136,-0.948655342407944,0.0504463858238001,-0.7417012334158274,1020103,0.0539825740849465,-0.8606638952651754
0,100001.0,250,586,-0.7203878393128856,0.3775122188154568,-0.1666831912675049,-0.8724163152931248,0.4206003342543211,-0.8295794330793417,0.04804424350628325,-0.7393219130907163,1020104,0.0655535511899495,-1.7465753261777042
0,100001.0,250,562,-0.106495757649812,0.22341223844560976,-0.051581985905279334,-0.3355605763487631,0.13137297741593726,-0.19588680335334588,0.040921216189738964,-0.2902468566966579,1020105,0.046312130241395716,-0.6157880320441815
0,100001.0,250,591,0.044074321975016366,0.8025404712752744,-0.12236414832508745,-0.964313424082644,-0.4792340953786846,-0.4213791039861779,0.03901636227234462,-0.33151836326297074,1020106,0.05127746649681162,-0.939993280633994
0,100001.0,250,475,-0.7994774710388105,-0.4961703133829708,-0.03800694476952416,0.16044020583763802,0.32567370447663435,-0.7709609939662767,0.04602015098517235,-0.5555512261846199,1020107,0.05124823246314012,-0.7650367523089242
0,100001.0,250,568,-0.050835511780691185,0.6834092662665378,-0.11727561412892973,-0.8711301705776671,-0.13755015454082953,-0.4919241682357493,0.03693368121146754,-0.09625784996550127,1020108,0.047646343166864634,-0.6329889809614285
0,100001.0,250,556,-1.0155509067184856,0.5283162141944411,-0.23449198405287106,-1.2249770457766072,0.16644377534156699,-1.1935491815378363,0.04840121445251644,-0.7526901557726388,1020109,0.0671866103612063,-1.5678322715023518
0,100001.0,250,531,-0.44962713182647146,0.7292834478513409,-0.18353859671496264,-1.152966284131865,0.14189244711659485,-0.8531439623020873,0.04742526625885487,-0.6897333765146308,1020110,0.0647262939206792,-1.5856324687552723
0,100001.0,250,488,-0.720948191334335,0.02109144080044897,-0.10972819049455904,-0.4330134342810684,0.545706767007755,-0.9500580958392132,0.04147303170793555,-0.25267119794991644,1020111,0.04939637911730848,-0.6824014319975644
0,100001.0,250,576,-0.4904848364742414,-0.2991821527312002,-0.024172416829761432,0.09163674281899474,0.3498164253854676,-0.4955261911791212,0.04101836438877846,-0.23045744818605995,1020112,0.048159402026483264,-0.6332808319982373
0,100001.0,250,583,0.07366030800304504,0.07981799798845324,-0.0019721645784376253,-0.05676177229252328,-0.2469915729821568,0.2009855338557343,0.042854703270560235,-0.2773018050833167,1020113,0.04615851202847858,-0.5112708355280283
0,100001.0,250,549,-0.10921388973791492,0.35603668290574314,-0.07331542758621443,-0.5005801307086545,0.0003452939656862608,-0.15877668824027158,0.039235828946283635,-0.2545503512428507,1020114,0.049865360057742496,-0.7243124523627376
0,100001.0,250,424,-1.697602992332922,0.03608809702004244,-0.2565970311024721,-1.0020521753114593,1.4997920541355356,-3.3617829363853904,0.05010677998366078,-0.8663254716832058,1020115,0.07266624100086984,-2.137953957959553
0,100001.0,250,544,0.4963310004544991,0.918669480608402,-0.0745551280517565,-0.8520777668637609,0.2039081354212697,0.19499855139889727,0.04123987721789064,-0.30704633270028997,1020116,0.053248625960726735,-0.8420793653047846
0,100001.0,250,667,-0.24364311978220124,0.2670399097612537,-0.07863922921259925,-0.4668858855922902,0.2476649525919953,-0.3342577484431379,0.04759153291270781,-0.4707896320522524,1020117,0.05403167674834988,-0.8304917916566787
0,100001.0,250,472,-0.34082963223456697,0.272902147329031,-0.09425977809554677,-0.5288334230051739,0.7098805007981136,-0.6501172266341301,0.041123545589043464,-0.27473167649174,1020118,0.05016897400503013,-0.7368012534508716
0,100001.0,250,612,-0.2743963946956681,0.6071903143289555,-0.13782530275769522,-0.903498991798662,-0.3521920702363402,-0.5564773581320338,0.04814316473734875,-0.5799633063756819,1020119,0.0601175629426649,-1.0909503107769642
0,100001.0,250,590,0.0002928024152677512,0.50330670023985,-0.08076783261175323,-0.6202170544043935,-0.02293312450297609,-0.19915542236649547,0.036216331362691784,0.021410365867486784,1020120,0.04315141285321331,-0.3521732906347571
0,100001.0,250,657,0.11529327122668605,0.3093309270487626,-0.03263487366804976,-0.3160659038122348,-0.04910484725715968,-0.06865308416103506,0.03718347334748424,-0.05291531279195871,1020121,0.044486029048820826,-0.4106896108194494
0,100001.0,250,552,0.2055975105288701,0.3750125587748586,-0.029984586285927376,-0.3461255868950885,0.01786575467865389,-0.3177807845745046,0.04548365877302312,-0.6836661055716862,1020122,0.053080843954237435,-1.0706206724253855
0,100001.0,250,628,-0.3746868043082843,0.478828178137115,-0.13194782359992074,-0.8019805243165964,1.0938691103815519,-0.9644433455365578,0.04101347522569965,-0.42324750931623695,1020123,0.05336208494645127,-0.947111545618715
0,100001.0,250,626,-0.11392343906731853,0.6754553004266525,-0.1251257587013592,-0.8969307658510378,-0.14033263494300585,-0.4814515303745912,0.04498030211549688,-0.4093413597470638,1020124,0.05779560638868837,-1.0606895822066154
0,100001.0,250,492,-0.34247619053735306,0.1436889493282921,-0.0736433802893567,-0.3704973352184696,0.052288166935254635,-0.37317158592587457,0.04048275705060765,-0.12260515343463435,1020125,0.05050316311490039,-0.7878521766765375
0,100001.0,250,505,-1.1715777835597414,0.7103013075410403,-0.2870539539057613,-1.5371964174288482,1.4016066339446998,-2.182467543540876,0.04709390557622195,-0.6659133769734383,1020126,0.07221993603763566,-1.8912332711517088
0,100001.0,250,531,-0.20206011380563607,0.2337905382796269,-0.06737343346595934,-0.4023272406126967,0.6793021365187408,-0.5713283293258805,0.04987125607992405,-0.6854067641424778,1020127,0.05289392622885212,-0.884306741482162
0,100001.0,250,531,-1.3832771147154386,0.21572706605734832,-0.23853768486151905,-1.047226258220142,1.1808845132940793,-2.423431709975152,0.05262118497593835,-0.8561757507972959,1020128,0.07398837661222532,-1.8584410920938197
0,100001.0,250,561,-0.4672845591904909,0.4808243330129661,-0.14608394120253768,-0.856700217735088,1.324617750666042,-1.621846807072829,0.04847268332300572,-0.7788694728731899,1020129,0.060038541261821475,-1.4975589572925156
0,100001.0,250,585,-0.2545356477897768,0.368299331076606,-0.0966176419486566,-0.5978094506626945,-0.09409211823886253,-0.3927359196487936,0.04521011669339325,-0.4814260612129751,1020130,0.04828408326333426,-0.6877055107291715
0,100001.0,250,590,0.6243962698867097,0.5748501249821818,-0.0003724693093416657,-0.3557136643420359,-0.3779320856027005,1.080261141844118,0.0381389079892772,-0.22241721475016016,1020131,0.03942185999198169,-0.2954240037551804
0,100001.0,250,474,-0.8391162248714914,0.018521070401490418,-0.1267822652904953,-0.4964767822876094,0.29283233910672074,-0.9692785676827512,0.047888695893496064,-0.6902362868279995,1020132,0.05817458808007137,-1.040048634645779
0,100001.0,250,522,-0.6639210631414435,0.3240244139436209,-0.14997655497196974,-0.7743987905755143,1.43701986650959,-1.3109663694700069,0.044342693354061456,-0.5298807131488353,1020133,0.06158547602975568,-1.390876166842389
0,100001.0,250,549,-0.07607707549996863,0.08618437561205815,-0.025060049796452467,-0.1492156678612501,0.9708959109500592,-0.15834676432854874,0.03741520143984494,-0.26980061960389856,1020134,0.04660368091069314,-0.6678198089630366
0,100001.0,250,586,-0.055781529801670886,0.4611427421498657,-0.08226112549178022,-0.5999358605127301,0.06319728110845184,-0.3378143901646887,0.043480671884060434,-0.4266183423870821,1020135,0.05482833207513385,-0.9570110273260116
0,100001.0,250,546,0.10130548691075043,0.1725278843603937,-0.012808104834921155,-0.15544808202719906,1.0630262557587642,0.033540346262320594,0.03809118103980837,-0.0877765187790934,1020136,0.042052364458849814,-0.2706288529832748
0,100001.0,250,569,-0.5259489852632763,0.20829842924140607,-0.11091850393815493,-0.5539275951576559,0.0913842705918922,-1.0155826129417638,0.04661198247445345,-0.6164040130136753,1020137,0.053007729844107634,-0.8445373298827713
0,100001.0,250,574,-0.6684570997335872,0.27536973128606024,-0.14266692986151874,-0.7171357935914786,0.2955680924162082,-1.1931486040393884,0.03832437099004163,-0.2903822036783715,1020138,0.0602534721756883,-1.1308921340630935
0,100001.0,250,549,-0.7777055452238305,0.4331008879201101,-0.18418286762372124,-0.973214891855724,1.4908337414774009,-1.582788739921425,0.04992464215017512,-0.821327933286841,1020139,0.05540088816975164,-1.0025826745571549
0,100001.0,250,493,-0.5406616192311883,-0.06026783102830095,-0.0700292148935088,-0.2309485839308326,1.3184420952624312,-1.108394792138811,0.03860773421902852,-0.037604556845373414,1020140,0.04713312145564566,-0.6363904482722238
0,100001.0,250,545,-0.3031907521821137,0.030167167659922268,-0.04951782830855392,-0.20845643720867627,0.09306974724095604,-0.21065879759037687,0.04069936040799636,-0.2143190207764329,1020141,0.04771880598712711,-0.6076201678517815
0,100001.0,250,575,-0.7131483385313814,0.4480183433907868,-0.1769761437723391,-0.9552047270715353,0.4220623414787424,-0.8568811425724497,0.053643144004589784,-0.8784995197202371,1020142,0.06036907942099145,-1.0886681784722103
0,100001.0,250,590,-0.11747820013629102,0.2928359274513635,-0.06431323761480348,-0.4273418691035449,0.041612141151518435,-0.1881316223540071,0.04947120058024504,-0.5626585497197341,1020143,0.05747819693323741,-1.1444118097486198
0,100001.0,250,485,-1.5802244761523427,-0.9649995058657838,-0.0776608224257904,0.2976103762599731,1.1170265403727853,-2.3937593101648065,0.05493079554486472,-1.0609742470470709,1020144,0.06482000106688611,-1.3965063366921397
0,100001.0,250,554,-0.8568221837988679,0.6703876788099689,-0.2339521223182724,-1.3104260326339126,0.07524457617847599,-1.1330245390950355,0.04822986703100594,-0.616729329229666,1020145,0.06033441968417778,-1.2475762257592895
0,100001.0,250,485,-1.2080985817674277,-0.1182545123819884,-0.1591466076076272,-0.5362181794052882,1.5873435440231598,-2.3390611659273617,0.050965150926285833,-1.0423989735891608,1020146,0.07050444840125697,-2.019975947934551
0,100001.0,250,557,-0.2825599152055457,-0.2181134766365342,-0.006570640945728155,0.1092304615931826,0.7755850564280978,-0.2519952141381296,0.044973921038742655,-0.3238425568495173,1020147,0.04464422415258015,-0.5410850994778515
0,100001.0,250,527,-1.2780613321040268,-0.8844989835872473,-0.046096499980396735,0.36852193115114257,1.6105021132486836,-1.6837133699574731,0.042532454576711634,-0.36388357454149706,1020148,0.05704426419544958,-1.3836605033770992
0,100001.0,250,605,-0.3815530058462738,-0.13821421789138974,-0.03397753181149938,-0.045285040962821134,1.4112060439733758,-0.7074858738569085,0.041754973523124767,-0.3965379428402295,1020149,0.05494893924976883,-0.957200302369537
0,100001.0,250,552,-0.2351311588731193,0.16967816331821262,-0.061907620173543926,-0.3419919287091519,0.052341468901881114,-0.6188708983846655,0.04785559758046085,-0.6558916907285157,1020150,0.054034184386714056,-1.0376181843978851
0,100001.0,250,508,-1.093176353582456,0.3863095573232183,-0.22333382729535345,-1.09352898536605,1.9739511555960956,-3.085842219261026,0.04981874400255891,-0.8194059069432409,1020151,0.05720526756282685,-1.3312199551662909
0,100001.0,250,541,-0.1874096946816624,-0.059287321689180064,-0.018081099914875397,-0.03277766780263357,0.6795437258499527,-0.5063054556276643,0.042604460394770574,-0.4216495094781931,1020152,0.04542583389484642,-0.6255758374294008
0,100001.0,250,489,-0.8116946956255641,0.4404688580194943,-0.1906434324581032,-1.001272281654652,0.6159799983832918,-1.543150894843495,0.04707773137382773,-0.5526125335693158,1020153,0.052189814043681115,-0.9817239371436104
0,100001.0,250,607,-0.14497304825023294,0.09223871767319064,-0.03614212388590257,-0.19562899164467887,-0.14110212218162346,-0.19561144353556115,0.039061614867994775,-0.2950684649226216,1020154,0.04496045132230938,-0.4642056030560648
0,100001.0,250,452,-0.18330932075667264,0.3133942640605807,-0.07759628206776624,-0.4898358074843272,0.4164650053336044,-0.7735998799649509,0.041767816931529006,-0.4478998392322872,1020155,0.04965466396489677,-0.9728779619705251
0,100001.0,250,494,-0.897335349680371,-0.3584036989349033,-0.07462500374046464,-0.06477829507020492,0.5012899688016971,-0.95004749601594,0.045034087221927074,-0.423372365379415,1020156,0.05134007178190273,-0.8259929283287711
0,100001.0,250,503,-1.351399860505053,0.22042928544339171,-0.23473374557982546,-1.0348079671554902,1.192701357941316,-2.2060246493398985,0.04227956869845968,-0.6109784845031602,1020157,0.06338409022578448,-1.613498642861166
0,100001.0,250,662,-0.06551447089821237,-0.12947627496379682,0.011120200670024612,0.1225366418406015,-0.3889886627089113,0.1540158491917187,0.035632781487045934,0.0904003768247064,1020158,0.04177009315411371,-0.2998756380349177
0,100001.0,250,585,-0.5543243466802575,0.5994800096586765,-0.1778796001434227,-1.0521753982156918,1.5657685915044446,-1.239378868458106,0.04903528478153906,-0.7374775876911429,1020159,0.0569363230046285,-1.2442290633439852
0,100001.0,250,527,-0.9937711106926956,0.8204492076526521,-0.2784132748888305,-1.5726735315199425,0.3471117906484254,-2.1002012101697245,0.040005385348714416,-0.3156085534193246,1020160,0.060704545903680324,-1.3498597398956371
0,100001.0,250,546,-0.3109058256656868,0.4212639433760405,-0.11352037009054808,-0.6949210188913781,0.6448098709691363,-0.4494739826329913,0.04775339695224515,-0.7359502346702868,1020161,0.06441091957491359,-1.3816781394898092
0,100001.0,250,431,-0.06202186322878634,0.6058686708822874,-0.10695036087496873,-0.7820272387906959,0.41197050186528267,-0.7083084287919656,0.03944198765419131,-0.3649412514434592,1020162,0.057693623351688726,-1.098898194160374
0,100001.0,250,546,-0.4323005495129894,0.29234195301465593,-0.11068134631206483,-0.6045742121784189,-0.6795420141980186,-0.4445689190282057,0.05086947848487873,-0.6875486406426641,1020163,0.05124153779408707,-0.6945957957265755
0,100001.0,250,518,-0.2787230737894081,0.3673261959691509,-0.10017868699186652,-0.6102311626416145,0.4806946568586423,-0.3578390867697108,0.04575191032723145,-0.4857718700872287,1020164,0.049656286436066836,-0.7310197181840863
0,100001.0,250,541,-0.7800507168469354,0.561937337002917,-0.2052726452150604,-1.1333316478281454,0.18715366007196066,-1.188706504880336,0.04952079182063642,-0.6773564382404725,1020165,0.061619119965408364,-1.202222118643924
0,100001.0,250,579,-0.33626456874052674,0.21901817678402646,-0.08468911208442609,-0.4599792574772495,-0.09560199570568434,-0.42823382581893177,0.04251756665564521,-0.3197270850700413,1020166,0.05876999668293879,-1.235869367068887
0,100001.0,250,546,-0.9770534242515369,0.14109914044144986,-0.16662578629141214,-0.7258654406228259,0.9933235249604926,-1.5091943137501218,0.04560226794273865,-0.5901456285607957,1020167,0.061063699241410085,-1.3227701596610475
0,100001.0,250,503,-0.25030623328561785,0.5791013291539083,-0.13011605575783916,-0.8552494980833534,0.7768639895007655,-0.8873327449017221,0.041385807547370125,-0.32562782507888155,1020168,0.0468960111513822,-0.6413700434549646
0,100001.0,250,637,0.04074926309637632,0.7613435982427659,-0.1161169630489802,-0.9153457772171691,0.0773239288374217,-0.5989134764869315,0.05123755893137767,-0.6689120603314055,1020169,0.05492157102494793,-0.9017954499910286
0,100001.0,250,509,-0.5894165752754923,0.7269015575675934,-0.2038714852354692,-1.2289459826659286,0.7310441352944133,-1.0986349665154604,0.044303114185338034,-0.4363029077900429,1020170,0.0571150529537505,-0.8760705106020422
0,100001.0,250,605,-0.7852770350315627,-0.4290955515177679,-0.046714900842803934,0.08507475461787217,0.3724122809264481,-0.7456621900665588,0.04301730036484591,-0.43212832553210656,1020171,0.05288613423700459,-0.9023198173389132
0,100001.0,250,477,-1.4175802003569757,0.2815071174238001,-0.254478771398389,-1.1472492417831202,1.7456455143593643,-2.9966412356246583,0.05059952101343471,-1.127829662744164,1020172,0.06916328011702304,-1.88819720651582
0,100001.0,250,536,-0.3007485340410489,0.2503133511504195,-0.08456378130771561,-0.4784415482665342,0.6084320869406049,-0.7098801272125344,0.051042300258461897,-0.907900158317157,1020173,0.06019578449335431,-1.3974657023375323
0,100001.0,250,537,-0.5040437441014356,-0.2996221334553683,-0.02609488808813441,0.0846426711858169,0.07004446920514391,-0.3574786816499073,0.041835544944756005,-0.28065988696514377,1020174,0.043762634935842384,-0.5413839286965081
0,100001.0,250,661,-0.3232460695139787,-0.2479252885597173,-0.007799358542954424,0.1228027317766332,-0.2695256568252098,-0.061425721501655324,0.0430188778041242,-0.30832689856765805,1020175,0.04873937191639593,-0.7670557833145405
0,100001.0,250,625,-0.6010112433424759,-0.5609665828891734,0.001556817468523624,0.351690866030101,0.5654514258594281,-0.5780887115625712,0.03713081935649625,-0.06464309449005247,1020176,0.04772083726611515,-0.6877657470409877
0,100001.0,250,592,-0.6738294645263931,0.08237131815524062,-0.1124251959903217,-0.4823273972165989,-0.12989417275566476,-0.5461403483011674,0.055669167046143886,-0.918636509363082,1020177,0.0527068253611097,-0.9579219334025842
0,100001.0,250,526,-1.0716512336625177,0.07189614944994313,-0.16950114775533473,-0.6938813356491413,0.5706832648469315,-1.4416578222944805,0.04761111058448323,-0.7279807370628316,1020178,0.07433467678180336,-1.8549275666272005
0,100001.0,250,432,-1.2049437727534271,-0.8679976178610641,-0.03786231861740412,0.3904963815680076,1.8102330062250944,-1.5916782251703665,0.04212703347954021,-0.3436397891728949,1020179,0.05208738178520533,-0.8399406857388905
0,100001.0,250,557,-0.465460987776455,0.4955813047832034,-0.14819953392804824,-0.8738549216009928,0.12637780472577054,-1.0653614377331508,0.04423098196290834,-0.7546366984709063,1020180,0.05912964836445018,-1.2640323050664022
0,100001.0,250,584,-0.8011998635124254,0.3589352752372791,-0.17560462745331573,-0.895178251891398,1.1499519112394458,-1.314418227382377,0.047083723353203835,-0.5914279814478095,1020181,0.05668742385271425,-1.073946070571383
0,100001.0,250,620,-1.16137970855615,0.08958298095793514,-0.18528382431716686,-0.7668791066742984,0.6873253556951793,-1.7771124452182363,0.05215966386113865,-1.03226260888595,1020182,0.07365406325763882,-1.880876536524508
0,100001.0,250,608,-0.6475771436977028,-0.4178277882942418,-0.028255816981938294,0.14900085184089767,0.13591372212588793,-0.6563587252774347,0.0419718995254534,-0.2673852222200618,1020183,0.05739590341943561,-1.0996243328868542
0,100001.0,250,486,-1.1674491548603216,-0.23667270285131575,-0.13407653944158876,-0.3672876433738467,0.4825273641858085,-1.5507016238873184,0.041170591019459496,-0.3811835003096589,1020184,0.055561085148356316,-1.139276962261496
0,100001.0,250,509,-0.9207333328401536,-0.2850805965678353,-0.08986275143887028,-0.16848043144045674,0.8057677618238875,-1.1067835252146447,0.04836273685865602,-0.6643153908312046,1020185,0.07687354641299451,-2.0429508941387025
0,100001.0,250,549,-0.2706293200614364,-0.3237614699362216,0.01217007419999501,0.2462171164757294,1.213533565196152,-0.18393089343301852,0.04850102052492638,-0.7183872763810196,1020186,0.059715862878887215,-1.4989909618661288
0,100001.0,250,423,-1.1672593019385364,0.2806673356836293,-0.21775045576660693,-1.0044691715749516,0.6131494306184049,-2.355741178216732,0.049287687195046455,-0.9867555655340832,1020187,0.061557539914808834,-1.6581092785408236
0,100001.0,250,576,-0.3385087492062863,0.6153297899909471,-0.14867842362428152,-0.9497530291879359,0.08541046308978288,-0.855030443738021,0.05072291390255123,-0.7465057475010364,1020188,0.05724817316344715,-1.0162917375835845
0,100001.0,250,627,-0.7938677177849269,0.4186775357910525,-0.18398215577550092,-0.9647925665242656,0.34102513448141103,-1.0414094899706128,0.05524574675371411,-0.9635325787788466,1020189,0.06375526177894053,-1.4153789259284248
0,100001.0,250,553,-0.4968431908751917,0.3658800091197137,-0.13199087222095526,-0.7316973344938096,0.4595733113263144,-0.9242206764612704,0.04278715357708748,-0.26859695034158165,1020190,0.05555332192693649,-1.0163535176917071
0,100001.0,250,546,-0.010064360650015392,-0.10738035739934873,0.015778109722068858,0.12668241100766325,1.5160940059475272,-0.19269585076004897,0.03454756389945722,0.035095002499935204,1020191,0.0446710556261664,-0.6414535592320645
0,100001.0,250,603,-0.7396377235264344,0.23314824106625956,-0.14629415115375582,-0.7053980248745102,0.19449845409132946,-0.9195245893708018,0.04954576695172972,-0.5948088664624854,1020192,0.0667627871515726,-1.4147454845428797
0,100001.0,250,494,-1.2370432034390473,0.13623208088112235,-0.2043608276613942,-0.8663708975877646,0.15491867951252927,-1.6585460093324402,0.051425170728998895,-0.7533514068211342,1020193,0.06775055517982521,-1.6048174923953011
0,100001.0,250,516,-0.492011134003578,0.28906657354791915,-0.11903264278412296,-0.6342030223295878,1.0843768436735004,-1.0634510972479116,0.0422962874381452,-0.3353531041554951,1020194,0.04483580661236895,-0.6017677411699184
0,100001.0,250,502,-0.22389088932977447,-0.5433418462040364,0.05444561844102859,0.5434142935293864,0.4437040402127596,0.3306985664417367,0.034420898465376,0.14029548019341104,1020195,0.04260569442455732,-0.3395703555891124
0,100001.0,250,587,-0.6670782840120328,0.7659226104167479,-0.2211991365494911,-1.3210557308661908,0.5443177013679086,-1.35488905927485,0.052159357582693563,-0.804970281791462,1020196,0.0658467912396615,-1.4691347646305168
0,100001.0,250,489,-1.1030105626634128,0.3754078263642216,-0.22313127887219214,-1.085527088678524,-0.2392811306578414,-1.2764848296343314,0.04872322316174277,-0.7020780037680249,1020197,0.06423579925557478,-1.5681696301433397
0,100001.0,250,561,0.1860488337145183,0.3039670440859622,-0.02143812044459168,-0.2695780911425827,-0.4395956200232075,0.12563214534477152,0.03537819695887828,0.08474159590274326,1020198,0.041532574041247605,-0.2488316656777477
0,100001.0,250,531,-0.7659987051872242,-0.06761893252424142,-0.1020066731171332,-0.34928981564711925,0.5001655733846927,-0.8033013467876406,0.043444394394964114,-0.3329684516366972,1020199,0.06470873719707766,-1.322903198676858
0,100001.0,250,510,-0.9976894081162244,-0.18476426409371685,-0.11734950265052567,-0.33561110394636035,1.4320064864212614,-1.5808428234630525,0.048527443105756365,-0.8539099679916645,1020200,0.058456722840914986,-1.1245328089355655
0,100001.0,250,531,-0.5106388869580837,-0.5301493015443505,0.01000600249075998,0.3651167179633532,0.6434748238919314,-0.33917851068128235,0.041156885606943916,-0.29691908578485265,1020201,0.05238135337047115,-0.9191357334028843
0,100001.0,250,556,-0.4745658380718992,0.7203498991868356,-0.18566436697079894,-1.156064775606357,0.37182225778521577,-1.1428537542891193,0.05387108551508082,-1.0108389721478197,1020202,0.06765389230947562,-1.6731619752039315
0,100001.0,250,610,-0.18005896536328728,0.8159927105911619,-0.15745571089884208,-1.1075443089265,0.593573718241209,-0.7430779417373272,0.05076018930361028,-0.6777651432555917,1020203,0.05403176474322841,-0.7897707111061731
0,100001.0,250,374,-0.8616490063454677,-0.3729765032916245,-0.06710834350109582,-0.02563627196857334,1.3529879268517797,-1.5787585024780852,0.036232374151889034,-0.057689141735337436,1020204,0.051711318028960535,-0.880792050071631
0,100001.0,250,575,-0.9815781035230888,0.2315234952823943,-0.1817306986849962,-0.840018368317295,0.024769184943071426,-1.3432719659475731,0.04592870353043664,-0.6216577992222251,1020205,0.05900251128583815,-1.190570366583554
0,100001.0,250,614,-0.4004332033068936,-0.32672082620643583,-0.0065040810655288,0.17637445508269778,0.8485826958167629,-0.436731479275868,0.04125384024577574,-0.31679650308475443,1020206,0.04595661065810376,-0.4690857923591182
0,100001.0,250,426,-1.7365678014091408,0.6795054502488258,-0.3662124182407671,-1.8174085778312024,-0.17060082957236186,-3.12960345588494,0.04530922858969698,-0.4999617225657944,1020207,0.07607120896124253,-1.7957884701279017
0,100001.0,250,589,-0.28653372627130075,-0.11405714706018807,-0.0238715065265686,-0.02133395604413381,0.8874830307037356,-0.2463408910113981,0.04373118585594603,-0.4794491941391056,1020208,0.056889765808100436,-1.0778126539794828
0,100001.0,250,574,-0.1744390480521959,0.1895266267941296,-0.05613014500644746,-0.3321832642007966,0.4282280039284522,-0.28524062484934776,0.03777505601379941,-0.06856523943441008,1020209,0.05004706200348987,-0.7161456387441913
0,100001.0,250,655,-0.23772274682817335,-0.15938795712102774,-0.009413237599682827,0.06204259106170465,0.22211743985004398,-0.4470508113437848,0.04262007708252365,-0.3443050889416397,1020210,0.0554192141441242,-1.1578315353829909
0,100001.0,250,618,-0.4528031450029912,-0.014164323563232457,-0.06436419299658279,-0.2384819103714164,0.17567381159969858,-0.29313148041197834,0.03700297564350925,0.08673002734132065,1020211,0.0467125371258031,-0.533256603277447
0,100001.0,250,549,-0.4326650564017799,0.4556842725021354,-0.13698207647399116,-0.8061361370556323,0.13899538210631,-0.8495887942630307,0.042645415797254435,-0.2668985012287851,1020212,0.0500415847086944,-0.7390467487685614
0,100001.0,250,455,-1.0458352715788868,0.22042886985229287,-0.1899071595668921,-0.8619539520415598,1.3117401735074037,-1.0754611650660493,0.04440472725561582,-0.6189054038787111,1020213,0.05884516212613203,-1.3989359796523788
0,100001.0,250,590,0.00019637334368775025,-0.39122379483578,0.06284381565917932,0.4823386165700307,-0.2811141871209579,0.9786203129204024,0.03142144796770889,0.2661560120456926,1020214,0.03824070475450188,-0.14449507290542984
0,100001.0,250,526,-0.8961774455884943,0.7157593707603063,-0.2471986206407704,-1.388494622840149,-0.0441198613262092,-1.3233010427405716,0.04540130456055349,-0.4187871466723971,1020215,0.05757827714878552,-1.0155133744883411
0,100001.0,250,493,-1.4455517195957197,-0.18949294208040404,-0.18266941735535108,-0.5825221081456167,1.00993782680289,-1.8314179688577257,0.048703863447495735,-0.6995863145023362,1020216,0.06612356095223362,-1.3112918001403182
0,100001.0,250,511,0.007079923799189372,0.3349946365415454,-0.05286179745883749,-0.4089761719085584,-0.06554714231343094,-0.2136031387960408,0.037461950462551866,-0.02655680633013711,1020217,0.047520780311673366,-0.5068299433838368
0,100001.0,250,530,0.08685335816741127,0.621767979769609,-0.08719323323064987,-0.717419363392362,0.6864563461085824,-0.30161218818253743,0.04053042348011082,-0.25297949049273016,1020218,0.04352348364688047,-0.44411519113815023
0,100001.0,250,552,-0.7268971771671136,0.5538235372658433,-0.196088986457948,-1.0933346763137295,-0.016609959544573078,-1.1907942781084682,0.041008833884573145,-0.2479010552251441,1020219,0.05272384403584349,-0.9898486645305102
0,100001.0,250,518,-0.7411419396953518,0.2377571681116435,-0.1474941575075699,-0.7116487935484958,0.9213160362147522,-1.4852547408774304,0.04170483268871987,-0.4348446287234183,1020220,0.06285167551928145,-1.5203073031971854
0,100001.0,250,556,-0.9261829482695656,0.29470043205802265,-0.1837858832549919,-0.8865156324324018,0.6456602343767472,-1.1131955317956612,0.042950525506280465,-0.4031641266573753,1020221,0.06303412393892523,-1.3721606445184849
0,100001.0,250,515,-0.8558681826263984,-0.10229360940031004,-0.1097034607952421,-0.3572214163896585,0.3908389621178222,-1.1419268550116963,0.04136811929272092,-0.24264080934222698,1020222,0.043696209972291664,-0.39575599875325984
0,100001.0,250,512,-0.9805085758738812,0.320845683969564,-0.19617034001365408,-0.949225902371583,0.5228089605240877,-1.530983705937406,0.0424096504395802,-0.5217360735576069,1020223,0.06557291457263982,-1.5218157764657791
0,100001.0,250,574,-0.1178619932605042,0.2585185955536471,-0.05888046279979819,-0.3852575975378474,0.12974320302590214,-0.3954843596412906,0.044279100661597744,-0.469604902982506,1020224,0.04540920279357902,-0.4795795098357525
0,100001.0,250,561,-1.1979108812905603,0.7519805295246365,-0.2972659583175861,-1.6037300658349205,-0.26995971899539484,-1.831136950908693,0.045720372529544695,-0.6607565857775974,1020225,0.08153173933604861,-2.043225803934281
0,100001.0,250,599,0.2884974057167843,0.054995614449699234,0.03363973768468577,0.09525782908011736,0.4073806763286669,0.5811212737995188,0.04061537897319832,-0.19622590923578992,1020226,0.04241041871996988,-0.2500445654272892
0,100001.0,250,484,-1.2998592543487009,0.33330024911007233,-0.24541295615744485,-1.1447086307079517,0.8508369826673282,-2.184219265767232,0.0663927823677645,-1.5824820260968568,1020227,0.07101011573174418,-1.811216959672066
0,100001.0,250,497,-0.6537825790803528,-0.15622468557508415,-0.07125683146975198,-0.17653535922333805,1.4741241668331515,-1.235688278179281,0.05383328545598951,-1.0306086317320098,1020228,0.06533917002657265,-1.6676871937000841
0,100001.0,250,593,-0.5082438591259463,-0.16807856616099145,-0.047837162433552564,-0.08004703304995632,0.5714937314821172,-0.6414185340278417,0.0521698399083914,-0.6977194942604323,1020229,0.06106921145786285,-1.2808449629279623
0,100001.0,250,601,0.029136868624697183,-0.3350250284779953,0.05806649263481005,0.4294167734543364,0.07878260800784641,0.4932613407094994,0.032917642998711506,0.2724236908941513,1020230,0.038226765691357016,-0.011119720063437631
0,100001.0,250,541,-0.05455082061645727,0.4248510870435648,-0.07633979502742277,-0.5545322921098554,0.011300065151249173,-0.4180739838886329,0.04086513902449557,-0.08775114385664673,1020231,0.048198263720795255,-0.5210371575561138
0,100001.0,250,544,-0.8081742691505197,0.3555374427403639,-0.1762227771537009,-0.8947973026071675,1.673001285188722,-1.929288609444972,0.05141073319617629,-0.8210207084012003,1020232,0.05497382759510449,-1.1501665997591848
0,100001.0,250,617,-0.18045974541407134,0.16522554150769198,-0.05306980013544777,-0.3056529052585838,-0.004209117687949343,-0.5089374680935638,0.036844613476949284,0.04196006839986277,1020233,0.04856613672053303,-0.5929964048335991
0,100001.0,250,503,-0.9475114019753272,0.6672742937574244,-0.2471059669061931,-1.3576234022102902,1.3061115493341928,-1.6778909979520933,0.047025304683022316,-0.6079366733009788,1020234,0.060611365071139636,-1.29397120568533
0,100001.0,250,520,-0.9243583737738248,0.4292451837424683,-0.2052971068050655,-1.0511860361135097,1.6373818426655256,-1.9294186051444635,0.049559846528973016,-0.7818252664739224,1020235,0.07262763375023094,-1.8016567116520288
0,100001.0,250,493,-1.1018630968562029,0.390388785670418,-0.2253520292413673,-1.1033731726542806,0.0844250214242648,-1.9877062892107258,0.04177306399685656,-0.3753178592858343,1020236,0.053282609345570914,-0.9539530131761929
0,100001.0,250,499,-0.5233085237258691,0.12829002943353798,-0.09781622288866676,-0.4536280877988934,-0.25888462223324904,-0.5726777994708914,0.05012043394605903,-0.7768737589214421,1020237,0.05765392048774429,-1.2423148041460292
0,100001.0,250,616,0.01580868845306968,0.3099977785755736,-0.047416661130140834,-0.37315782877292797,0.0008525069141402968,-0.02294801889897262,0.04087304969969815,-0.19937581513649694,1020238,0.0469204807295563,-0.5749858075620865
0,100001.0,250,591,-0.23441318736370134,0.13314809562252974,-0.05588825113885501,-0.2965907997810425,0.6806302135392054,-0.3853372738519967,0.04071150533808025,-0.3683163443759997,1020239,0.04922857499292271,-0.6510421615849701
0,100001.0,250,569,-0.3317811749887313,0.5135079956749731,-0.13135373413868265,-0.8204377192450742,0.2252004476147581,-0.9514548484653278,0.04873581643584315,-0.8731982729969817,1020240,0.05717036057067406,-1.2444502049586066
0,100001.0,250,447,-0.9897729501826652,0.062104956103769475,-0.15613668445922604,-0.6350551956123068,1.8156006880800395,-1.8719388233595635,0.05474666066643485,-0.9153968529309388,1020241,0.07297577406399791,-2.0447772382435336
0,100001.0,250,497,-0.2387434132526641,0.5396667767693514,-0.12208574762101528,-0.8001048047810757,1.0915687210877298,-0.6413673829528598,0.03893473119350237,-0.3190143144631261,1020242,0.06621265528062073,-1.7140415308243162
0,100001.0,250,593,0.07283951954223003,0.31402562656172744,-0.03969313498963106,-0.3459069206864192,0.7320469182815754,-0.4723770347968241,0.04251003202986057,-0.2727256458637501,1020243,0.0463856170533336,-0.6501501403338964
0,100001.0,250,477,-0.6529710040083764,0.06728189085466905,-0.10716821907804942,-0.4515354189819141,0.7495439039042189,-1.3619764869930495,0.052349430425731466,-0.9660780799147202,1020244,0.0606194786533477,-1.3717196084979597
0,100001.0,250,495,-0.7335564979247571,-0.08865700043115217,-0.0939015111285956,-0.30486482477841903,0.6476255759220159,-0.9425886449612746,0.05002144364110686,-0.663469390425472,1020245,0.06909815661174715,-1.7163775837004267
0,100001.0,250,543,-0.5422051726151145,0.5665234648494771,-0.1709582447444114,-1.0046370972404433,0.034813076088828415,-0.7166265505848157,0.04801294941336176,-0.6482685893475215,1020246,0.060271022949059574,-1.2874709758380225
0,100001.0,250,623,-0.31214007254384785,-0.09166157786442994,-0.03122712980640562,-0.06346103399973067,0.6078528199333736,-0.2971212552446466,0.04130504601504261,-0.2269753482986134,1020247,0.04600411571845695,-0.5302897293717505
0,100001.0,250,554,-0.19678914168001985,0.02256011338924625,-0.032613758452934835,-0.13898294879470505,0.35006289897032195,-0.16695960648188155,0.04164709328196374,-0.2551453640058779,1020248,0.0505466333835015,-0.6938361036472889
0,100001.0,250,583,-0.463779855871076,-0.2004855692464168,-0.03609064268255096,-0.014949044685944013,-0.4102768459234688,-0.5572822959923786,0.0416831105715676,-0.37604919311406093,1020249,0.049174391457387535,-0.7998205883054166
