start,end,N,SS,FayH,bsfs,FulD,FerL,ZngE,TajD,Colless,btree,path,iColless,ibtree
0,100001.0,250,722,0.01890299227475872,0.6299354039462103,4.823891568983316,0.8803747925776978,-1.3106567550039612,-1.2993062459824567,0.03326068003487356,0.2040746097455144,1010000,0.0513773967617392,-0.9113049608727164
0,100001.0,250,707,0.011537651823844105,-0.21760110879561012,4.9109704443789175,1.0859133435257915,-1.6901947826912789,-1.7630986686504495,0.03650801121151271,0.044737850230792436,1010001,0.059093888929034326,-1.1394173207617726
0,100001.0,250,743,-0.019208034285122324,-1.1903208285525448,5.9861388839147445,0.8756720993614875,-1.5410794561821262,-1.809422765430684,0.03767105011282492,-0.047534468460174686,1010002,0.05657257869410012,-1.3679269315127978
0,100001.0,250,710,0.01449787616446559,-0.1803042805222265,4.259515423846317,1.080838836786532,-1.6634800745867673,-1.7138159166323688,0.0357421621971758,0.04551910876926865,1010003,0.05977062371349196,-1.6491573069005956
0,100001.0,250,762,-0.017528156338110286,-1.3118857043993253,5.033889234396389,1.0243744533670265,-1.7719693522572484,-2.0493060655786715,0.040657992109844616,-0.2951415698541062,1010004,0.0552164280950393,-1.2331162953554065
0,100001.0,250,771,0.031759022568830765,0.3824853319237522,4.691562597703379,1.180413110428734,-1.7172269596308307,-1.6541341534312834,0.032121904338882845,0.2753301086894256,1010005,0.05025960132931001,-1.0320969634472126
0,100001.0,250,748,0.018209885722989653,0.4534416980341206,3.834646445507919,0.9101400201090036,-1.3632792182211495,-1.3610803716963198,0.03675816833396335,0.005362695419117478,1010006,0.05097160076755879,-1.1465951964653047
0,100001.0,250,822,0.023424773503039155,0.4550021979107523,4.7187885587677805,1.06663320878719,-1.5846281147196968,-1.5659064135827636,0.036506682467575234,0.04132149789482612,1010007,0.05210452593350838,-1.2715333498959631
0,100001.0,250,732,0.02154145037118957,-0.028380045985130137,4.507292037846036,1.1251672759019995,-1.6914333368697156,-1.6960652357857429,0.035283105414907937,0.1272263801774365,1010008,0.049905747760118205,-0.7930234515779306
0,100001.0,250,724,0.0414510304598639,0.4249282408061231,4.169911266740798,1.3397317997080538,-1.9153082044286232,-1.8046186376830182,0.030425419556849582,0.4519912562008386,1010009,0.052611036641629055,-1.1705072024268586
0,100001.0,250,730,0.044284825087665104,0.4080976257956613,4.528126218840655,1.3113145331338192,-1.8514813795608167,-1.7157091542424527,0.03415366661336388,0.19754653918181087,1010010,0.053229831320270135,-1.0483781453428274
0,100001.0,250,777,0.029736565243411662,0.6283987633757786,5.122442460838191,1.1380380958182832,-1.6610890042142945,-1.6066861285974237,0.031593286702995584,0.35852980464459044,1010011,0.04553276218478404,-0.6243495071671159
0,100001.0,250,785,0.04443723233389505,0.3092026371433456,5.184497424774861,1.289067272338982,-1.814304065280981,-1.6733835884287154,0.03021140652489952,0.6586874731548191,1010012,0.04533005764116162,-0.5473115871478131
0,100001.0,250,655,0.02537493395721934,-0.4603524367852983,5.516975798358864,1.2491154181742552,-1.8686865715207088,-1.8643208069769537,0.034053340433557414,0.2181302675171924,1010013,0.055868973204646566,-0.9812244425724884
0,100001.0,250,714,0.04515249470205671,0.280679529956708,4.512044798742405,1.36968934543467,-1.9408335001031205,-1.8074128365588769,0.033228261468615516,0.2264819890842901,1010014,0.05528727814483739,-1.0949683765373328
0,100001.0,250,745,0.005735834885815578,-0.4058355525270433,3.8369806688400345,1.0409649295533103,-1.6535142706690549,-1.7621458711521278,0.03843153868265484,-0.12904668338972589,1010015,0.04660525836310568,-0.6276522314785251
0,100001.0,250,709,-5.817191473359486e-05,-0.3373955670991091,4.6194788424615565,0.9771111190944676,-1.5860259478555816,-1.7284530921988428,0.03377351912393408,0.14474566194214056,1010016,0.05719723597368497,-1.3591941598091857
0,100001.0,250,816,0.02577517048438269,-0.10591950251894433,5.103679760465608,1.128239729684221,-1.6699192558961482,-1.6428338796357709,0.03162235159180889,0.3700827017320219,1010017,0.0456356655172509,-0.7197035602768476
0,100001.0,250,734,-0.015604431985206625,-1.514503283531227,5.266005893097217,1.0893907542301662,-1.8653761240459823,-2.138267200794644,0.041221178197927706,-0.18370844931128646,1010018,0.05823178671021654,-1.2864850826793943
0,100001.0,250,624,0.0316048350098348,-0.8741064772957445,5.394655532054467,1.4125864727197257,-2.0951330443273197,-2.0694532460905743,0.042358048153945546,-0.41299116626740456,1010019,0.058660448244591275,-1.4860093465387263
0,100001.0,250,778,0.003142147828405419,0.13583061133231125,4.0820147015892365,0.7262640908161392,-1.15902512466759,-1.2408985488297593,0.03605310896836393,0.08849643932817483,1010020,0.04969479930614792,-0.7407243782219237
0,100001.0,250,748,0.034743270615775056,0.5534959153561743,4.727073274671098,1.149708222433365,-1.6487815339271985,-1.5595659290214996,0.03606639479954995,0.07535290991740963,1010021,0.04803007628948111,-0.7602588880641142
0,100001.0,250,831,0.038846703592683995,0.6153015314461207,4.427399718560731,1.1596610720106388,-1.6391547483639095,-1.5201715383318175,0.03602064884437775,0.05486842610434939,1010022,0.04716424204090236,-0.8374235889788699
0,100001.0,250,750,0.022872171730898,0.23412485567386115,4.706208788882011,1.1128652749072727,-1.6631490532749884,-1.6559725294260712,0.039176915299313685,-0.07541966943401024,1010023,0.05939920339168181,-1.3523555728327543
0,100001.0,250,780,0.01442894102020048,1.2120630571815472,4.552753344606625,0.6893715399644452,-1.0286107404959586,-1.0220260151762666,0.03401248515110196,0.2423140019943707,1010024,0.04973567711231451,-1.0239647693240028
0,100001.0,250,729,0.02401717371526639,0.1817909359933413,3.989262906540695,0.9375902598265526,-1.3715655338429686,-1.3307932483920095,0.036124475655681706,0.10321019587380463,1010025,0.04843795101174362,-0.7954257929647914
0,100001.0,250,775,0.03200980208838724,0.4251534165203296,4.848273171355224,1.1552979133543702,-1.6748954346181966,-1.606273875647915,0.03420114821888899,0.23217723220415584,1010026,0.048579923037430466,-0.7921733675974681
0,100001.0,250,806,0.05140871848879452,1.0677148999969774,4.660947569604339,1.1169583622026966,-1.4913507234672083,-1.2739745265830071,0.03072403574411608,0.4882576782970618,1010027,0.04152554920141395,-0.26379831252151703
0,100001.0,250,828,0.0068728859561202615,-0.09350295666880568,4.431636831473528,0.9722183752054394,-1.5349063870424908,-1.6244177725543099,0.03682222687275155,0.011071843796729238,1010028,0.05737111536273855,-1.146910227172944
0,100001.0,250,688,0.03472262097616238,0.07331637491835041,4.827197211543081,1.26175274658003,-1.830834536771014,-1.7589365013389682,0.03044215608665128,0.3884271506872237,1010029,0.0425079012285702,-0.4531341123180259
0,100001.0,250,748,0.03601310622951872,0.5442826572598353,4.701575365266435,0.9962817130430188,-1.3918576521937012,-1.2710623065711182,0.03285309493104385,0.3003054035381669,1010030,0.047244924845087063,-0.7218714233807282
0,100001.0,250,722,0.05448164711523644,0.5829618578270892,5.58978799893969,1.2907801187500376,-1.7545019438592993,-1.5408097986260159,0.036384380913256936,0.023050641837848933,1010031,0.047562925398865925,-0.7997006075690449
0,100001.0,250,758,0.00882021568371312,0.18913791822617454,4.548354400458441,0.9723456783275052,-1.5228951292600503,-1.5987383304626193,0.038199392552288026,-0.1270998036713717,1010032,0.057601944781021625,-1.3083465870796571
0,100001.0,250,777,0.04367610170833667,0.2540859027086461,5.073338598663387,1.389869832532615,-1.982671151259912,-1.8620404106135264,0.04166388784763027,-0.2458782278533799,1010033,0.05112680182034353,-0.7714964656571279
0,100001.0,250,668,0.022015420079157917,0.021694650733591968,4.721889576175808,1.1018901304283495,-1.6507291000103674,-1.6493889407918054,0.035010536897376675,0.16119410971236506,1010034,0.0486057526723732,-0.8480424816962686
0,100001.0,250,657,0.02248544495433074,-0.028533415356702292,4.243589311979147,1.1868404011833884,-1.7856533182176544,-1.7934259525549092,0.03415211899075992,0.2614506573280887,1010035,0.05304488372157122,-1.0132844485158579
0,100001.0,250,714,0.018874288645274316,0.2918179876882777,4.966016435523443,0.9642103103912516,-1.4468895616051678,-1.4480140125361414,0.036485595276787186,0.06775183509823189,1010036,0.05778933707178945,-1.222031008607462
0,100001.0,250,774,0.012154264555546627,-0.6892198233225675,5.869046969486956,1.1608636993416783,-1.80801589080185,-1.8864145255956999,0.033838142456486815,0.21800832652909885,1010037,0.04691188243461852,-0.7198065638121104
0,100001.0,250,759,0.02319375642538961,0.26414249679080176,4.789585457983205,1.125282456808134,-1.6812870869359289,-1.6734310347051793,0.033173584843690984,0.3126988419931493,1010038,0.05184581776118384,-1.146868799081415
0,100001.0,250,718,0.01341765884709275,-0.391858454110002,4.814891450907799,1.1448628732229718,-1.7741269260802428,-1.8416092633697565,0.041215998342893016,-0.13902684322534892,1010039,0.061372097507096386,-1.4713142752714243
0,100001.0,250,755,-0.028631125727067105,-0.8290528281323537,4.048217256666422,0.850943302482978,-1.5598581995001608,-1.8938972546976731,0.041518039731973,-0.2519669016974763,1010040,0.06278976170697162,-1.517108746009452
0,100001.0,250,717,0.03766010857978557,-0.5387777644873457,5.570532118587093,1.4330160440150743,-2.090376753287377,-2.0212578791632585,0.0364529947747981,0.045677662285615296,1010041,0.05436852132578629,-1.0366110473287675
0,100001.0,250,749,0.037600302238009316,0.4065356237394108,4.9458038875839945,1.1742800188575266,-1.6708084282447349,-1.5641045146871326,0.033713318837687245,0.21249977576156906,1010042,0.04954344855512177,-0.9247677198084044
0,100001.0,250,761,0.02237238306748128,0.4155917857907797,4.317687648974862,0.9632562774312438,-1.4234679332958904,-1.3981806460751092,0.033517270921296284,0.2642539973872972,1010043,0.053103896953300235,-1.046008169153613
0,100001.0,250,745,0.016341823166904086,0.30843545140770706,4.860978529785852,0.9791411478614463,-1.4869291676862773,-1.5085143495635958,0.03621006929160234,0.07601832187521168,1010044,0.051692897152258,-1.0125881440400726
0,100001.0,250,778,-0.022478370931570416,-0.6435895101620461,4.4498231241941735,0.7473867103565017,-1.3534288626260977,-1.6270117183138952,0.039605150771982484,-0.24982575265260534,1010045,0.050464740292361934,-0.9782885523105084
0,100001.0,250,713,0.022351038172028426,0.1352432997898685,4.6564223966397895,1.1421661082566212,-1.7139715549210974,-1.7153668448786419,0.032148674646527,0.310032848824479,1010046,0.04806457010839056,-0.6813608960586159
0,100001.0,250,714,-0.010970672392385843,-0.7087416334509488,5.233058574806411,0.949163111720995,-1.6088141887134049,-1.827457512864316,0.04079325023857357,-0.2754463409008184,1010047,0.05571797702767416,-1.189227399291248
0,100001.0,250,714,-0.001722334017640262,-0.1747904318228249,4.164890017674553,0.9454402535766429,-1.54502868210785,-1.695049226049019,0.03339569157709316,0.2631329673437701,1010048,0.05013441665877117,-0.879907090335982
0,100001.0,250,768,0.022773583644732174,0.18119941987200566,4.821343989830536,1.0082867868042211,-1.494036319530072,-1.4722379947507052,0.03270700668679683,0.2414808599343897,1010049,0.05265542146338415,-1.0680776911342909
0,100001.0,250,823,0.0366459743557572,0.4090634964757761,4.5005999806803,1.0932058639876694,-1.5450748575468038,-1.4328054359041171,0.03620374799445925,-0.037572993531704346,1010050,0.04810419472337963,-0.7683415804403648
0,100001.0,250,746,0.03663456167617922,0.812973370424576,4.824746470918062,1.0564348159933366,-1.4855997317134753,-1.36896908025927,0.03273031224718075,0.20801416474420667,1010051,0.047522450039539234,-0.7444551243938959
0,100001.0,250,838,-0.0012195546686942828,-0.2569535254623183,4.318940355632791,1.0049119921734075,-1.6385902206048903,-1.7923273382898424,0.03864810667829193,-0.16944834255270666,1010052,0.05003443606241895,-0.9167694614558158
0,100001.0,250,680,-0.025807829708007587,-1.2938360746162316,5.368843279401365,0.9159671772801128,-1.647432917489275,-1.9708245034089675,0.038925384841651145,-0.07617881881091436,1010053,0.06927201375272746,-1.8419410308872708
0,100001.0,250,765,-0.03220060453339325,-0.8090069729235254,3.8051397878227653,0.7073113947139965,-1.3491019994452316,-1.6885587852366493,0.037540782335869265,-0.1672283712002666,1010054,0.052618372192417565,-1.212967951628146
0,100001.0,250,789,-0.02525261101311008,-0.4976327130857946,4.51381509647629,0.7151710873550595,-1.318519049555497,-1.6078038542090034,0.041014263837816124,-0.323553107128087,1010055,0.06272606841869333,-1.5524588882179675
0,100001.0,250,739,0.04962579951544403,0.3631579452808303,4.641706828738964,1.2242422202649632,-1.6767940125548817,-1.4889344745210602,0.035344867316015716,0.15581393892983994,1010056,0.05047821017590701,-0.9657090021343926
0,100001.0,250,716,0.012650987557895607,-0.5145488575178716,5.582626942697799,1.1153160705491418,-1.7309638766745028,-1.7998256581884835,0.03682837943639915,-0.002841474269904027,1010057,0.0584982828882025,-1.4461748784574298
0,100001.0,250,755,-0.029521830514030588,-0.7795195364052687,4.957683706891997,0.720785447436751,-1.3541925990230237,-1.6759402312153218,0.03745742359000105,-0.12889356923205111,1010058,0.06159199008013624,-1.5444773648727654
0,100001.0,250,717,0.0017942475710539696,-0.942922826674674,5.304600088625115,1.1628500889799152,-1.8758933305267769,-2.031568779524965,0.04156131385013539,-0.3643997930885301,1010059,0.062432333018710776,-1.6332099625246297
0,100001.0,250,685,0.010025603327541082,-0.14504497834638047,5.167977460815276,0.9657348363023598,-1.5045955744102315,-1.5714272566932497,0.033166707106451136,0.2390966807202674,1010060,0.054062985197709135,-1.1502046293476913
0,100001.0,250,763,0.009089526690537688,-0.06600564195315711,4.673238372306913,1.0460810507999498,-1.640879868013401,-1.7253617646940034,0.03681441662491396,0.032280853277940176,1010061,0.053543780858199864,-0.9945435388560844
0,100001.0,250,696,0.0439384964999577,-0.12175568093442905,4.927895524379481,1.4078432108011445,-2.010371323817961,-1.8917557750277831,0.030174333524209482,0.26492540939152953,1010062,0.0466808498210631,-0.9900446349656864
0,100001.0,250,680,0.007845090757325006,-0.1691381633966039,4.976418662372626,1.059377694998139,-1.6701585455562369,-1.7667438899514432,0.034238335831806466,0.21094750807581364,1010063,0.04791957400049809,-0.6388245595466292
0,100001.0,250,763,0.037190135160295235,0.5690080430561079,4.748237432453535,1.1362689945318027,-1.6116590369821633,-1.5022890581294936,0.03458866332209978,0.175493028740516,1010064,0.05024107650799551,-0.8378300218186285
0,100001.0,250,717,0.032539356657133166,0.5017757603972094,4.4270243897505805,1.2244254539740391,-1.7838458287113277,-1.722129842261157,0.03724863236319315,-0.06766408748757806,1010065,0.04931410228728533,-0.9180647113614788
0,100001.0,250,757,0.013571486191058071,0.2263450431034661,4.23090005060235,0.9603329513907384,-1.4737136792984757,-1.5128447458802523,0.03581805467453005,0.07148033361108408,1010066,0.04782890799094741,-0.8695444887312159
0,100001.0,250,738,0.0399523345650086,0.23595673187385915,5.013970039933619,1.306634257118824,-1.8709288387684624,-1.7662496922491298,0.03480071053713157,0.11974056977831415,1010067,0.0506347343649575,-0.9121925547372622
0,100001.0,250,694,0.008004895941553515,0.4669797696333553,4.676320771525094,0.8257529147013823,-1.2900532503229605,-1.3512807581102833,0.036285170005535335,0.037769567562167115,1010068,0.043082903315593904,-0.4924350514143498
0,100001.0,250,720,0.037749728501379434,0.5844837130621787,4.634022150336478,1.19046538753009,-1.6961952634432744,-1.5911460467897112,0.03277977002913346,0.2344412450710978,1010069,0.05091546954708673,-1.0252700422871752
0,100001.0,250,719,-0.008273699766642193,-0.5253087209450165,4.2469771057922205,0.8950704487021798,-1.504204251331696,-1.6950859697807428,0.04128144254779828,-0.2606062765732906,1010070,0.052548681421090884,-1.1148512468696434
0,100001.0,250,776,0.02662465786808833,0.5425183311181591,4.100531698102978,1.0754224650581703,-1.578918828066239,-1.5383872624991477,0.030005543121689574,0.5615562518767582,1010071,0.04542616468679772,-0.61077291707995
0,100001.0,250,783,0.0016594770463033742,-5.754054476116124e-06,4.620891417773107,0.9646197483379222,-1.555127852460531,-1.6823358277845448,0.04057572795927542,-0.19507931973634327,1010072,0.056133310436042735,-1.0569211867213313
0,100001.0,250,660,-0.026227491308505463,-0.4280511321281629,4.903207524511523,0.693284496625879,-1.2886042563325628,-1.5828062944965915,0.040913085111482735,-0.2416138069299805,1010073,0.060511094071140685,-1.5134773682854827
0,100001.0,250,729,0.01491058481110104,-0.12480646920297216,5.114067143433567,1.1095094183886065,-1.7074355821794087,-1.7586512572381472,0.0371236541820205,0.047098571360149284,1010074,0.0586823292552832,-1.2225403023672587
0,100001.0,250,670,0.03451927553248909,-0.8416064979740926,5.608831980880972,1.4675918786944544,-2.1661564345962643,-2.126079104365165,0.03151390697670894,0.2352662060123185,1010075,0.05128201994425255,-1.1778250210945092
0,100001.0,250,728,0.025479615159199224,-0.4046546830613848,5.256310550995557,1.2920475003770144,-1.9376599576552307,-1.937567297605021,0.038891182611176,-0.07326749114268334,1010076,0.05499016351404956,-1.2698227528716055
0,100001.0,250,799,0.03342678207370345,0.6745863223396517,3.439433760548764,0.9837651565764532,-1.3876214877012882,-1.2835132671782998,0.03450826963769052,0.2301837264447913,1010077,0.04665511257332402,-0.5501452929271039
0,100001.0,250,734,0.008340062946996244,0.049331291492803284,4.330683636069879,0.9058586967890288,-1.4179806251850628,-1.4879682285765483,0.03363091527923711,0.2432877254778469,1010078,0.05063425241514747,-1.0314776268211647
0,100001.0,250,816,-0.00655910665978126,-0.8208118224892712,5.080294593378184,0.9423861749802542,-1.5704718913660538,-1.7547032596673195,0.039528994112651324,-0.24186617018195314,1010079,0.05250795295878855,-1.0865090406930324
0,100001.0,250,824,-0.0075280513994013375,-0.07326308809001332,4.398735031580308,0.7741541201142175,-1.303508855934069,-1.470557796807434,0.038724095131828014,-0.10732907347636356,1010080,0.04828691807847822,-0.8057104780855568
0,100001.0,250,751,0.042716460018889284,0.8829987605445817,4.4672478202622985,1.105561890801381,-1.5273215198375512,-1.372967570669593,0.03290607941793328,0.2421732951011564,1010081,0.04568912321612422,-0.7328986943749839
0,100001.0,250,706,-0.005886060346625692,-0.44680775285747054,4.058152963220047,0.9642320275040984,-1.6015035789797312,-1.7849936525451833,0.03945057140486562,-0.075677854314801,1010082,0.05982680044380082,-1.3247151612159511
0,100001.0,250,800,0.006721432129421844,-0.1989472254120178,5.029210514524869,0.856088708201016,-1.3473621738212262,-1.4214689152780855,0.03336689050107237,0.16813354058768673,1010083,0.051299103222927536,-1.0899214715962124
0,100001.0,250,799,-0.010418216226311809,-0.23665251672038784,4.275227947116979,0.8147645593256532,-1.3874453523424908,-1.5818097947631282,0.03521250845939287,0.02330390426908388,1010084,0.05490085248935055,-1.1347248018936311
0,100001.0,250,747,0.0017216615289311168,0.13753764765861615,3.9205285536769243,0.8972132739803835,-1.4453029601469498,-1.5626366728315717,0.03612846841150325,0.07893517722249906,1010085,0.05060785988918013,-0.8058586760567757
0,100001.0,250,730,0.021153214797945432,0.4725540716499786,5.155069396447581,1.0667034382632536,-1.5989812021763357,-1.5980150502502508,0.03969780001240306,-0.21224013236305575,1010086,0.05421392314124535,-1.2203271041352703
0,100001.0,250,745,0.006343818395649361,-0.053629682915734514,4.0673801875528435,0.983053550726059,-1.5557340062553675,-1.6514965279930591,0.03584770631431717,0.15102193666275995,1010087,0.05456173860623237,-1.1099818506437251
0,100001.0,250,819,0.018631316919099028,0.3842983579245524,3.7455335938092977,0.8375991939196941,-1.2428896554171076,-1.2264699852712675,0.03277219796076092,0.302121480521456,1010088,0.04213707702564781,-0.5003707122642522
0,100001.0,250,665,0.05184037656430922,1.2097916917559437,5.244324905607192,1.487991332184829,-2.0912122510310094,-1.9267333748163045,0.035093178439304346,0.04770498740114434,1010089,0.05169307785004902,-0.9937498917243174
0,100001.0,250,750,-0.014562942674380203,-0.8986378602261671,4.8587908010537735,1.0339851146604744,-1.7690040870248234,-2.0260216969911307,0.039748362490334636,-0.1643503190877761,1010090,0.05800757497139378,-1.5241401163855357
0,100001.0,250,803,0.016261047980410163,0.2829680684301952,4.452329226921717,0.8823382324682926,-1.3303243321141929,-1.3379454571049805,0.03358610914245218,0.3492576945384183,1010091,0.04510208576240447,-0.5408024360112035
0,100001.0,250,732,0.016301312283338847,0.24574776860663824,4.924119415026176,0.9084036803979528,-1.3723872562588295,-1.3841528072401852,0.038756114872940166,-0.2663405876737474,1010092,0.052982147209845336,-0.9733308425201234
0,100001.0,250,669,-0.0017868461897900202,-0.9750157077607072,5.308459213240312,1.0893420611367564,-1.778862470145938,-1.950861252608356,0.03980234929442356,-0.3658965607150103,1010093,0.06528213378645867,-1.7385784447201325
0,100001.0,250,690,0.044265234389330416,-0.060658966678974476,5.715927354272545,1.3991031146743242,-1.9941631385241712,-1.8719827084750589,0.031153467389004492,0.4709845328607088,1010094,0.04865250475586557,-0.8699694022384616
0,100001.0,250,693,0.014742272289581445,-0.9217297918426821,5.34772516489844,1.2345329507151996,-1.9113614639107637,-1.9824908070602016,0.03714295759496257,-0.0753684319337641,1010095,0.05488772778682687,-1.2356208747560993
0,100001.0,250,706,0.0027377974099591232,-0.467813905011561,5.030326672567937,1.105114894099766,-1.776290893928321,-1.9167771998123413,0.033781304111326765,0.08466642787692051,1010096,0.05139288216848857,-1.0969819148376003
0,100001.0,250,691,0.0107397211526986,-0.4610872420932336,4.6824658995229385,1.0065025299895891,-1.5662989895521788,-1.6337336840949952,0.03482131290137507,-0.061585782933757924,1010097,0.048582104308575534,-0.9529622905369832
0,100001.0,250,727,0.03541802926874218,0.7057726023085178,4.716969503960273,1.0471205537760908,-1.4781182909562651,-1.3693308104050717,0.03363468492427952,0.1597421183224202,1010098,0.05179319428250638,-0.9690793436495624
0,100001.0,250,641,0.01750170466406912,0.06691780088856672,4.486150239755554,1.1235455577857056,-1.7140283223202375,-1.7495000036004618,0.036665264430154616,-0.107808857956774,1010099,0.05151120265086565,-0.9533052385745192
0,100001.0,250,760,0.028828430692465826,0.4569126675884799,4.20195924390443,0.9385724617146496,-1.3430708409560033,-1.2666850371866882,0.034170818793179236,0.1917853815830741,1010100,0.0489812280846045,-0.8437024183433833
0,100001.0,250,658,-0.0024668452369805355,-0.5608221040920637,4.435164733371884,0.9999620155608516,-1.6380403759266893,-1.8021558800863864,0.03551288141260934,0.0878788458991392,1010101,0.04917902112678711,-0.9433537636003659
0,100001.0,250,720,0.0006571238844441776,-0.7665900052194217,4.68698837277642,1.0974891640622604,-1.7769296908450225,-1.9314461554834683,0.03654305706954125,0.15792428527481173,1010102,0.06453756431366732,-1.6295753254858143
0,100001.0,250,723,0.013994646337796134,-0.7041918811786105,5.182174156451347,1.2116204410351288,-1.878862468851774,-1.951721071314956,0.0417472601955273,-0.23228070976591206,1010103,0.05519127667398168,-1.1357842331870778
0,100001.0,250,784,0.019965261960394425,0.4873276904908863,4.246033341843054,0.9211584548114652,-1.3701774297037923,-1.3562979132989346,0.03651658605749165,-0.008882479897709412,1010104,0.04720540044769745,-0.8066493880386348
0,100001.0,250,724,0.019571395913487003,0.4074925564772265,4.591314984501249,0.9016585549607704,-1.3410217174624324,-1.3278189472655624,0.034599889227078656,0.1413610485892526,1010105,0.043803435867494106,-0.5771005231987383
0,100001.0,250,664,0.017144862836610555,-1.0420252129957246,5.342975636261394,1.3328181835297253,-2.0558476197814466,-2.124104326390778,0.04323508455072663,-0.3447919790832525,1010106,0.061899136549844365,-1.4791480670908632
0,100001.0,250,690,0.022828250278645608,0.1797514627130989,4.224079070015069,1.1603630340666664,-1.7405330822897151,-1.7413950570546732,0.03486877688468013,0.1287730669478459,1010107,0.05654448915205415,-1.3490190404202729
0,100001.0,250,698,0.040176844408703734,0.3902492282682534,5.096101312984703,1.3074043791080556,-1.870855969633292,-1.7652835414602883,0.03269001392753354,0.2963417296268926,1010108,0.046311940055055616,-0.6840145092871011
0,100001.0,250,737,0.01326751032040227,0.13061038114109225,3.9899287232743066,0.8881769408599657,-1.3585105538734572,-1.3896266732120592,0.03226826611962301,0.3116557003841744,1010109,0.040989384482903166,-0.20564869614692727
0,100001.0,250,790,0.02394607688688899,0.3195450842397717,5.059632889324883,1.0556423047427703,-1.5635489316166418,-1.5397294048018058,0.03338371769355802,0.1873825275345936,1010110,0.05243752006623968,-0.956914863589026
0,100001.0,250,752,0.0426404611168713,0.18236271662878575,4.964448905338792,1.3748453320682787,-1.9648072976900093,-1.8500062215730797,0.032510896865296755,0.24622871115171266,1010111,0.04845769609280358,-0.8650441155051067
0,100001.0,250,717,0.040231034505830286,0.8382784739146324,4.267465171773393,1.1189537027486716,-1.5646571023435476,-1.4309998446601784,0.03589763384070973,0.13630798892242366,1010112,0.046101501220715775,-0.5800772918540437
0,100001.0,250,703,0.010773527393056226,-0.1836044565354171,4.739555943522613,0.9634711569309768,-1.496263637943985,-1.5570426160258108,0.03132806421604042,0.41500905902151214,1010113,0.04518156194894904,-0.6378280148504983
0,100001.0,250,813,0.030215508374927213,0.19639156097906527,5.4860113284609415,1.1795376497042676,-1.7254112158386328,-1.6730580258925398,0.031109498418070387,0.3505189109834784,1010114,0.0467570152715452,-0.6989050973050731
0,100001.0,250,711,-0.018788314821581383,-1.4059290993564473,5.214549585000861,0.997814852415674,-1.7365672846994138,-2.0198607416661813,0.03601579216284682,-0.1827997189125637,1010115,0.06222896433767889,-1.795679260271232
0,100001.0,250,688,0.05966810079958036,1.23945762412863,4.467011542558147,1.2964011784197074,-1.7313783099535824,-1.4809092168309304,0.03440508133473543,0.2761889058898327,1010116,0.041945124835425764,-0.5235471683373834
0,100001.0,250,671,0.014575848936705556,-0.6178467543920582,5.2550305055329005,1.1869875761601434,-1.8352338175256282,-1.9010102406555611,0.04801463920196915,-0.7433269908623484,1010117,0.0742956735449627,-1.973970358726988
0,100001.0,250,763,0.03666117753185785,0.2983212655027793,5.373229600342047,1.217329952346767,-1.746517320258821,-1.6527747225138645,0.029874883716187062,0.4984926644177744,1010118,0.04502808126172552,-0.7329517893520537
0,100001.0,250,696,0.02817218549991104,-0.7245706776562447,5.475700384139586,1.3396732200819963,-1.9981562646111968,-1.9856781282443876,0.037027266679957316,0.00971539917408037,1010119,0.05728704727927425,-1.1778738361545371
0,100001.0,250,708,0.044483008938644895,1.0982598220434878,5.438246127135932,1.2754757612127174,-1.7921375263378705,-1.6500567973677949,0.03695297318305482,-0.22291222559284676,1010120,0.05081598068574879,-0.9329040485595288
0,100001.0,250,765,0.00886564239013786,-0.2589808106536574,4.902267657765557,0.9973163032150741,-1.5631402033306017,-1.64219181418404,0.03768758105251069,-0.09786851921404667,1010121,0.0526409743167734,-1.1739050128310256
0,100001.0,250,735,0.025776605781752487,-0.2507717253202315,5.462201854108093,1.2286449824613006,-1.8329088761820216,-1.8213294549177932,0.03847211240214849,-0.1308713776907604,1010122,0.05849346151208246,-1.4473966263853435
0,100001.0,250,703,0.013880408556748623,-0.014015561853513018,4.712436636700894,0.9637195103509278,-1.4772717828268476,-1.5152165853536896,0.035785711972313214,0.0914576247564622,1010123,0.049365698633397626,-0.6527428828815174
0,100001.0,250,788,0.016835882252778215,-0.3967697562016921,5.5161381524063815,1.1204811351851955,-1.7132223565785831,-1.751150348494136,0.03772504371072686,0.049522719760097096,1010124,0.05440681645500925,-1.1256954878067476
0,100001.0,250,726,0.04010557606471358,0.21876022719102886,5.121715189732781,1.3188493879831666,-1.889817725956351,-1.7859700319944314,0.035412840937648384,0.1878689746141384,1010125,0.05576548665231172,-1.2455011500695023
0,100001.0,250,744,-0.03208878629458032,-0.15893633154181688,4.205185583205787,0.477151270430435,-0.9748002408749626,-1.2802091942520226,0.03926461606795845,-0.1672299950305556,1010126,0.05352213853962785,-1.3368938078737955
0,100001.0,250,722,0.021116602291335985,-0.07324798467770725,4.48055868658908,1.2194454893349342,-1.8470873298214463,-1.868665654699904,0.03393908294468196,0.15476696444000942,1010127,0.056687277558930826,-1.8458028280838803
0,100001.0,250,764,-0.0060440475916886,0.06696927943064619,4.737967666711542,0.8536404660476962,-1.4231333576957674,-1.5911821492789455,0.031872624373028985,0.3432398749368824,1010128,0.06017784952880171,-1.3747614240932091
0,100001.0,250,759,0.03540709102791504,0.4797429970953844,4.764454825653472,1.0413260383572365,-1.4687251723546184,-1.3587882512480445,0.031868544835747026,0.38078501276657,1010129,0.04415954526240163,-0.4838811278207731
0,100001.0,250,724,0.016619616668108017,0.5535015507169324,4.275262196180911,0.7851233230083643,-1.1703377539651256,-1.1619500437555856,0.03847219210114385,-0.03127543206951813,1010130,0.05185732994660189,-1.0494538662606492
0,100001.0,250,679,-0.005598252995729725,-0.555432968920156,5.54972566470158,0.9887953991866162,-1.6395048933079048,-1.8247683057295616,0.037683542569227034,0.022502895502049283,1010131,0.05307854841525991,-1.1470590277819146
0,100001.0,250,767,-0.006415568961529522,0.29451603607180515,3.836864620748378,0.6486931557571307,-1.0928519242563437,-1.2339555285859547,0.03697055296334013,0.016446822682080003,1010132,0.053541741537617565,-1.138649922669348
0,100001.0,250,632,0.03222533797743732,-0.9885568298943648,5.407914856755637,1.4838005227582591,-2.2068113441637127,-2.186808266391836,0.037034955274963324,0.01125151114985926,1010133,0.06179682308839932,-1.6208117446919503
0,100001.0,250,755,0.010812020667891746,0.33860903053628977,4.452424567877788,0.9596871993900464,-1.4899058145552655,-1.549281302084353,0.041469700682111366,-0.33029117813680164,1010134,0.05210416232484876,-1.026365456942715
0,100001.0,250,799,0.016193291648200988,0.18017734337110025,5.254301137096894,0.9683354411177192,-1.4703170386568265,-1.4908884300653529,0.032233453588364776,0.30254966967699515,1010135,0.05081860076988252,-0.8726487618478924
0,100001.0,250,723,0.01998384679880774,-0.3140430421697057,4.918434884144284,1.2082468268701403,-1.8359872776711952,-1.8642647049403875,0.0374922582607022,-0.04459477357087198,1010136,0.05557987298924223,-1.2981551779460403
0,100001.0,250,778,0.03194462946220335,1.5306803020758326,3.8613296480262735,0.987389410566304,-1.4027983700332352,-1.3103423546359816,0.02968464514342128,0.5397217001763924,1010137,0.043402310648715615,-0.49409172243697397
0,100001.0,250,696,0.0026224136372129518,-0.2392769591345555,4.4622613935833915,0.9941835127760192,-1.5969773779361618,-1.7223076317966388,0.0314630420889362,0.2725014581570232,1010138,0.05157645063466504,-1.048962446428933
0,100001.0,250,742,0.003949555589373393,-0.17938723436836845,5.124473831821043,0.962232409054764,-1.536897335391489,-1.6473011772220711,0.03947671261573404,-0.04556289746844347,1010139,0.057024035080413864,-1.0269452959707592
0,100001.0,250,732,-0.006074456251805184,-0.4515778929631916,4.689654015362349,0.923370133705558,-1.5364241935506395,-1.715093656654846,0.03563639695119815,0.11861137340569278,1010140,0.05710298499500849,-1.3178262678065171
0,100001.0,250,717,0.030401481663819382,0.10632424029369744,4.453617592746781,1.3193721626273665,-1.9512762154001329,-1.9190878612519864,0.03900903982939676,-0.09424245835030072,1010141,0.05802903696899029,-1.215970572702071
0,100001.0,250,788,0.030810400432513436,-0.289154119785396,5.58877180940658,1.2708543771261949,-1.8699167355655395,-1.8266683492711115,0.035955772317177184,0.17925449730508575,1010142,0.05033895215460759,-0.7602590030321187
0,100001.0,250,790,0.01839628069093768,-0.09226780237523396,3.827968366033629,0.9536530629319784,-1.4327186123497224,-1.4350316160308447,0.03499721024861911,-0.06974263742050482,1010143,0.0493825522353732,-1.116936691221416
0,100001.0,250,702,0.04747524878338096,0.8258138196903317,4.289033858309865,1.2599837769183921,-1.7483337529894063,-1.582073366319369,0.03442266872414261,0.2567891828690352,1010144,0.04634440114424567,-0.5675601226997546
0,100001.0,250,734,0.020997132881031375,-0.5741725513977936,5.162081197871958,1.195729455800789,-1.8093439324738056,-1.8281918039123057,0.03682791380576067,-0.08981049352049733,1010145,0.05212818074678924,-1.0926526385541504
0,100001.0,250,673,0.001840448213793946,-0.449247081917262,5.994873601388098,1.0209105964203258,-1.6451932567676757,-1.7804631820654255,0.03673232112796825,0.14208259093831535,1010146,0.05961045012516245,-1.3509393977616393
0,100001.0,250,745,0.011240321772064191,-0.2034773614295952,4.604979064549396,1.0863467556223234,-1.6927773884259012,-1.767459145193662,0.035604121296865264,0.19893350817379898,1010147,0.05100259809902426,-0.7207764877251901
0,100001.0,250,693,0.024470394320314868,-0.06182477504992619,4.880088776054648,1.178861381463988,-1.7603009735971602,-1.7517221365876683,0.03213681338256252,0.24279058556299954,1010148,0.04764027647592267,-0.9518855895901348
0,100001.0,250,721,0.017375501370431982,0.6506139839518178,3.9621358127781576,0.845939279285386,-1.2643126992469202,-1.259218146041961,0.03370803980429198,0.20590564411091328,1010149,0.04697156748435869,-0.7640826606409911
0,100001.0,250,746,-0.010437254146350551,-0.9630273737482138,5.182668280333175,0.9817615043890212,-1.6584676825322773,-1.8775835693193563,0.035509092712592484,0.04938022043693068,1010150,0.04911953083774913,-0.8019978794309915
0,100001.0,250,714,-0.039523630671060433,-0.8884425214178291,4.431932156957519,0.7348561421079062,-1.4393101109745698,-1.837015262042186,0.034705268824961825,0.12109913193101718,1010151,0.059191065336615285,-1.44024668299457
0,100001.0,250,687,0.04021104921067118,1.2624092992607474,4.42252473652584,1.0439673456044043,-1.443168548757307,-1.2991817175684055,0.03141225905188283,0.4665113776541874,1010152,0.048447013861899216,-0.8656490581319061
0,100001.0,250,701,0.034559737649699544,-0.44342893647582216,5.169847162825309,1.4128288998872671,-2.076995811627675,-2.0280511692666763,0.03458920369536706,0.15502233509841182,1010153,0.051747868757844165,-0.9991552738903052
0,100001.0,250,716,0.030658031068196506,0.04637320423241892,5.183175383524007,1.1686305175321494,-1.7050489664873674,-1.6490937085533897,0.031602573582941516,0.4651907367589618,1010154,0.05325911942701685,-1.0732684070566023
0,100001.0,250,731,0.019771902059445658,-0.27838211996673706,5.509005662360841,1.1700309969340443,-1.7752920668485002,-1.7994731858498656,0.03608187921246609,0.08794146436235754,1010155,0.05688974536137381,-1.203518392819512
0,100001.0,250,801,0.01119124097960216,-0.32550836594534954,4.971422540158177,1.0470563955770946,-1.6293482749697612,-1.6981015339703909,0.03622562913759962,0.02342562115662308,1010156,0.0570864362758004,-1.3020977499029769
0,100001.0,250,721,-0.02491881554091037,-0.8333629962541834,5.62827263638168,0.8399886100172769,-1.5187599079131395,-1.824162052997354,0.040927939399875934,-0.3094368911248647,1010157,0.056232386182759865,-1.2451816799970419
0,100001.0,250,681,0.022614688302599783,-0.4888911374770669,5.412404101106608,1.280440433907783,-1.9367267740901861,-1.9567893651950656,0.03258815748362468,0.2956638671958413,1010158,0.055302982372099074,-1.2648635746257688
0,100001.0,250,714,-0.017345679367755284,-1.5183734354638865,5.526804928017667,1.054319296720168,-1.819266986742225,-2.1001159022476688,0.0370933195146176,-0.021547148631188742,1010159,0.06138675835666563,-1.521568871960353
0,100001.0,250,691,0.03466534060153032,-0.2767524056412597,5.372143578578001,1.351078313606551,-1.9761425455902384,-1.9176163175367502,0.03459444622188625,0.15540985589313788,1010160,0.05706771366992897,-1.4705801559108496
0,100001.0,250,793,0.04821116939623228,0.8179538121521188,4.427286161906599,1.0055103490469992,-1.330502607515031,-1.1207255325283243,0.03006546734884744,0.4981741729533337,1010161,0.04361205263155178,-0.507801434693382
0,100001.0,250,769,0.03688526622976954,0.3858180717410943,4.488570609857471,1.1323311015134996,-1.6071630035315312,-1.4993934332826069,0.030851216054302882,0.411357705752436,1010162,0.044946291042978065,-0.6219819320446812
0,100001.0,250,739,0.03950270083955548,0.38633503212734255,4.71912630042056,1.2012840542996823,-1.7027673674401858,-1.5861086592659563,0.03271945813268602,0.3377864593726712,1010163,0.044914391248414516,-0.5279721882706511
0,100001.0,250,733,0.001955796657135946,-0.5363668754051117,4.7310648646271085,1.0835381233948824,-1.7462001573958006,-1.8889728772269097,0.04036010623871712,-0.3521262493126691,1010164,0.051578606775551636,-1.098763516551143
0,100001.0,250,709,0.03190284977937395,0.8192095848935484,4.995957129280496,0.9520737647542786,-1.345856316509609,-1.249367948648051,0.03170722464183305,0.432883765016821,1010165,0.04706062506960496,-0.7529105143254528
0,100001.0,250,760,0.04358210374259056,0.18504266911704328,5.281163245960678,1.3304898281628288,-1.8869243602403385,-1.7586456294530757,0.0325687350014497,0.21917681182592175,1010166,0.049658349777479856,-0.9649500673543776
0,100001.0,250,727,0.011049848411214869,0.17046285399146438,3.8251582966795534,0.8568216754909954,-1.3214746310559984,-1.3644683009167562,0.031717712526040415,0.3364064056327054,1010167,0.0483193637711843,-0.8562233278565273
0,100001.0,250,718,0.005827253793662704,0.07827485596862724,4.124424942375031,0.8598309263202184,-1.3589663123982672,-1.4409339161476002,0.03284094931329027,0.2695757722090353,1010168,0.04678368387277545,-0.7731319680080947
0,100001.0,250,787,-0.00867029254246815,-0.8635652576533266,5.1634525034004435,0.9753301541609504,-1.637081983884504,-1.8418658187541572,0.03604126470464995,0.04517475260325903,1010169,0.05363841770132905,-1.0346933645252523
0,100001.0,250,814,-0.04666467659912734,-1.0025079802128447,4.326795065519188,0.7359603056262721,-1.4862209398660435,-1.9360436943152,0.0406258699864661,-0.19110685609608946,1010170,0.05572849129408804,-1.1662285087308886
0,100001.0,250,724,0.007715770845602554,-1.0393176568598101,5.434122420022154,1.2264889912637529,-1.9422020940126687,-2.063429061956487,0.03084427091899465,0.4298858725397153,1010171,0.05406229800581401,-1.2721207819573028
0,100001.0,250,763,0.0016706658161891015,-0.3789453121076196,5.123232733186641,0.9603198270124529,-1.5480553353684288,-1.6747495475371723,0.03390268129995011,0.1915233024607267,1010172,0.04886155863894557,-0.8971754869028442
0,100001.0,250,701,0.026597062280665645,-0.413383499370844,5.088258656876082,1.286888893123345,-1.9223269353662176,-1.9136822147049617,0.032173415067896234,0.3033296543125515,1010173,0.0507200015944672,-0.9380718979432406
0,100001.0,250,733,0.03275787408534376,0.3734660394450232,4.132687788185419,1.0939875391709295,-1.5707793625589714,-1.4882986673866434,0.031360237353432734,0.5150855579557372,1010174,0.042704675137632785,-0.5982150579384915
0,100001.0,250,797,0.0009992001167463394,0.042921733488086505,4.628893632418207,0.9099034960160002,-1.4704707375619621,-1.5945113497935233,0.04092915799230934,-0.1921510542401796,1010175,0.05793367677424645,-1.2059628939533684
0,100001.0,250,738,0.012202600787068456,-0.26404912920206464,4.962287561859785,1.1469959870874913,-1.78518762734739,-1.861662603818624,0.034322182514479625,0.18325292175326693,1010176,0.05060411044068144,-0.9212850033692059
0,100001.0,250,767,0.017472992141134548,0.6367458198296423,4.632707777955447,0.9354507693468774,-1.4089541351526182,-1.4156562696559645,0.03730097274924208,0.006709875950682506,1010177,0.050343681319626236,-0.9861546177655978
0,100001.0,250,716,0.022323481783126452,-0.7815862737094842,5.050024863799403,1.3646663851047658,-2.075219899501329,-2.1090933543448265,0.038526810654692274,-0.048176596085377915,1010178,0.057500409802475186,-1.3174317634591082
0,100001.0,250,706,0.021108744566443127,0.0948183202723682,4.976317022048611,1.0122026656611078,-1.5108251940605029,-1.5025722011364004,0.036115036121814936,-0.007356212496598097,1010179,0.05163195099144583,-1.0545671740196607
0,100001.0,250,723,0.021353917194996408,-0.5736149173013878,5.261295938143468,1.2355654811398264,-1.8717652149828805,-1.8939221331516236,0.03283383393727813,0.3191926455878367,1010180,0.05066322638223142,-1.0274515026900728
0,100001.0,250,757,-0.0004432233986140948,-0.5350276534556461,4.936405435982608,0.9232078592884332,-1.5010269155111449,-1.6379705581541308,0.03579114203871296,-0.10460790124633552,1010181,0.0512340869842198,-1.174926948282807
0,100001.0,250,734,0.026841556515468098,0.3017945265650617,4.356664809876195,1.0521973514811436,-1.5399105053070818,-1.4949124015852142,0.033686657717886995,0.2286996930654893,1010182,0.04816383595623692,-0.8487919025648006
0,100001.0,250,718,0.032258719797959835,0.43514955959288015,5.000786280128159,1.1634898794932345,-1.6867092349654105,-1.6181950344012097,0.035747722071080026,0.08502598039496648,1010183,0.04880258871880322,-0.8283335681349896
0,100001.0,250,825,0.02333190351167492,0.7815862118172184,4.551562046276117,0.938614259189453,-1.3774359247287744,-1.340913624993386,0.03307301674394335,0.236812814375882,1010184,0.045379310109708776,-0.6049437147066753
0,100001.0,250,729,0.05264162277503725,1.0569257329406578,3.8846299542715914,1.1031275697555365,-1.461439460070233,-1.2339527196846656,0.030273100489449745,0.39102548412191823,1010185,0.04114693710936262,-0.3595704085236231
0,100001.0,250,838,0.017974838969796653,0.3125513309002972,4.751658477094301,0.9200277927348998,-1.3807687470052965,-1.3809123753795571,0.03245293453564867,0.2744832137856412,1010186,0.04690243633932973,-0.7498471940027666
0,100001.0,250,721,0.01852056237306371,-1.1376121670076569,5.892738798858428,1.316337714509117,-2.020537602551081,-2.0753093171710564,0.036943209502052266,-0.043583156074501805,1010187,0.048698177816802864,-0.7176970655876328
0,100001.0,250,832,0.032221200703497675,0.28359962368431696,5.381742502583454,1.065356266640487,-1.5275356285848058,-1.4437481155045768,0.040066845853875814,-0.3033964696172245,1010188,0.04882643549752317,-0.8953018436205404
0,100001.0,250,746,0.04082245166014385,0.8742478029429092,4.748048940329107,1.1065905993784164,-1.5408345295214465,-1.4006386919260725,0.03304139688472491,0.3197546336544222,1010189,0.04281093518534163,-0.4662958914919645
0,100001.0,250,846,0.030766618572659263,0.6938357419816681,3.955453322636127,0.9836426444414248,-1.4039971686326205,-1.3190220635647356,0.03152622097978116,0.3857519943719255,1010190,0.047844847477963935,-0.8602814193437696
0,100001.0,250,776,0.023374148304966657,0.4037062705142355,5.010116796411714,0.9740923715139402,-1.4347837709959512,-1.40353369426727,0.034074539127007065,0.17394424511064968,1010191,0.04288496510469664,-0.4296720040953525
0,100001.0,250,778,0.038990735086841054,0.4791772779510805,4.1555763861102255,1.1022190840616504,-1.5451199902875106,-1.417383566943726,0.029857728991970537,0.3696003467203207,1010192,0.04744851355643632,-0.9430611409751531
0,100001.0,250,630,0.04000452129189349,0.7655312638277453,5.404631359155747,1.31772590783459,-1.888836872805424,-1.7873305892735634,0.032300555556185065,0.19644326670141832,1010193,0.05308567077120442,-1.1557527972889887
0,100001.0,250,758,0.03170364194628515,0.7424248738979066,3.768283316438103,1.0595309794438292,-1.5214106349150558,-1.4413893320964664,0.0312563182038649,0.4646638781615156,1010194,0.04333954007462958,-0.5691584470592281
0,100001.0,250,743,0.03699176094106125,0.8634072468132447,4.677049148082733,1.0044065457680906,-1.3989394654149834,-1.2721745645038862,0.02917521339839645,0.5809394194135904,1010195,0.044563390735083835,-0.4565314405133342
0,100001.0,250,725,0.02860362071720338,0.18814636236745635,4.817426086561348,1.2228937433359546,-1.8059275154906305,-1.7728446753422733,0.037297694118525807,-0.0068110617211013455,1010196,0.057863537847991774,-1.3540350717521594
0,100001.0,250,698,0.01914621901653913,0.39192096045622704,4.959539903946454,1.0102666806475344,-1.5199379281503984,-1.5259516100616712,0.03539904033005471,-0.004234078086557721,1010197,0.0444996628743714,-0.6160697735041526
0,100001.0,250,684,0.040300377800022685,-5.4467768964359375e-06,5.737400156513291,1.315524073296844,-1.883291463510204,-1.7782366524066102,0.033624480945854705,0.2796697154968417,1010198,0.05049515940104505,-0.7425980180473556
0,100001.0,250,760,0.003544815212926685,0.6521817932653207,3.3486351492553097,0.5484811493293964,-0.8679740282955,-0.9212768609185956,0.036611759903976575,-0.06178747638365921,1010199,0.04167873841406683,-0.4568576374583114
0,100001.0,250,776,0.035727987699121305,-0.055303665168575586,4.616782699845774,1.1812492764446123,-1.693773618826022,-1.6015142256879678,0.031084161458433724,0.3579399795705889,1010200,0.04549702581792426,-0.6595522412411019
0,100001.0,250,776,0.025475166659596142,0.5123727582508658,4.051364936032237,0.9731901680633366,-1.420188963330344,-1.373337798994554,0.034556688015577645,0.2595131001018036,1010201,0.04706845816445505,-0.6832094279823573
0,100001.0,250,750,0.031584579574974486,0.3269207293008465,3.943298728023188,0.946274295862273,-1.3383644324517556,-1.242907081492438,0.030108018401080506,0.4853570391130197,1010202,0.04217812108649654,-0.4570745458069309
0,100001.0,250,732,0.0341644799794712,-0.44550222517723415,5.5754121918701465,1.3638933793930927,-2.000011018086686,-1.9463416176883919,0.030750514559463493,0.3807732802589465,1010203,0.047680201873412285,-0.8799634452649054
0,100001.0,250,712,0.05733220145613362,1.3971204438108331,5.309998924085225,1.4347313667723798,-1.970345245465957,-1.7567486000293893,0.029509513346030018,0.4865041184043038,1010204,0.046847229439686985,-0.7935323865727433
0,100001.0,250,754,0.04390810961842142,0.8642342132332685,5.600771316567359,1.362219105611969,-1.9363927695912715,-1.8103986125551064,0.031059908364393905,0.3812207514776016,1010205,0.04872176879561254,-0.8582374031915633
0,100001.0,250,802,-0.03540818856142761,-0.2714188169115277,3.5338984085126652,0.534836636464748,-1.0893773631757186,-1.4273370368735867,0.03265948490331238,0.2005221118696982,1010206,0.04844505355888753,-0.8844279325832696
0,100001.0,250,832,0.01573982126235669,0.06470462944484352,4.6936036529723335,0.923803804786932,-1.4008770226526086,-1.4180745485927666,0.034213958638291485,0.14047928204568247,1010207,0.05335580821434868,-0.9720306805614098
0,100001.0,250,713,0.01984095424368605,0.31612057307073943,4.362266734602549,1.0824584288973165,-1.6327491069726503,-1.6439481269158602,0.0402672711364916,-0.11192573857404944,1010208,0.047493872006710965,-0.5971198428397089
0,100001.0,250,756,0.03280239792369054,-0.028459861480849825,4.543354659488736,1.3140866061981828,-1.927661979357231,-1.876436516120852,0.03601873990091062,0.0072642848389249375,1010209,0.052507059353600526,-0.9314928670888318
0,100001.0,250,774,0.016712462783649046,-0.2870470407749431,4.513488189494226,1.1889443443492023,-1.8251018562594088,-1.8739982208594983,0.03267910351081744,0.31440725629141464,1010210,0.049747564903274005,-1.010714178111864
0,100001.0,250,724,0.0008328465290349436,-0.4019200756710765,4.248924463820883,0.9294634759201972,-1.5031617737994631,-1.6319455026579577,0.03430952974680749,0.13689360073291482,1010211,0.042266932777079935,-0.439122197100058
0,100001.0,250,739,-0.0017485972603279078,0.1423569881491033,5.596546979478644,0.8534446946275103,-1.3959392740148893,-1.5325530401566727,0.03874314773269896,0.01829120785282632,1010212,0.05099534937839775,-0.9109913938775728
0,100001.0,250,739,0.04171409756989907,0.7923491551812911,4.125577017528326,1.0649908438271152,-1.4677703470493382,-1.3150696182617232,0.030569529366899655,0.4963099983234403,1010213,0.04123680166315774,-0.2448781156145267
0,100001.0,250,777,0.03710673501963231,0.28784845067479337,4.3122287349539645,1.1256964743469295,-1.5949980787235,-1.4845409616525354,0.032254570062934244,0.4137541496507881,1010214,0.04695439109753717,-0.6556925142359707
0,100001.0,250,810,0.018422023940129727,0.5583273488200784,4.5048296744134335,0.8364713118564181,-1.242371576546946,-1.2274016233616705,0.033717386029593364,0.2527406902173078,1010215,0.051589773440499406,-0.8731301413280435
0,100001.0,250,870,0.03619586837396931,0.8570246764488728,4.3969037812919645,0.975139105530788,-1.3561984821941393,-1.2298045478774386,0.034229184289339507,0.24407110179211894,1010216,0.05081518218737503,-0.958819391191186
0,100001.0,250,805,0.03504572924310085,1.1559372765886784,3.817286022026228,0.9553060893642494,-1.3313032523489008,-1.2111059440667564,0.032344635735619014,0.29735371001468425,1010217,0.047151608408617984,-0.7542758756891901
0,100001.0,250,747,0.030818729858592193,0.1297404633019786,4.277974191558026,1.180155435707868,-1.7227114529972078,-1.6668155677404362,0.03651027712548942,-0.08058185414019738,1010218,0.04980398198431624,-0.9174414950059052
0,100001.0,250,770,0.005967452077102461,-0.17012289225575794,4.404394228539309,0.9312803881553088,-1.4740847044966656,-1.564871962719171,0.03698916193473407,-0.06657923616499628,1010219,0.05418937749424134,-1.208360266746045
0,100001.0,250,758,0.007847266751115925,0.26643383970528345,5.731042818166691,0.8818152233897472,-1.382053728278673,-1.4519527820602538,0.0325599314026736,0.3551130902208715,1010220,0.05476745692447208,-1.2369115473030607
0,100001.0,250,681,0.017168829520993217,-1.035277796847022,5.13250960952245,1.3125746439429602,-2.0228556902553354,-2.087682867240095,0.04098571943625411,-0.27819499209961684,1010221,0.06733557631940246,-1.820355393118268
0,100001.0,250,754,0.0031968434404790976,-0.035531084641175464,4.563624815156828,0.9601492504898592,-1.5382322075125625,-1.6537536290814152,0.034646990511786324,0.2466502791406159,1010222,0.05100578924094287,-0.9531437825397956
0,100001.0,250,668,0.007634794858133216,-0.5582957031276099,5.121314873285341,1.0982387457342848,-1.7345191311867278,-1.8384869136368105,0.039079141020194816,-0.16726575606204175,1010223,0.050886919413444885,-0.9626370840930693
0,100001.0,250,817,0.012509641178147748,0.1855480417906742,4.299511831941247,0.8061749748012773,-1.2301694076064589,-1.2543160014059442,0.03526279435359301,0.13911285960216718,1010224,0.04619167915903246,-0.6657674841903959
0,100001.0,250,807,0.013265268481892035,0.4736389027191547,4.485818146186667,0.8643175262858918,-1.3198072953384827,-1.3468555083556748,0.031030865132323275,0.42151555487659,1010225,0.05033169755719438,-0.8962724654437711
0,100001.0,250,775,0.04655884598704159,0.8456938031989489,4.725198613054441,1.1471180419133236,-1.5706952181110476,-1.3937607886922843,0.03249832610544383,0.2298566621559732,1010226,0.04744410861253602,-0.9424679121632276
0,100001.0,250,726,0.0435738942164861,-0.1639581918589793,5.042918270194089,1.4962132778989323,-2.1559905754807094,-2.05235045515205,0.0348977943384593,0.2915896128765732,1010227,0.04794220238567868,-0.6926029267035786
0,100001.0,250,734,0.031693711407402486,-0.12578172396810128,5.525817631160366,1.237840932015431,-1.8108764368586858,-1.7570822702829934,0.03755504518301666,0.0720800975931562,1010228,0.0529643357063186,-0.9368979222846564
0,100001.0,250,750,0.025742929566076163,0.2814902514263106,4.680778453520049,1.1370888075503724,-1.6845263320127764,-1.6597227379180042,0.03709162766842892,-0.01786840661467175,1010229,0.05315690916157292,-1.1080722542445076
0,100001.0,250,770,0.036272724989317086,0.9248715805411188,4.230977727436589,1.0866994571919142,-1.5369335056699245,-1.427060466063167,0.035995476793088954,0.15448519282069226,1010230,0.043847871808270295,-0.4279064154698379
0,100001.0,250,696,-0.005403196836886328,-1.3862633432269422,5.831773542983656,1.1541074573779366,-1.9065937960117365,-2.1142657489881724,0.044146278972475056,-0.2954496834556334,1010231,0.06415562403222723,-1.4320060926915532
0,100001.0,250,803,0.02641988573685293,0.5870149896046233,4.476090795183712,0.8847006860824049,-1.2706460098559658,-1.2037973763522134,0.0345740125514465,0.25338196420383763,1010232,0.047729342417106746,-0.8137687950302841
0,100001.0,250,683,0.02624210343959365,0.12236205635440425,4.773536509428653,1.1767661389642117,-1.7458512009187162,-1.7240812343041323,0.03456000590322713,0.25915280729684925,1010233,0.05238673477673619,-1.224499194611863
0,100001.0,250,690,0.026821158078138414,1.2878888656343915e-05,5.135764132616861,1.2016954504298183,-1.7826859699978914,-1.7601733062301907,0.03739610793946768,-0.010715336123302449,1010234,0.05704923330935272,-1.3339819219407727
0,100001.0,250,693,0.0005577342277244597,-0.3604424467532259,4.8800887760546505,0.9634391776761579,-1.5599684038926769,-1.6960591551708772,0.032925604061686944,0.3566805666122613,1010235,0.04989725308352432,-0.905092234883074
0,100001.0,250,694,0.029354312852946,0.607463087724723,4.97847592727825,1.0904707363049257,-1.5863782722174786,-1.528973141710484,0.03472503790226294,0.06158944159587273,1010236,0.04819737260340498,-0.9162692018490172
0,100001.0,250,719,0.021121355262587637,-0.2055005982855978,4.3530559340160035,1.1137144836251531,-1.6754754185108531,-1.6817089609203943,0.033830602160784574,0.14050668730393998,1010237,0.05341725691442531,-1.0928956040794373
0,100001.0,250,740,0.03254247765514864,0.8892737336818036,4.631249127015951,1.0476746574608855,-1.496955131414839,-1.4092559162779257,0.033392394899133974,0.10755512190225047,1010238,0.052734113466606974,-1.1461783056952608
0,100001.0,250,709,0.04363757292836135,0.5919372879219404,5.237978885092674,1.2893028231734187,-1.819851849772688,-1.6859877238100012,0.035223444675793414,0.08445099887144109,1010239,0.05444266587033391,-1.124779933223354
0,100001.0,250,789,0.03694284842337679,0.5596011787732507,4.731441517947508,1.2692272657830468,-1.8289426355646716,-1.7402885267884924,0.03653032536879637,0.07104449108460639,1010240,0.0566639002834836,-1.3573153206913575
0,100001.0,250,740,0.009179221664783898,0.17319515055445142,4.70856463325321,0.9745532600282466,-1.5242239532269048,-1.5979322478416818,0.03554875475953189,0.0782073137110674,1010241,0.05409731906754152,-0.943373634898302
0,100001.0,250,713,0.02022187469894824,-0.465693382619007,5.2982165683574065,1.2238706887442123,-1.859856534245978,-1.8887956104938688,0.03611032730125099,0.2231029203980076,1010242,0.05508831246765431,-1.108361406536475
0,100001.0,250,736,0.023938359400076784,0.4363591051390149,4.414139193071391,1.0757122705440432,-1.596202892338969,-1.575964418352836,0.03503863651951256,0.1066041202842814,1010243,0.05055176993775525,-0.7909565027427125
0,100001.0,250,762,0.02089821932403474,0.3797158367816605,5.03388923439639,1.0024987334960012,-1.4963646085611717,-1.4876014716437114,0.03526373855063358,0.09930728295722056,1010244,0.04976186969116706,-0.96470958580752
0,100001.0,250,709,0.03156169309165688,1.0120439970378532,3.947196187427733,0.9882032158083442,-1.4066173499454655,-1.31789088474879,0.03070541415513888,0.4232485899503655,1010245,0.048910598405351634,-0.8209175895530868
0,100001.0,250,789,-0.008775438680785575,0.045528240602632886,3.9576586860498506,0.6633579370204057,-1.1314350727128608,-1.2919000210732436,0.03383856156672165,0.23718519590369955,1010246,0.04733252786743046,-0.6907910591480498
0,100001.0,250,748,-0.008076241181608627,-0.09374644037170396,4.268110905387177,0.7822496076793207,-1.3199415272298791,-1.4927462509973812,0.038733071180347585,-0.03527556847728043,1010247,0.059255285984119124,-1.2778853385205091
0,100001.0,250,706,0.02676061762064033,0.7297929939508081,4.301196390557016,1.0643682382562296,-1.5601956429298085,-1.5179204857578763,0.033644589481396106,0.30727933322402484,1010248,0.0472206469062557,-0.6120751455627299
0,100001.0,250,751,0.028058051821014698,0.4257286161249989,4.2640743604384825,1.0385168654442918,-1.5100924077819913,-1.4539513694146282,0.03572168101278727,0.07926394900016565,1010249,0.04544416849143229,-0.6420304040825169
