start,end,N,SS,TajD,ZngE,FerL,FulD,FayH,bsfs,Colless,btree,path,iColless,ibtree
0,100001.0,250,654,-2.2158381016746,-1.750325247429359,0.9045037324979746,5.588401428959854,-0.04530759415930021,-2.0365080218206404,0.052816701928552284,-0.9242818824676624,1030000,0.07662411432329813,-2.2502924902923542
0,100001.0,250,743,-2.419581667070865,-1.7593050345503218,0.7994612846966096,7.089881210204473,-0.0739425572821681,-3.6663049343251912,0.0636253182764219,-1.9262039438623608,1030001,0.08063495428439074,-2.5940798445171263
0,100001.0,250,734,-1.6131336289801372,-1.7034095668689726,1.1868225301234216,5.759648195417203,0.03564389303092978,0.4516733850675537,0.03487169621914472,0.23061237610684665,1030002,0.04534944371303825,-0.6971992939645557
0,100001.0,250,640,-2.057614675168378,-1.265604400735737,0.39667467579096544,4.884993121356969,-0.09974529874486934,-1.6763958381305557,0.049884219638648586,-0.7165490021217564,1030003,0.08454432985091401,-2.25803792134662
0,100001.0,250,654,-2.076271670763863,-1.0855840599276605,0.16411267453134548,5.38444384538834,-0.13135905716249238,-2.6586502579938656,0.054590666540949066,-1.1931164354847197,1030004,0.08003594844325942,-2.323697795761145
0,100001.0,250,684,-1.7384772003769464,-1.4999075793204837,0.8655001296867778,5.375122401260677,-0.015288175258050147,-0.7357024055229784,0.04475838439380785,-0.4492759513357419,1030005,0.07496320215660171,-2.0336322612637696
0,100001.0,250,651,-2.1593653111059,-1.9429802612033893,1.1739141652852223,5.7161752236369905,-0.0061039907968742065,-1.4899611587714676,0.048670694508238216,-0.690759217285714,1030006,0.06398877417101785,-1.6205420595615347
0,100001.0,250,742,-1.913483127382365,-1.3948521277062835,0.6366059563978451,5.741341118245848,-0.05790909668015444,-1.4596702623449902,0.04426612102241779,-0.5408782185000672,1030007,0.07031742875477902,-2.1089138826129408
0,100001.0,250,666,-2.21581163286365,-1.348508269990786,0.4091544711203743,5.718277556175079,-0.10973369416830707,-2.6363529042541165,0.06052791207034953,-1.354762736373375,1030008,0.08477458219976683,-2.488717835145025
0,100001.0,250,704,-1.926419843162396,-1.301497602239854,0.5145247498118046,4.809672019736159,-0.07473213211386433,-1.35231007032431,0.059442875014743636,-1.1033911812742527,1030009,0.0726765691357002,-1.9913587211241777
0,100001.0,250,743,-1.5796489104135782,-1.360234234906487,0.7827767861688292,4.5230385909260304,-0.0143911790762843,-0.2642789226318061,0.04233752093531843,-0.3389730901778391,1030010,0.06517622710580426,-1.6530838135000334
0,100001.0,250,709,-1.4900980577848526,-1.2756788097027791,0.7294353495232926,5.157304966488615,-0.014727401434910569,-0.2699077720128307,0.04182333233910887,-0.2254455074760605,1030011,0.06538950988395628,-1.617597031573614
0,100001.0,250,710,-1.5499649091187198,-1.1086818285133588,0.4897576841665207,5.038272094832543,-0.05027772031959079,-0.6529148508584384,0.046851052578546624,-0.5834835076965136,1030012,0.06051773074703504,-1.5177846094049323
0,100001.0,250,741,-1.8250878376588848,-1.829793612709262,1.2226345194799584,5.418674944667054,0.024713195480480427,-0.3282887277716206,0.035716684796876536,0.11815525120732705,1030013,0.05922075398367666,-1.4901413064972358
0,100001.0,250,637,-1.910722767456112,-1.64132885655411,0.9428378576828392,5.670258354578103,-0.017869281337283167,-1.067699868415097,0.043073308206194316,-0.4566462025546558,1030014,0.06709941792677082,-1.7767215402320975
0,100001.0,250,645,-1.8274658902951928,-1.4235279117878945,0.7213823301743009,5.945722586812563,-0.040563857206429375,-1.2418111282774438,0.04238533302512176,-0.7846797711656783,1030015,0.060732410708753674,-1.6180542487952605
0,100001.0,250,692,-1.711917507454136,-1.4513471836030212,0.8206081178382438,5.111989271914477,-0.019175698320952072,-0.4641516050188586,0.04901865526622619,-0.7445150315212462,1030016,0.0684766476905449,-2.036947668849614
0,100001.0,250,656,-2.0988050458696104,-1.8185449051353315,1.054731843721482,6.084835433435942,-0.017158333411475574,-1.7552881724156222,0.04337410432001563,-0.3876552898400274,1030017,0.05263623953206074,-1.2003549309086279
0,100001.0,250,702,-1.9681094737879103,-1.6886754047502848,0.9681372081072892,5.402498875698585,-0.018836676298607524,-1.0315404403905202,0.04712117161541935,-0.4239186914538014,1030018,0.0695307812616478,-1.7483671434297758
0,100001.0,250,610,-2.1166926462567117,-1.851944402302262,1.0863083462733316,6.057517053841409,-0.014328705033946353,-1.6868546661505264,0.054683788919117314,-0.9892137731037164,1030019,0.0840030325035286,-2.3339529077278067
0,100001.0,250,663,-2.1081850137091824,-1.7070807733677922,0.9119765249315326,5.988058584525497,-0.036420791415732345,-1.9437637545269144,0.04958366115919225,-0.7658831505032223,1030020,0.0682494089260267,-1.7462164254984327
0,100001.0,250,698,-2.108033592455388,-1.5709750615502345,0.7439807680096532,5.287287285638251,-0.05825868217103841,-1.8122371882328387,0.05006914251174483,-0.9472254616802144,1030021,0.08002043151229095,-2.4015235660911567
0,100001.0,250,681,-2.1069315149263885,-1.4073691719829446,0.5431216889356237,5.244467406156113,-0.08429536663147827,-2.288562052245727,0.0628418834593488,-1.2372618891290024,1030022,0.08655704411574189,-2.4175686827631773
0,100001.0,250,751,-1.5264426807305616,-0.8533261471423451,0.18812191806783587,4.6450245976081375,-0.08772143029433999,-0.6117616846329313,0.0497285344786566,-0.6210553793580514,1030023,0.0704384357707327,-1.8688746310700053
0,100001.0,250,711,-1.9403203625845904,-1.4079073688762074,0.6377505871737139,4.544145695605559,-0.05973651111849355,-1.3654089892064116,0.04957917280442856,-0.7218548210690364,1030024,0.07086167682633238,-1.9873901387577924
0,100001.0,250,783,-1.209119598238689,-1.328079795045373,0.9525555971551724,3.9143090740377087,0.03485315803984624,0.9397997531984442,0.03278691186707473,0.19346446261800992,1030025,0.039708848949607016,-0.29970835144503377
0,100001.0,250,641,-1.5505520031550926,-1.2487416300162777,0.6625377388148725,4.426703340726981,-0.027850147778275384,-0.43064444729634777,0.04232965507538308,-0.28847094967180964,1030026,0.053493757848384935,-0.9181802680765512
0,100001.0,250,724,-2.3561066368241868,-1.4763649740695106,0.4868419101091647,5.592148814182322,-0.10990091551419624,-3.111526570798928,0.06501864747092627,-1.5302290558099634,1030027,0.09842202287791094,-2.7616611881737527
0,100001.0,250,660,-2.0945303030685802,-1.3137124599983303,0.4349014136888944,4.152489362551194,-0.0974707421486082,-1.7722872598228825,0.0504294533185792,-0.7381546307636659,1030028,0.07569694837745139,-2.067133676393909
0,100001.0,250,675,-2.1723260667614164,-1.6197350448475831,0.7679361371187473,5.600901023385208,-0.05987215813395326,-2.3189432405971413,0.05329742504472937,-1.0758396300252422,1030029,0.08355374904636463,-2.4612386589620963
0,100001.0,250,654,-2.0195323794369417,-1.8854849946943184,1.1820761501243098,6.0837269890620975,0.005239567565363751,-1.4358047022078773,0.04630159953149706,-0.8113283563287671,1030030,0.06478417131816397,-1.9903945249005195
0,100001.0,250,657,-2.18287437492324,-1.4131024291191123,0.5074801483051764,5.954866037620647,-0.09452933694809312,-2.9124153680895604,0.06081728457467315,-1.4829001837939428,1030031,0.07134158074422928,-2.0742304267320733
0,100001.0,250,623,-2.2163494002156447,-2.0262790247183533,1.2446979969791423,5.866900129191105,-0.001055283162297059,-1.8027350034155316,0.05243995642811748,-0.8166556368182203,1030032,0.0815007870402123,-2.2714551807659977
0,100001.0,250,748,-1.6199924926683011,-1.5904965699042315,1.0436961613685545,4.166119267768527,0.01653338489278541,-0.033658539020009495,0.041886875533588164,-0.37011692539738855,1030033,0.07208832242072162,-1.9006120270784288
0,100001.0,250,681,-2.209164720292611,-1.444502596916423,0.5310771444624507,6.084150880908585,-0.0933783217155788,-3.222646598389956,0.053905722300848766,-1.0250614044047976,1030034,0.08538849502570907,-2.820046509494635
0,100001.0,250,732,-2.0491364383181603,-1.2926737562868142,0.4340231660976512,4.924119415026176,-0.0941987279769284,-2.1925837800329893,0.05088482964114527,-0.7575382495144315,1030035,0.07426174230974078,-1.9674944191182189
0,100001.0,250,649,-2.0516513585576392,-2.063271786214011,1.3830946424553503,6.242404407976352,0.02903522013003681,-1.0812198848609509,0.047705097751888574,-0.675458147396379,1030036,0.07849044339398104,-2.356306425497823
0,100001.0,250,646,-1.8575930518348291,-1.2729997630201926,0.5188118430250545,5.8137697391149405,-0.06913612570226886,-1.4827383610665772,0.05192064979281101,-0.8020956456474468,1030037,0.07564693285384058,-2.0890939684680108
0,100001.0,250,722,-1.6787428560578603,-1.4777193441848695,0.8716525161623844,4.6390200169248805,-0.010117150670761887,-0.43784246215119854,0.05432007972565078,-1.1161935295712395,1030038,0.06599878252010978,-1.8827172944326849
0,100001.0,250,741,-2.051560957763014,-1.2388406257107174,0.3662396034617422,4.4663958356349935,-0.10317686198479764,-1.8007179039344092,0.05017928618144864,-0.8471642763049779,1030039,0.08694945681342882,-2.348107236301624
0,100001.0,250,697,-1.675126130533559,-1.1988218587275952,0.5301522869070129,5.600169227684303,-0.05422985172127527,-0.8517515721079849,0.04539742547904228,-0.6633509704526049,1030040,0.05852387131906521,-1.224764419453845
0,100001.0,250,678,-1.7365557842220027,-1.5600701491440525,0.940783895561498,4.69097731912849,-0.005354415163647415,-0.3670344833427332,0.0426786134225674,-0.42692480822657614,1030041,0.07246195407817224,-2.1910620361078608
0,100001.0,250,679,-2.098244839528357,-1.4611594162507868,0.6143472252562985,4.763728424340758,-0.07439615357528195,-1.7759494158229139,0.05209543527391588,-0.9088923857299572,1030042,0.08883193176819294,-2.7411673364683313
0,100001.0,250,682,-2.196079807230316,-1.5857648407538365,0.7125679662271247,5.5676327968837205,-0.06881751354863097,-2.27455833618015,0.056269870239458286,-1.4261895867272028,1030043,0.08278383071145813,-2.50191385904168
0,100001.0,250,629,-2.196405731092358,-2.0918631064822266,1.3367331950482588,6.508433241928926,0.012383582301430813,-1.87490152477426,0.051375413501336564,-0.9524715017652092,1030044,0.07584527725378308,-2.0121434668456413
0,100001.0,250,658,-2.051140704494914,-1.4852314461323517,0.6708504233263203,5.477757863719639,-0.06358914963018622,-1.868446657335356,0.06082761863951139,-1.1629486936266134,1030045,0.07278475234560235,-2.0297574379428243
0,100001.0,250,677,-2.017678870991974,-1.3885841769921121,0.5704757167324063,4.589859071136967,-0.07417765312203163,-1.6808468924636102,0.04149340725734802,-0.3642689315292074,1030046,0.05374438020642535,-1.0646438477017837
0,100001.0,250,680,-2.1676798209343717,-1.7066228487727713,0.8776008967439196,4.724145694282723,-0.045270774406672494,-1.721757218781805,0.053886770528218365,-1.0171590476275352,1030047,0.07572449966774497,-1.8802695206016853
0,100001.0,250,649,-2.214409114222112,-2.229207254281014,1.4955960967395594,6.506641450733622,0.03170031814008015,-1.6664793527127628,0.04738636180818572,-0.6045639029439489,1030048,0.06721082519914888,-2.068971738549095
0,100001.0,250,689,-2.3850011396923883,-1.811365108254416,0.8837077995294025,5.728702572725861,-0.06045610018483327,-2.9829136948892625,0.05408679462908872,-1.0047863257488632,1030049,0.0792586629158724,-2.352268259769501
0,100001.0,250,759,-1.8034878098069052,-1.6452423682035269,1.0072864304433695,5.241936839918415,-0.0016856451860495206,-0.4852456522722167,0.03147807821146339,0.3433062047572573,1030050,0.04930701545183666,-0.8858945995481218
0,100001.0,250,745,-1.968436614523536,-1.7802699609273374,1.0804830365947675,5.219377781116886,-0.004289003352473558,-0.8877519566568429,0.048858816388613,-0.7583094375311187,1030051,0.06447941237963672,-1.6534974970387188
0,100001.0,250,759,-1.6141768388685689,-1.256533897554618,0.635349256001555,4.588540399345334,-0.036080494890247325,-0.4137480145283252,0.056634556898930224,-1.1213599980542908,1030052,0.07968549583396065,-2.2507601283680225
0,100001.0,250,688,-1.5036308459958123,-0.7871568218829547,0.11983698361974045,3.802053384432112,-0.09496821918880244,-0.7631698281974453,0.051628037255067434,-1.066129939562951,1030053,0.06448018667905298,-1.6278890623154647
0,100001.0,250,697,-1.9149019682112172,-1.3334001745112225,0.5604127453824964,5.545466814000183,-0.06792310504679641,-1.5267913822779298,0.05332012899465981,-0.7883068590561974,1030054,0.0725791729969732,-1.9004292147240511
0,100001.0,250,683,-1.5984649960303623,-1.5368602232739736,0.9902254717133856,4.2711917066300025,0.011223711302891909,0.2502519124738437,0.035972444137361864,0.03142546511292738,1030055,0.05227511379395358,-1.089629383209187
0,100001.0,250,623,-2.3594247612610992,-1.7563088308481285,0.8310702855245033,5.805748416292758,-0.06542321928229851,-3.1085465430815913,0.054501637830659526,-1.4380680539872766,1030056,0.09424096385542167,-2.8280365087624784
0,100001.0,250,590,-2.278280536668643,-1.783706033549897,0.9111345832908896,5.6247776202653625,-0.04902337246632793,-2.4772558756501293,0.059926761928316585,-1.2509540813173556,1030057,0.09012860509168326,-2.5390716973018845
0,100001.0,250,629,-2.247597186552793,-1.7438836756874063,0.8788947718350991,5.599843047548086,-0.05097099084073956,-2.2898618521539373,0.04800938011979465,-0.6386033173969796,1030058,0.09057546664425792,-2.572399731718884
0,100001.0,250,751,-1.6051181352272368,-1.573858849683274,1.0315871100867289,4.975181469821837,0.016050986952967552,0.2474682159711404,0.04828402795241688,-0.5731621606558707,1030059,0.06213405761078824,-1.4872398235928894
0,100001.0,250,726,-2.017699219702541,-1.849635211386468,1.1382569423014832,5.147980829579013,-0.0003894756811589133,-0.8827759094807883,0.043587140873318615,-0.35079481247276456,1030060,0.08440545092313452,-2.3433074373888303
0,100001.0,250,688,-1.8088003516543472,-1.5780074139784468,0.921955479883944,6.157113527795152,-0.013120657453559746,-1.3961562482993204,0.04240385406711657,-0.7474305106333535,1030061,0.055478209790110505,-1.4857200088146432
0,100001.0,250,619,-2.437246737263988,-1.7646488144121588,0.797412500097415,6.078564892280332,-0.07553127714630854,-3.102050726670385,0.05074012741006103,-0.9765476454553788,1030062,0.09391552384653827,-2.648175785923359
0,100001.0,250,643,-1.9701928188339108,-1.1755432843587406,0.33506496149016235,5.2330058485954645,-0.10132837315403637,-2.5905927165306224,0.054463551412700165,-1.0421292673922729,1030063,0.07657428722333504,-2.13335067540829
0,100001.0,250,646,-2.3086837952879264,-1.2455067859995612,0.2299030926017809,5.931749898646202,-0.1399061215000173,-3.49413877800268,0.062464569599540526,-1.735284675171498,1030064,0.09897412780373192,-2.7909348123288145
0,100001.0,250,707,-1.8919921205143004,-1.4057177084328936,0.6624165881598666,5.180639236677153,-0.052978789925177384,-1.1975351662356557,0.048518552387919835,-0.6943316662636805,1030065,0.06997404192636733,-1.9711710114739964
0,100001.0,250,726,-1.8081361223347028,-1.310511738795842,0.5923684948466368,4.2812147146533865,-0.05591655220398988,-1.1263390466276693,0.05226602428312493,-0.8490453453204331,1030066,0.058370960620051524,-1.5790914662120097
0,100001.0,250,607,-2.059961504591631,-1.2252401597392315,0.3459439356341963,5.0986348150252265,-0.1065545007477994,-2.080724252756879,0.06165225170188495,-1.4842232941955853,1030067,0.09689802854682487,-2.7175415595323242
0,100001.0,250,671,-2.447739278340884,-1.5955456102095316,0.5824332747355245,5.510663814410403,-0.10424918158336396,-3.2491981822932643,0.05298527314964845,-1.1220668517175243,1030068,0.0845582289084207,-2.6834594817104382
0,100001.0,250,731,-2.2098184006592407,-1.3148286444075852,0.3704470366812809,4.778566203412796,-0.11426760468727536,-2.526546715103428,0.0574516270495404,-0.97117387661925,1030069,0.08597616271537759,-2.275603054036164
0,100001.0,250,713,-1.6828492735116167,-1.4584756992386032,0.8456773476039315,5.7795621971456175,-0.013789926719942315,-0.4372086519535204,0.03998886756936243,-0.07282739002038427,1030070,0.06410286941567665,-1.7464821360487632
0,100001.0,250,665,-2.3109382008657176,-1.4548644374764899,0.4864612252842648,5.731514148658303,-0.10667549217874102,-3.0406025836302555,0.059410997578016475,-1.433246792433554,1030071,0.11327700740067186,-3.2393151521802066
0,100001.0,250,644,-2.0001462599428588,-0.8414847426422741,-0.09361322450023384,5.811808451469965,-0.1593074199118522,-2.9564853836677005,0.044495405019816345,-0.5795416291106049,1030072,0.060975348057577664,-1.2901873897240734
0,100001.0,250,657,-2.130994885238446,-1.4988126451423571,0.6424504020943415,6.2159082500066365,-0.07315665011458204,-2.5388613607100443,0.05092265596892717,-0.8109608804659157,1030073,0.08014424743437565,-2.6576130033560013
0,100001.0,250,725,-2.2114004895339923,-1.5254297145343043,0.6291493835455779,6.15880955831191,-0.08077472303190035,-2.7858578262679257,0.055313808747198566,-1.4426727167654398,1030074,0.09083553345752307,-2.872316885250473
0,100001.0,250,750,-1.8023720083389136,-1.211694679930916,0.4736833884596418,4.502766105986323,-0.07090567742128065,-0.8634727865670434,0.05906634384092601,-1.1889721442698045,1030075,0.09004624765460978,-2.645507397551027
0,100001.0,250,717,-1.4573691948311551,-1.0014910768592489,0.40998093952577597,4.267465171773393,-0.05383797709633757,-0.4254737335934678,0.05193610234632715,-0.9254085425318044,1030076,0.06937520106665275,-1.9538471277172085
0,100001.0,250,684,-2.088956138802325,-1.2313437279526522,0.3363136751729775,5.570195038704392,-0.10986131190731904,-2.468057175037341,0.06531225536278004,-1.6375771212972827,1030077,0.08711418253659801,-2.6690579658011733
0,100001.0,250,706,-2.096165590528407,-1.4709107787447944,0.6272986619571598,5.5974280030208705,-0.07255137625793373,-2.3595540389136715,0.0579213843973497,-1.5377220591928518,1030078,0.09117166136210056,-2.7067792936093142
0,100001.0,250,700,-2.0231093161979934,-1.3626276536436146,0.5352142979318845,5.590169447016339,-0.07915215163989654,-2.336068936219395,0.061838367294060975,-1.5585340404961032,1030079,0.09807642344452727,-2.929890311435813
0,100001.0,250,717,-1.7709451373610703,-1.4274190804674785,0.7575475164030483,5.224820479636521,-0.03171922249508762,-0.6972413844958624,0.061699379927607476,-1.2774235559480571,1030080,0.07945778149820124,-2.123119578624604
0,100001.0,250,618,-1.8878506814745208,-1.4346247467888231,0.7011877157355051,5.1995591811223045,-0.04763207932048298,-1.049791330063525,0.05251386778786705,-0.8333257904497564,1030081,0.08078338700423815,-2.0883801265554327
0,100001.0,250,591,-2.239431956046427,-1.6855537346470426,0.8120912678651687,5.7389273385422275,-0.05906503261020667,-2.138244442092285,0.058314444180706325,-1.079383040667096,1030082,0.0912952212074103,-2.5028518596332345
0,100001.0,250,690,-1.918296354035664,-1.9153555658523649,1.27578550334543,5.025256852301491,0.02482822802328272,-0.4715011974517629,0.04058495776879662,-0.16679612331926108,1030083,0.055746381484819085,-1.3523481580099617
0,100001.0,250,728,-1.7660245460017368,-1.4202793897788086,0.7514524190244953,5.256310550995557,-0.032152017171556975,-1.5276193675336338,0.044125637660506416,-0.5144113389628813,1030084,0.062197303435895114,-1.7178658690329696
0,100001.0,250,616,-2.0307045919552675,-1.9012091008383807,1.1955603993031478,4.638957625471071,0.006216565217234792,-0.7389319775346408,0.04605660545407435,-0.4760797588973357,1030085,0.06457806739082539,-1.5132943915974217
0,100001.0,250,683,-1.8444368622110667,-1.5758403318012157,0.8991744357867115,5.4433295798268535,-0.018699944542596058,-0.8845851371792097,0.04324809158277562,-0.3978826189558887,1030086,0.06444023275379011,-1.7552770586468671
0,100001.0,250,738,-2.079542647528116,-1.0748693247301508,0.14835627991135286,4.858922605712117,-0.13354017922711242,-2.5224498555733263,0.04585429002537667,-0.773318687821503,1030087,0.07840089008786569,-2.1746234491771723
0,100001.0,250,663,-2.0959679898504096,-1.2070556596063429,0.30260580419728744,4.867041135242259,-0.11478148273407678,-2.2525997041290293,0.05802808233022441,-1.1113318744335041,1030088,0.08716390488640785,-2.4775595968992365
0,100001.0,250,728,-1.7175011645973617,-1.5763239955437018,0.9712093577555292,5.2039226691331555,-3.339788186082516e-05,-0.27708422608850114,0.0430160228622066,-0.4763362107310712,1030089,0.06784550872720366,-2.1252254217832416
0,100001.0,250,740,-1.5029643798644257,-1.4090678137278667,0.8863553196056752,5.3786323539761325,0.004700347545125987,-0.08025649790567453,0.04648747998523672,-0.6210552680367656,1030090,0.0653338210527118,-1.6757979506286642
0,100001.0,250,747,-2.0847115587881984,-1.5947853784184836,0.7861039437925921,6.0907342122407595,-0.05107145824604503,-2.106532995606456,0.04404397544093427,-0.477852362432775,1030091,0.07173089149437578,-2.0128946105886643
0,100001.0,250,665,-2.250646891960959,-1.807464064004625,0.9551272496369968,5.674197767122878,-0.04128579701793788,-2.517148209605021,0.051372687478674336,-0.9112603472449484,1030092,0.07115652887379346,-1.8939792399305906
0,100001.0,250,645,-2.14234563186876,-1.9380964193757195,1.1775838105306833,6.477450516452345,-0.004368866487640008,-1.8202296043044923,0.055019360596507895,-1.0738493939620684,1030093,0.09333521770365917,-2.576105484527676
0,100001.0,250,611,-2.001172103832284,-1.7195391012540515,0.9883893415230909,6.603661158786149,-0.01857749679579671,-2.2164312735142997,0.04834774733543765,-0.8197244664048193,1030094,0.057826477883334226,-1.7484303271854909
0,100001.0,250,673,-1.8142968996510067,-1.6686742530610583,1.0307192834676964,4.7204793377520735,0.0006281128337609995,-0.2623017394796349,0.05292931075181388,-0.8117590463349486,1030095,0.07693334432549359,-2.0859815746517656
0,100001.0,250,687,-2.1645882976989834,-1.6806116722046267,0.8472228939859306,6.004083663584359,-0.048994402853291576,-2.0454705182558857,0.04542812527486145,-0.5274304691416352,1030096,0.08121857816028978,-2.450438942715748
0,100001.0,250,686,-2.018946687424286,-1.155459582873887,0.2823614743594388,5.739463373978566,-0.11172677499870566,-2.3668334554664727,0.05970622574108926,-1.3670514841370591,1030097,0.09413247216369723,-2.7151610898565828
0,100001.0,250,685,-1.9190332607110636,-1.5790491260834691,0.8609287477031439,5.668865480298152,-0.029158125009467475,-1.249399876192833,0.047841160712557305,-0.7146722022461469,1030098,0.06333898644431099,-1.7259614856163177
0,100001.0,250,681,-2.1187711643278253,-1.6072707762081653,0.7827992758949422,6.3640453724927415,-0.05400157047962655,-2.1153635682766883,0.04864528106338931,-0.5319924315955717,1030099,0.07995823355232794,-2.2270905239698644
0,100001.0,250,617,-2.6129100311614737,-2.0870179357009397,1.0954897180996759,6.5713057518895495,-0.0496530237762531,-3.5277009806763218,0.042456504831887835,-0.4275116134800389,1030100,0.0747243551363256,-2.1399011229609752
0,100001.0,250,732,-1.9789269723490348,-1.7296574007117176,1.0122768885369076,5.314895081132558,-0.013912273836863559,-1.208162240659708,0.044641987117382764,-0.7037830304610648,1030101,0.06961241550642798,-2.1351620980450825
0,100001.0,250,790,-1.6857988621336868,-1.7882493370015555,1.2499032416390814,4.6490780482278,0.03843550166465298,0.2800426346910845,0.03772991995396373,-0.11902498546106224,1030102,0.048127569701556634,-0.8232329488167227
0,100001.0,250,714,-1.966901984689282,-1.7087251288440193,0.9934283414897558,5.072833291236628,-0.015467457473298713,-0.8909479293615983,0.05780190304578185,-1.1350727715463198,1030103,0.07623939524444769,-2.0625178205554917
0,100001.0,250,679,-1.9279436336699367,-1.877333345601592,1.2235699663049089,5.46551167466292,0.017343310856185592,-0.9082874488638236,0.04832782328652906,-0.9024697227195282,1030104,0.05866935031529974,-1.5653797093994408
0,100001.0,250,684,-2.0891916137473507,-1.6576567478485862,0.8615965329827101,5.932472793957001,-0.041581677503875134,-1.900889633946364,0.06379373988925098,-1.6771177908995158,1030105,0.07386542265218675,-2.2810170712844733
0,100001.0,250,718,-1.926626445093242,-1.379132095566974,0.6099774264260237,5.531914363614904,-0.06233814550787607,-1.216229357471631,0.05576995333524055,-0.9352572345695328,1030106,0.08940702903781023,-2.6458359160371745
0,100001.0,250,616,-2.334543070796534,-1.3492900414698503,0.3435449544570128,6.092230562618908,-0.12706179757134398,-3.113513269295636,0.05815606112222686,-1.358123430917654,1030107,0.09726707830869136,-3.0220847364123142
0,100001.0,250,703,-1.863531298702144,-1.4012044052261008,0.6729819183559929,5.3633000004221385,-0.04951359677587299,-1.4169243676856695,0.054568674223380666,-1.25596836788148,1030108,0.07751365747867893,-2.3273149537053492
0,100001.0,250,704,-1.9451151130879325,-1.3387292537397368,0.5498373275461494,4.9450772127440965,-0.07151658971262115,-1.5871776366073442,0.05004521740499695,-0.9609974418881564,1030109,0.08374009981972723,-2.370249145670462
0,100001.0,250,692,-2.0457570200490616,-1.8146132743946488,1.0795265352994041,5.056894255400337,-0.010058938985669076,-0.9683627825648936,0.05449791462431331,-1.0670479552278518,1030110,0.07494170229304309,-1.9783127026732743
0,100001.0,250,744,-1.2732012937681767,-1.0132649919603944,0.5285190433438339,4.487161130056942,-0.024901300965873698,0.08357242449264242,0.05295312072663416,-0.8106746442111102,1030111,0.07166506136748961,-1.816553059104689
0,100001.0,250,766,-1.423522652695653,-1.0974026277943634,0.547060607955729,4.966531786680204,-0.033539585714129794,-0.29892156096508105,0.045550792636949285,-0.4854663468789711,1030112,0.06331974559905032,-1.5829398695237442
0,100001.0,250,641,-2.0792541011950703,-1.4528589268989751,0.6152276981998129,5.704811669841362,-0.07289796482772395,-2.1766504143658976,0.0573863275180465,-1.2107558501023217,1030113,0.07389029371877054,-2.210399086947508
0,100001.0,250,669,-1.857777481782029,-1.522929735713773,0.8265411342464354,4.795674723511207,-0.0291199122465074,-0.8028153626978322,0.042499614105013066,-0.25237292409256123,1030114,0.06769569402784778,-1.666400699426266
0,100001.0,250,712,-1.6864751701473444,-1.4222207246369505,0.7989521190096112,5.068990286054541,-0.02012837090875324,-0.6296639268280034,0.0439116551710144,-0.29386198571113004,1030115,0.06606723816085452,-1.714473915764114
0,100001.0,250,589,-2.3460047969370468,-2.0019433077094217,1.1418793315528266,5.995148266516262,-0.023951020108911085,-2.5875635413500246,0.03964578705250713,-0.36618887267301936,1030116,0.07347778209612643,-2.187091789115384
0,100001.0,250,670,-2.1260224412422986,-1.631775421486524,0.8090074469883978,5.921735798482523,-0.05112607696615064,-2.502689010030488,0.05621170464414408,-1.3427464872989414,1030117,0.07908753292740857,-2.246895833729021
0,100001.0,250,699,-1.356861429702808,-0.9591657262040424,0.414765189827188,5.6025843885240425,-0.04583196145042994,-0.5637526431290621,0.04584736796648965,-0.7348478597475574,1030118,0.059972502353250384,-1.3819897192224415
0,100001.0,250,749,-1.8474589522123093,-1.5695077684731629,0.8891479463195376,5.073124275344981,-0.020254880348543818,-0.7736220136218862,0.03830802204511554,-0.1061727031399752,1030119,0.059673597032710884,-1.6702667409887706
0,100001.0,250,695,-1.9649362457786836,-1.0515375280195352,0.1847516592039853,5.323446354114023,-0.12043620934285687,-1.7748795755141558,0.05319984019613788,-0.8445832654383056,1030120,0.0793308303929208,-2.362764602442606
0,100001.0,250,667,-1.9798427425413732,-2.0892946783016826,1.4555785904277354,4.905040420987344,0.04371561397436205,-0.15557593277959067,0.0381134595307225,-0.20413459359137076,1030121,0.06679482908592901,-1.6515325877990328
0,100001.0,250,732,-1.8487981524088817,-1.6927779019294846,1.0404324933136788,3.9602061052971025,-0.0006913695195258141,-0.47687640078181,0.04385521616760382,-0.405016962803931,1030122,0.07563050332991579,-2.1641081820923733
0,100001.0,250,654,-1.8115017289870832,-1.7143613750435267,1.0887808749800836,6.375094965592832,0.008403412621389966,-0.8715981070674433,0.04151987085333373,-0.43542969243103,1030123,0.05750692612163745,-1.2704622539132342
0,100001.0,250,564,-1.8834337028598251,-1.2880084018068132,0.5235623504961513,5.013335321550848,-0.07045620714362717,-1.4003993718137675,0.04514375413368242,-0.7625287678091854,1030124,0.07307384984840856,-2.2059548657768557
0,100001.0,250,658,-2.4276391815309437,-1.6593824052275743,0.6726222672538863,6.114898110043264,-0.09104854230583427,-3.2762098768372425,0.05592226896866128,-1.4253951152632132,1030125,0.08687064532688113,-2.65438776786152
0,100001.0,250,791,-1.466902889809616,-1.3195446608223529,0.7961463203740051,4.5910415412170185,-0.0043921005649729325,-0.14466713611296306,0.040136449412106236,-0.15632955739554366,1030126,0.048157072735385976,-0.7649686767887893
0,100001.0,250,615,-2.3182207923063576,-1.7184542230124908,0.80780334888502,6.045197525400442,-0.06542086373365852,-2.763844530998512,0.051526328225774194,-0.9020962838048538,1030127,0.09167539004617488,-2.6424774645254567
0,100001.0,250,691,-2.0857961861251373,-1.089554649621029,0.16329053499114013,4.710053006685142,-0.13211624208126413,-2.4699071845053377,0.052885061344686776,-1.135262180017426,1030128,0.08541250588780631,-2.3366413591199486
0,100001.0,250,659,-2.1921049482165738,-1.963526599347068,1.180639033527377,6.187696066544796,-0.007644572283902857,-2.4595194087507712,0.04610942665935505,-0.6388519858866568,1030129,0.07266649452427475,-2.175459166155281
0,100001.0,250,670,-2.0253805097399966,-1.7811463402157075,1.0500114660141844,5.722615187281535,-0.012382518901147992,-1.2474727067466194,0.05363118365439076,-1.1600645457972163,1030130,0.07988258017406867,-2.2093578227064943
0,100001.0,250,636,-1.990122665346426,-1.019949977800432,0.13209098157161644,5.054955264954935,-0.12921493607102982,-2.619314123806706,0.05748101111088098,-1.344987751487825,1030131,0.08038175450262733,-2.44500382098192
0,100001.0,250,634,-1.7083535568681725,-1.5693559343429926,0.9685583887219422,4.840242394153772,0.0003676236782863817,-0.10049618528019526,0.03553830015402108,-0.016983039329257772,1030132,0.04925356543657703,-0.8916648481170655
0,100001.0,250,746,-1.6558445399202586,-1.317727419604268,0.687270984021546,4.236732069736088,-0.03239669802376007,-0.3849480865735741,0.049560497373283684,-0.5177039235013488,1030133,0.06895207558343976,-1.6605027508691184
0,100001.0,250,679,-1.9881718559433688,-1.4742973951291245,0.6927822109500237,5.212869704546941,-0.056103752493144185,-1.3452742897598893,0.05228593876024387,-0.8601961657668046,1030134,0.08152100091470475,-2.3157013690411232
0,100001.0,250,641,-1.7246087036297009,-0.9854916398306528,0.23967563761538135,4.307809542669827,-0.09567701580785444,-0.8996098926957207,0.04714418299689791,-0.5399096837618864,1030135,0.07865378564951049,-2.239566877645814
0,100001.0,250,694,-1.560261368762449,-0.8446039519506062,0.15857546636666925,4.8411326746631795,-0.0940900321995136,-0.8354919774274859,0.04739572912761948,-0.607561531711834,1030136,0.06553733405418394,-1.8047349735904008
0,100001.0,250,634,-2.3916426695372803,-2.002520432316308,1.1161865545260914,5.17078394047456,-0.03068805417682952,-2.501840092619333,0.058744302724092826,-1.3272290372926214,1030137,0.0677511450233676,-1.5625600630254577
0,100001.0,250,739,-1.7261286658969908,-1.4775698179401309,0.8445477076739978,4.383641923133646,-0.01712894194315635,-0.5810980856842374,0.043545192946316535,-0.4958816498551568,1030138,0.0539161253308163,-1.1272918641435918
0,100001.0,250,621,-2.0313522001063893,-1.831534035991215,1.1092574374583248,5.374259080603332,-0.0050715334196804775,-1.1237819625670378,0.0562684169779662,-1.1930971880128365,1030139,0.08358824809882498,-2.4141318853481386
0,100001.0,250,690,-1.9485070029739282,-1.438641024186479,0.6711709172625832,4.748988651513068,-0.055996505568816884,-1.3835730656721033,0.04834864231491368,-0.7379497022210839,1030140,0.0708236661209844,-2.000397504034803
0,100001.0,250,657,-1.9512273095162889,-0.5870996116083161,-0.3796005327487612,4.127570550918705,-0.19288520206824847,-2.2679379965384383,0.056895832331375365,-1.2241064356778701,1030141,0.0906413387520612,-2.4405178737256934
0,100001.0,250,687,-2.1587269576325223,-1.5557546292549385,0.696655989827982,4.894217749859081,-0.06813908839644754,-2.2853819915781,0.06597190829393001,-1.6266004415082211,1030142,0.09591039680543806,-2.874211646919676
0,100001.0,250,672,-2.340639102993663,-1.5996600174926936,0.6480523642279722,5.923296849169601,-0.08783946300939069,-2.9020387243067587,0.0603273631516601,-1.485699452854855,1030143,0.08736343222351776,-2.3922785029365428
0,100001.0,250,640,-1.6111937516238302,-1.5372667911262532,0.9838791817957336,5.301766914085227,0.009503157287611566,-0.2228206872407896,0.03944025769042958,-0.33373541112663346,1030144,0.061625580140866026,-1.9137081307853392
0,100001.0,250,776,-1.7331563552920612,-1.2847564002718468,0.6027165643098823,5.5509511791898785,-0.049059115096296506,-1.2686039021458562,0.05000529482918993,-0.9136387384353372,1030145,0.07452688926705882,-2.5109351153295014
0,100001.0,250,775,-1.5526849392972142,-1.5037093646421664,0.9746543877080864,3.8882916166091137,0.012491324022556892,-0.03852299274492973,0.038939846516094286,-0.06360121339247403,1030146,0.04888749880888524,-0.8228210829147727
0,100001.0,250,650,-1.762566658068773,-1.6651335475470883,1.0558105542751082,5.319304359145972,0.007717522451721821,-0.26367442761270465,0.04307016503382611,-0.26557825628862125,1030147,0.06912693122462822,-1.855482904468709
0,100001.0,250,654,-2.211291357057701,-1.733041117715571,0.8857715333467687,5.238759857122972,-0.04741003088960176,-2.1750216971030545,0.049605422375845136,-0.7591877071780812,1030148,0.07869146838249058,-2.090897321797053
0,100001.0,250,692,-1.4271572551123597,-0.7706039922229588,0.1426586513389222,4.395754057230668,-0.08637549066694336,-0.70750768031662,0.05596789113685628,-1.0612351323566922,1030149,0.06578775933225993,-1.8376503894692109
0,100001.0,250,589,-2.37975158334181,-2.060988111018712,1.195588266626998,6.124456247169744,-0.019438930132445253,-2.674268550210003,0.06054091845369518,-1.3766142492907132,1030150,0.0892152058444155,-2.8476085860841955
0,100001.0,250,709,-1.81750932253834,-1.7429341304476889,1.1201224504398546,5.856478927723787,0.011982398331805092,-0.3978925017968682,0.04622371235323177,-0.496646613695149,1030151,0.06612313698432726,-1.7090282324259904
0,100001.0,250,677,-1.9565186511998836,-1.2264219020178977,0.4051985165726148,5.603391959949184,-0.0911723754569982,-1.7762955898835817,0.056264353602091664,-1.213532321586898,1030152,0.07619322997391824,-2.185707732232669
0,100001.0,250,648,-2.111989746594169,-2.14703911700769,1.4522376151108878,5.3746491699254655,0.033594347725591354,-0.7774360325061109,0.038035682345403485,-0.1900178316568142,1030153,0.06185965915205451,-1.576485296623756
0,100001.0,250,641,-2.2285942612575083,-1.6423025554435386,0.7642960042358381,6.2695572106128346,-0.06448669361612816,-2.653272006580069,0.04973259975385415,-0.932171388074808,1030154,0.08372908336838297,-2.5652257425179896
0,100001.0,250,628,-2.2779258746685214,-1.6928975642131685,0.7989197430151689,5.5226639494681775,-0.06361127293440516,-2.7921155426673003,0.05248594121818341,-0.9619064070203268,1030155,0.07715001844363419,-1.9822656428831524
0,100001.0,250,720,-1.9919561293796728,-1.6709108418023395,0.9326049175177804,6.434873713294415,-0.02521584708613609,-1.783377230922882,0.055130744509323724,-0.8586892376748014,1030156,0.07806781854248994,-2.301207303384257
0,100001.0,250,697,-2.081627016337702,-1.7683855172875145,1.0022216014422274,5.709574055052532,-0.022748444227661785,-1.4829051210904232,0.0538996449691173,-0.8099367631244052,1030157,0.08063960365224983,-2.1421436045655486
0,100001.0,250,686,-1.8137607607645647,-1.1835186483280076,0.4329743310426852,5.350447869262274,-0.07705906837369339,-1.4854370874594982,0.052869182824487916,-0.9229333658879924,1030158,0.07246217025883912,-2.180505879951484
0,100001.0,250,736,-1.6988288440176578,-1.7157990382598969,1.153603997285945,6.487020592002237,0.025028746813436517,-0.4241446429424029,0.038792183216076935,-0.3461441393898609,1030159,0.05790403549682605,-1.6618965114130118
0,100001.0,250,678,-1.7907249761208883,-1.2101112608501985,0.4788380378815004,4.4379652658941655,-0.06940550411668148,-1.1383240584673455,0.054536317982810834,-1.0192815260130732,1030160,0.06922047249969307,-1.6473385605672528
0,100001.0,250,754,-1.5513381296368105,-1.4880540902958033,0.9562476817382182,4.639513583552722,0.010214898877430488,-0.01993184722824819,0.03604066804853824,-0.06173059824791871,1030161,0.05146608970222615,-1.0655084092023173
0,100001.0,250,635,-2.4039646088959503,-1.944012164130488,1.037094618079157,5.877836556632332,-0.04188786832351433,-0.8092860270561322,0.050308390821349885,-0.9665151817530424,1030162,0.10244582159282288,-2.9387199130287884
0,100001.0,250,675,-1.7878101988279091,-1.2796851755825267,0.5662584171078141,4.923224125080786,-0.0578242364390027,-0.8139819252605239,0.04403935764991795,-0.41339962618051396,1030163,0.0670374344502836,-1.7836691942130338
0,100001.0,250,656,-2.1095051941707763,-1.4924198519994685,0.6467313548045551,5.0390860944514815,-0.07101957011525302,-2.0071461762616507,0.05056159533712847,-0.8319113788661421,1030164,0.07884550985439015,-2.015755273881098
0,100001.0,250,659,-1.7029239435117711,-1.3819757139457374,0.7404584865642099,5.088839342278272,-0.028925017138996163,-0.566636589024976,0.05800250838568498,-0.995628210671446,1030165,0.07101057821820596,-1.8659672900005018
0,100001.0,250,676,-2.005081394969892,-1.578280819763077,0.8114046980260543,5.729026062071563,-0.04192197889649599,-1.4051705921244528,0.0557625211324158,-0.97693724947004,1030166,0.08549384198628511,-2.5397791966810384
0,100001.0,250,744,-1.55249441825761,-1.0678906089809843,0.4378498623349382,4.0770148800916255,-0.05720141269127583,-0.6973919169004964,0.0452996253684646,-0.5768069329855233,1030167,0.06205858184178194,-1.520897304698978
0,100001.0,250,753,-2.0228146244422645,-1.4390353379967602,0.6291291868630257,5.78962289785884,-0.06691199844215097,-2.2200785433275896,0.05776877256447984,-1.4112820411631493,1030168,0.08357606442600693,-2.2352278889823918
0,100001.0,250,638,-1.7197284677972875,-1.602573637743249,1.0030329405173606,4.999571926836377,0.004013406576106014,-0.236364927264592,0.04330903978936531,-0.4903676113379247,1030169,0.056017047316400316,-1.2378158069143206
0,100001.0,250,665,-2.0148790640296506,-1.7111565289960415,0.9697365065670362,5.416274050213463,-0.022047368016467433,-1.0650156270044744,0.044241090666143734,-0.5214826954235682,1030170,0.07042724103682059,-1.958345585140404
0,100001.0,250,664,-2.028498709035881,-1.82656537767586,1.1042861861926665,5.371676686031563,-0.005548223656931813,-0.9799418997852328,0.048076296369609896,-0.7820524407719284,1030171,0.06785670909444229,-1.6708850078121749
0,100001.0,250,643,-2.26842681418292,-1.7508618429113478,0.8755568301609277,5.4996908106311295,-0.05293973522565354,-2.3107415320130933,0.055766589932932736,-0.9447903337777014,1030172,0.07200633519995478,-1.9296273570668687
0,100001.0,250,722,-2.1749071307596344,-0.7296372140764198,-0.3309312246160438,3.688252034910074,-0.2028464014041323,-3.0137409779495106,0.06814512179323115,-1.6729080955873692,1030173,0.11872256049286753,-3.3082604756718763
0,100001.0,250,694,-1.9182328223783665,-1.3917979196102819,0.6305258607353817,6.049753297675792,-0.05905430641246193,-1.664432165327703,0.05523420270124211,-0.9498854197143388,1030174,0.08902968113688982,-2.701970649661103
0,100001.0,250,693,-2.136625881923674,-1.4253319400426998,0.5483584187357485,4.797564707435157,-0.08579179125829305,-2.169414595994553,0.05453767880696951,-0.9902136923528836,1030175,0.07289812375747512,-2.00229696800566
0,100001.0,250,667,-2.225947518394864,-1.260576646905643,0.29503867769368425,5.762226090017163,-0.12531980360106038,-2.984381193632939,0.05171898497017775,-0.9927531714533196,1030176,0.093440381441615,-2.85791688270154
0,100001.0,250,692,-1.798296757682737,-1.3943901470088054,0.7015625841736728,5.029346747143267,-0.04100225292344624,-0.775002483067142,0.057016724238279574,-0.9749138763469148,1030177,0.07072674486199555,-1.8295548081162172
0,100001.0,250,703,-1.768371938235189,-1.0980344232772643,0.353160366931817,4.495482182127149,-0.08408844195160549,-1.3970142378981247,0.04657105609301493,-0.6840127203421206,1030178,0.06657808309421627,-1.7363436111647408
0,100001.0,250,678,-1.8395778665638625,-1.823005512817764,1.2065894115622484,6.124712287456322,0.021633898695034633,-0.4448380275571411,0.04013022380727931,-0.2362380564334149,1030179,0.05935358294448325,-1.2148520490659955
0,100001.0,250,685,-1.8627996959641944,-1.5160815217758,0.8151229125483156,5.028841899847811,-0.03097919316175043,-0.7855651459334608,0.04189444535357049,-0.2496352264934419,1030180,0.062052356893009815,-1.4950715533356542
0,100001.0,250,758,-1.3742597636866092,-1.263758085161904,0.7799828685228842,5.101953234279325,0.0003302561700391003,0.3066300600381858,0.04348673495826623,-0.4931170437229539,1030181,0.06512936295265956,-1.709914952050038
0,100001.0,250,720,-1.5508968229134241,-1.4207024531316246,0.8737079928416033,4.9518194849761175,-0.00045275760595507266,-0.3936771957507372,0.037879416532739484,-0.026121538025880863,1030182,0.05375122610256694,-0.9917585478659046
0,100001.0,250,767,-1.8728266134270717,-1.5521951138065142,0.8533361033203752,4.732188172606327,-0.026775954563116,-0.9545142936867972,0.054080057716963496,-0.9707766050319498,1030183,0.07262888566149145,-1.904377943393708
0,100001.0,250,736,-2.055375266906127,-1.5259926948534392,0.718005633318947,5.709690067403174,-0.05776190289743655,-1.960225211077058,0.04933022059231035,-0.6146282391996994,1030184,0.0808991914219275,-2.3136738866866766
0,100001.0,250,632,-2.401115175778961,-1.80371902333608,0.8658262221486182,5.588776624113627,-0.0639664636899137,-2.85068111690232,0.05158764935347545,-0.9141766373845684,1030185,0.08604543353964728,-2.5660107315500555
0,100001.0,250,697,-1.5167483631714986,-1.0351101097893105,0.4179533788580405,4.806984229264617,-0.05717176161543019,-0.6715550573122513,0.040900375696333716,-0.3628725036878499,1030186,0.06733634289017112,-1.5514409752685427
0,100001.0,250,603,-2.2198969421059283,-1.406422581762201,0.478921193647985,5.563473310866107,-0.10101335362965734,-3.0309982017893815,0.04896310876527269,-1.0410377946464746,1030187,0.08452691886426826,-2.643135386728832
0,100001.0,250,641,-2.347639899586877,-1.8714964944861812,0.9794840222977002,5.9723227154699545,-0.04524338879940749,-2.544706660540084,0.06478885259791974,-1.2261023312909571,1030188,0.09585383006681104,-2.738210206827048
0,100001.0,250,652,-2.1779511310561417,-1.6172994769461224,0.7619900684089005,5.994935175959475,-0.0610605878142077,-2.7466459863951727,0.06247171629514075,-1.6061992976643482,1030189,0.08074209443585369,-2.555384335067308
0,100001.0,250,643,-2.4628390804829765,-1.3096023336761222,0.22178532844911386,5.85527076001202,-0.15230643333981872,-3.5438846082416564,0.05368445162995999,-1.3687144339994768,1030190,0.10012885643958323,-2.844725593579793
0,100001.0,250,669,-2.4988903516118897,-1.6651729084601161,0.6393474854423437,6.1061239750411405,-0.10061018256186602,-3.538161381000948,0.06426774795684327,-1.549785849841245,1030191,0.09437835493446438,-2.679734115914667
0,100001.0,250,706,-1.6622984761887067,-1.396954642636137,0.7815298501717255,5.543418352501547,-0.02061332874738419,-0.3844941680189429,0.05540979573215239,-1.1271230486259798,1030192,0.059942922912983324,-1.4570137708020132
0,100001.0,250,680,-1.9374159525933268,-1.2527300772899064,0.4483990442660394,4.808236683646026,-0.0841484580402077,-1.4378799659952433,0.05213848519408148,-0.8138824784054046,1030193,0.09706628557910267,-2.8597441318567145
0,100001.0,250,659,-2.239414086459124,-1.2682866713068188,0.2970069421620598,4.88641836675549,-0.12606383460651427,-2.907503348479365,0.04914916423810003,-0.7992696307818112,1030194,0.06615710152437708,-1.683564232954433
0,100001.0,250,661,-2.1460423995828384,-1.8282278082311887,1.0399056471637946,7.139886994893027,-0.022564269349247545,-2.516354546342018,0.04340179929342932,-0.335656187456677,1030195,0.07104950611796228,-2.012638492986134
0,100001.0,250,677,-1.5186760613780792,-1.3631652663275675,0.8213143713837573,6.025697330287611,-0.0048682909205941295,-0.5807873499816432,0.04295568413214455,-0.5050691379420263,1030196,0.06306666119820503,-1.8088415907254056
0,100001.0,250,668,-2.2565703907180352,-1.2222119518612533,0.2304297720748477,5.492209792029907,-0.1359732805538114,-3.0114701529359054,0.060421145586839003,-1.3539611225062405,1030197,0.08159413957749613,-2.2707372157420638
0,100001.0,250,730,-1.8928344500588865,-1.7370762648648739,1.070132858583058,5.207314661248158,-6.735278329647075e-05,-0.5162838059233604,0.054122444362774164,-0.9181801346976656,1030198,0.07255851697714523,-2.0752538584507434
0,100001.0,250,668,-2.0015477652783824,-1.50785500669961,0.7266786075755828,5.206906008380241,-0.05267970704150338,-1.4857884875893947,0.04169547657998835,-0.4602412720916217,1030199,0.09434661151093064,-2.6564817118682185
0,100001.0,250,727,-2.383715179309013,-1.539712125126926,0.5492685057687026,6.212064763225013,-0.10381665038989744,-3.2164156181532237,0.061503404083353086,-1.5233390768930075,1030200,0.08911029813503664,-2.486915512455119
0,100001.0,250,654,-1.8807120377705258,-1.6734591798823275,0.9992386025251232,5.821495810184437,-0.008335387749450678,-0.7961387778252228,0.048449122922768297,-0.5721217349462481,1030201,0.07252241457892411,-1.8589489579181766
0,100001.0,250,693,-1.97988450474846,-1.4716639159308318,0.6941001976097976,5.237693073405782,-0.05532224541022256,-1.5248962685622132,0.05697835653140744,-1.2398894338475948,1030202,0.08723014377105663,-2.5065895018911157
0,100001.0,250,673,-1.9958843772205888,-1.6920508893709154,0.9568523842209496,5.456796023408441,-0.02233052187857593,-1.1429950642006543,0.04994566615039837,-0.7746307440155283,1030203,0.07014740140057561,-1.9692318324991884
0,100001.0,250,642,-2.24233170983455,-1.869472095148047,1.0365109787703786,6.0175774300132145,-0.030076993679926518,-2.153179232127212,0.055202514439075534,-1.0319024602981075,1030204,0.0935772835792268,-2.6204672514198353
0,100001.0,250,751,-1.35203499260405,-1.0567045785807987,0.5374234998845361,3.4767772036211952,-0.029537921546807483,-0.025192293941931558,0.04309110436638238,-0.459369758162206,1030205,0.0646962758123321,-1.5133573576217378
0,100001.0,250,710,-1.692982638876596,-1.3139720269712092,0.6618769369329001,4.957711059902931,-0.038420779692161774,-0.7380067023483325,0.057561571587555024,-1.1289214796224067,1030206,0.07529684494803036,-1.8857692130004649
0,100001.0,250,635,-2.182253489661679,-1.6453690626053463,0.7943402522313693,5.0377734265991725,-0.05716842789700756,-1.892636559838372,0.05523417845016065,-1.0656723186884056,1030207,0.06907498572545863,-1.7819047496139768
0,100001.0,250,663,-2.343608143966482,-1.6636555887369524,0.7253443045278579,5.643130138592192,-0.07800888754346214,-2.8753943391223067,0.050741521099865634,-1.1045613692678278,1030208,0.08934663384721686,-2.61803847276633
0,100001.0,250,714,-2.1329777432719776,-2.104529946839289,1.3872986779686105,4.8859037937385565,0.02351157461192613,-0.8391275257743208,0.040225780686675434,-0.05704704578360676,1030209,0.06669858196225763,-1.969565929208024
0,100001.0,250,654,-1.7688370321248663,-1.152895546452784,0.4208914143046431,5.413580643041413,-0.07534346686606162,-1.4745016588745237,0.053407635843566136,-0.7653395656512912,1030210,0.07509936057594434,-1.9772659138189352
0,100001.0,250,708,-1.5182866253737364,-1.2785704655049757,0.7170630444554081,4.926594372969953,-0.018407034248085118,-0.3526825848778603,0.04964200151400566,-0.5561850692021741,1030211,0.07298605431193557,-2.087875476866365
0,100001.0,250,670,-2.020999170852572,-1.8620686905728507,1.152224401508,5.523494576080546,0.0012325528453337642,-0.9219656710274428,0.044046046511440215,-0.5540168326762326,1030212,0.0685361021393695,-1.8325588253757503
0,100001.0,250,729,-1.8499500213891655,-1.7001068070793308,1.048835983123562,4.329320001415283,0.00031795610318930334,-0.3006715621229347,0.04666632870894519,-0.5269457852819104,1030213,0.06715287238994974,-1.660533520351384
0,100001.0,250,663,-2.0847437319337474,-1.7760314933548085,1.0102118967062443,5.183225544014454,-0.021919684311915003,-1.219662437285508,0.05230904404350132,-0.9298584805595584,1030214,0.08262732165539424,-2.3769885760850915
0,100001.0,250,623,-1.9948613343467545,-1.6726259547339952,0.9339981427700796,5.9280518420894515,-0.02520160750902671,-1.3066629077072456,0.05244926232100743,-0.8693020521322412,1030215,0.07232806382631493,-1.9483896193293877
0,100001.0,250,603,-2.126815432158113,-1.7753725427448817,0.986292247595254,5.6898021310255125,-0.028091808297399275,-1.5095802541548229,0.04916579469241732,-0.8554182456318893,1030216,0.0775002801091025,-2.2232743975053
0,100001.0,250,679,-2.4029114393780984,-1.8794023186532975,0.9575406406527046,5.465511674662919,-0.05217211042241657,-2.7206774062214283,0.05366036454626042,-1.202644613206055,1030217,0.08414324403164555,-2.3361512770675907
0,100001.0,250,696,-1.439610403894992,-1.389018518713572,0.8977574567982471,5.640041842067619,0.01087005202731072,0.1018904932666112,0.034971634749607294,-0.029007837597295118,1030218,0.06207550340857765,-1.8741985137657176
0,100001.0,250,609,-1.8883158839688607,-1.4975520098363653,0.7785816095905292,5.540866403417971,-0.03758885010457625,-1.1031177476271057,0.05616678182263103,-0.9563869090963298,1030219,0.07462062425695762,-2.063318715966592
0,100001.0,250,681,-2.206530789478635,-1.3301110184407927,0.3915824436085613,5.160499058680864,-0.11132259963381694,-2.3103059670887736,0.06319982943319523,-1.3608861502331675,1030220,0.08272793406878133,-2.2646050104427498
0,100001.0,250,682,-1.849632814436124,-1.691029747501117,1.0382120276128215,5.539684109281421,-0.0010032762332731506,-0.656761672277423,0.04143021720763917,-0.43128861290244336,1030221,0.0723720831571589,-2.2145994248676977
0,100001.0,250,640,-2.105767231897935,-1.6486955309876838,0.8416239012619877,6.492549179023111,-0.04538927663661875,-2.536783913380345,0.048846692453377236,-0.7233180934238617,1030222,0.08298522472344702,-2.4922434959280944
0,100001.0,250,703,-1.838561496456464,-1.384411607017263,0.6664074514334064,5.580254454995887,-0.048532624732022224,-1.5016219389803631,0.04801273084081742,-0.7430503706239873,1030223,0.08501899571278364,-2.433873924585033
0,100001.0,250,613,-2.2344005365066546,-1.8725758254181368,1.0451713273184506,5.173902469492048,-0.0283489774936788,-1.7086578338517648,0.06487955641276794,-1.2124153826118071,1030224,0.0964730259562536,-2.5420671746254504
0,100001.0,250,747,-1.8530367471534392,-1.4806026496002402,0.7764414357218099,5.324779273924111,-0.03530358460739162,-0.836572747005074,0.04326389933893179,-0.354402610150315,1030225,0.06575579291582348,-1.6860451873347748
0,100001.0,250,705,-2.283763420022781,-1.9429679659766752,1.1029913075206137,5.717919717977908,-0.02451369496539614,-2.2284898067310466,0.05444328723137353,-1.0135939728668084,1030226,0.0756014731292055,-2.0889318434104114
0,100001.0,250,678,-1.8465795602244508,-1.928884134438936,1.3331228026254565,5.956037585300108,0.03757255494645759,-0.2771617430091242,0.037643111091493126,0.014340494111555612,1030227,0.05783193368734248,-1.4382629011001122
0,100001.0,250,698,-2.0074085650032822,-1.4735313827907848,0.6807933886851497,5.1780381584076505,-0.05907509484699064,-1.5772102067679117,0.05888468249741294,-1.1755221572461203,1030228,0.07297609615077666,-1.7598048746543002
0,100001.0,250,778,-2.152318169382033,-1.4713369902065134,0.5954883772980881,5.577768953515985,-0.08078819939273442,-2.870626551847556,0.05747876297818001,-1.4940180064916468,1030229,0.0800447318271918,-2.1938623889268154
0,100001.0,250,604,-2.283777702346126,-1.5904832611450634,0.669676229561681,6.1482404534240445,-0.08087384954931172,-3.1426843974322867,0.05610919979055315,-1.4074220672181863,1030230,0.09338515351729494,-2.9304683036773587
0,100001.0,250,693,-1.7111233880985262,-1.572438498059504,0.970288917832978,5.677821439376409,0.0003407220748120873,-0.30783988685180835,0.04482845212045709,-0.4256069234771017,1030231,0.0684516352621884,-1.8907449250601556
0,100001.0,250,726,-1.817261797171559,-1.6995559401013616,1.0666693027727414,4.885324431116702,0.005039616855250607,-0.6168561014273974,0.0383459471968148,-0.18697732773938688,1030232,0.06471187523154305,-1.8309890369608248
0,100001.0,250,679,-2.062521873729789,-1.8136089756090248,1.0689317126843574,5.746224974791786,-0.012659664651703241,-1.3677433612407928,0.0489833658707176,-0.8208028199428983,1030233,0.0720200902867051,-1.8471457749653104
0,100001.0,250,698,-1.4241366885009334,-1.2872005466505565,0.7810099578426555,4.577167958639363,-0.003169920898885234,0.08141433707180121,0.04276535422085362,-0.2789399523180938,1030234,0.05786768652272412,-1.2476487261147795
0,100001.0,250,714,-1.752693435565499,-1.341367859319436,0.661840664771814,5.553509141945965,-0.042814681041322966,-0.7944474173932675,0.05356616158282957,-0.9556705246872588,1030235,0.06561473165388829,-1.607849678317649
0,100001.0,250,599,-2.3680831884460027,-1.5534633647010918,0.5764644413241202,6.288803918607304,-0.09922049155280324,-3.2150808051004964,0.04790850271849675,-0.891826953520772,1030236,0.092728546902877,-2.7234953347471134
0,100001.0,250,675,-1.8321059550708945,-1.7132799752237424,1.07560713079576,5.290299111662347,0.005154091916568726,-0.4398395182009751,0.039246059376380885,-0.3293485365153549,1030237,0.06435455081976653,-1.7886151837978357
0,100001.0,250,728,-1.8494656078294511,-1.3045012447836932,0.5615698152293244,5.387280255651558,-0.06295525469937162,-1.1943689793774193,0.054563256961757386,-1.177748245888672,1030238,0.0780523618220654,-2.142378608482443
0,100001.0,250,734,-1.7535772116866006,-1.7107847442212072,1.116470376868438,3.837041333749898,0.016183255418332956,-0.0941169038041286,0.0445002180461966,-0.5131145830931043,1030239,0.05262078821782535,-0.8527910035743275
0,100001.0,250,639,-2.2582587329412536,-1.8027378605508333,0.9452900637103702,5.941023052754272,-0.04311714228134567,-2.5944927412645646,0.057808143683540286,-1.1646787451164258,1030240,0.08219409897655136,-2.2917613351383492
0,100001.0,250,698,-1.788404868796826,-1.56171388546979,0.9133273910597932,5.806220639983593,-0.012748578091267615,-0.8294738682562551,0.042801185767738885,-0.2672658652216481,1030241,0.059806402196748425,-1.4906401262432047
0,100001.0,250,702,-1.8483477984882932,-1.4081009918068998,0.6900764086904946,4.451979958415532,-0.04617551298756584,-0.9933932709094024,0.05512670240614277,-1.1343739195081968,1030242,0.07065965474802433,-2.0984846020364656
0,100001.0,250,701,-2.2793699807648924,-1.7992333643687646,0.9283710854440658,6.991990462358007,-0.046886057780855035,-3.0043143146087057,0.052142010262364265,-1.042291627449849,1030243,0.09636512388966803,-2.762236840535857
0,100001.0,250,667,-2.317945228511943,-1.2958479644660128,0.2864923079613799,4.533593297741088,-0.13319666109461856,-3.0473817316686613,0.054972476638141116,-0.9903316204003366,1030244,0.09595289251956092,-2.9010398439783973
0,100001.0,250,772,-1.4216325433666284,-1.1670383943703082,0.6339157590277784,4.533211644939928,-0.02212316152606541,-0.4439816816774305,0.04205930782503554,-0.3189013982990184,1030245,0.057345139161368415,-1.1974648026778172
0,100001.0,250,673,-2.0744220940643343,-1.4237413717251899,0.5817571815162249,6.1081530914890765,-0.07688454348524168,-2.2453056389956743,0.05152720061386985,-0.6964167372571329,1030246,0.08712743446905903,-2.088335414759239
0,100001.0,250,635,-1.6214441163963058,-1.7180956210078417,1.2010066170925575,4.9777689173110895,0.0370102068279826,0.5367061883242016,0.04284275435404787,-0.474466519779934,1030247,0.059524657770868385,-1.7313769048659922
0,100001.0,250,629,-2.1398332809599805,-1.920383662708056,1.157356092100532,5.75127474661156,-0.006800446583290068,-1.5702282387533728,0.04612214366149462,-0.4870452461363087,1030248,0.06666953457761114,-1.7703633266134016
0,100001.0,250,726,-1.7997361808397832,-0.9938928890524256,0.2069150213776598,5.042918270194087,-0.10538194830063087,-1.1348868032793793,0.049404668038328686,-0.5621841993468628,1030249,0.08807277841634213,-2.431102081468865
