start,end,N,SS,bsfs,FayH,TajD,ZngE,FerL,FulD,Colless,btree,path,iColless,ibtree
0,10001,250,27,0.35303265103415016,0.13114135460248028,0.2119354044065254,-0.4632912094097827,0.6894673835920471,-0.8729350895890777,0.034845475090325456,0.1288271234756858,2000000,0.06423759554346417,-1.4357917569366083
0,10001,250,40,0.3751162872471967,0.08824825062119389,0.3736183806267575,-0.1416326757340955,0.3766745499724969,-1.1039178915046988,0.032845090037569635,0.2390351623857183,2000001,0.04321722373364425,-0.26407919699242016
0,10001,250,55,0.08117048392757632,-0.21493260256432706,0.5315025759423437,1.6476628098027848,-1.755779495805588,-1.6174449469784478,0.046780172800382665,-0.5228897340012024,2000002,0.061606226394411386,-1.1214375090081126
0,10001,250,41,-0.237150762061956,-0.06994803508135247,-0.5772283811909715,-0.12960450387291955,-0.1490370587450216,0.9624483246107572,0.04305123720689208,-0.2417118052862693,2000003,0.0523245053948513,-0.5765146197060479
0,10001,250,32,-0.3109824047603253,-0.08133305635805166,-0.7878460458271973,-0.2603508736363061,-0.09433916479006436,-0.12936796267962125,0.04641533877445265,-0.3689013025167608,2000004,0.06931489398454031,-1.4197570002719286
0,10001,250,25,0.2979663399560209,0.02872743496249375,0.6814591379106121,0.43463780066692337,-0.18482551463983565,0.5904455113797494,0.033985943775100405,0.2082270389833853,2000005,0.06864015200587295,-1.6876097360638391
0,10001,250,39,0.21724366049941746,0.038735756830688466,0.0973420856305149,-0.11900315571126807,0.20020261139638496,0.268276691147226,0.03597705616682526,0.050522249820604014,2000006,0.057252470291724075,-0.9808609919416298
0,10001,250,27,0.6848332303161684,0.1414765827038814,1.058704856528642,0.2014939849761836,0.3064814500367258,0.9638696679238768,0.026686099235652287,0.4730323438327327,2000007,0.0714110923982669,-1.8972300134593405
0,10001,250,42,4.967141530112327e-06,-0.03253445258781233,0.26157351624596004,0.3987977068941801,-0.3550442943809353,-1.1915683460804989,0.03366301691750316,0.1613358461137962,2000008,0.07331908278274388,-1.6395909399648634
0,10001,250,21,-5.196424950553218e-07,0.13896182321897893,-0.5449495125647681,-1.0965949557286827,1.0872352303894357,1.1834217993038445,0.03152529472729629,0.22493875103634112,2000009,0.06942285270112708,-1.4641262418694052
0,10001,250,39,1.6930682345796668,0.06841712978272849,1.4078596528449523,0.8554669392229146,-0.30908887168754084,0.268276691147226,0.033309957924263674,0.08969785287156669,2000010,0.05582905097090872,-1.0362591552477964
0,10001,250,36,0.16361163468563591,0.06595212032825094,-0.18318414577898,-0.4982817567061561,0.5222130656919739,0.5217789922356247,0.035635972803999764,0.005017554397465297,2000011,0.051755408731700994,-0.684488133105979
0,10001,250,39,-0.3937198792371697,-0.017650909336188757,-0.8626907008794343,-0.6513667240583568,0.3475583951868025,1.5936124704483077,0.0371826866038006,-0.06738884713389239,2000012,0.08434949475320637,-2.2111498628737327
0,10001,250,56,0.3482075771335105,0.01910873052803368,0.2976263439941859,0.155606848011525,-0.03119717359422348,0.5774319276174191,0.031086712441162487,0.3553824141880449,2000013,0.050302592859918935,-0.6609721134453073
0,10001,250,35,1.0488054388468666,0.10150984921827357,1.0872213629611511,0.4098617027321328,0.06997661347235118,-0.8457761464846307,0.030998995983935743,0.2575656805745607,2000014,0.053671675951116285,-0.8666560263460233
0,10001,250,43,0.31167576481219683,0.13629148531618987,-0.08255154237518393,-0.7964062709829992,0.9454053002722298,0.7891274930930122,0.0303839595522456,0.29311878103767536,2000015,0.051681107732638336,-0.6802213932494111
0,10001,250,34,0.6778032555176623,0.12072546088885418,0.5419292546627282,-0.15411423751482753,0.4806469393383782,-1.2857192844056242,0.0322158198009429,0.24943890895575155,2000016,0.03901987879834752,-0.09227987698171798
0,10001,250,39,1.4048395660218949e-05,0.10189685882008384,-0.6845457009757356,-1.1240688580217204,1.0309948552716754,-0.6152804950534944,0.033815069117569437,0.19863945442881584,2000017,0.05415209223992745,-0.9343214009573452
0,10001,250,55,0.13042141392790224,-0.04299510302863315,0.4698423780218823,0.6480591781502273,-0.5488250548088746,-0.9724529589850468,0.03481763867614671,0.16597183460487644,2000018,0.04898003926375478,-0.5951816500334219
0,10001,250,50,0.6817550382936899,0.13710564260370658,0.5924353554508032,-0.22799468099837686,0.6039977804857948,-0.42115004148078106,0.0322737956434031,0.2252840750646054,2000019,0.05159845336681715,-0.8132559680032776
0,10001,250,49,0.6326154006523863,-0.010482049043159048,1.260600801584937,1.1556362850332462,-0.7528227721037303,-1.0878327471550782,0.03250996818816484,0.2166157523391009,2000020,0.06119408509614496,-1.1018167083105124
0,10001,250,26,-0.249316078578977,0.09048461722516422,-1.1634750767500224,-1.4204751887299298,1.1603505943828296,-0.1656517367507786,0.03554155176774687,-0.010678225185114718,2000021,0.07156583322537463,-1.5442301688456332
0,10001,250,45,0.8949051211659139,0.12199123396630915,0.77455305913018,0.019368477401066626,0.39375232073527816,-0.9218027515357816,0.03438206520149275,0.14331137885904702,2000022,0.046932353068186716,-0.5393573203389412
0,10001,250,40,0.4559584168697282,0.08105323354180452,0.6922012146814661,0.17125634584522628,0.15860234693363578,1.486778570925818,0.03208892919347641,0.2666970353635872,2000023,0.04526316409332344,-0.4744155355717629
0,10001,250,34,0.4525121193053404,0.03574087846380426,0.5072856931520208,0.25129025390584897,-0.042529542734865186,1.2126144783857746,0.0334027642829382,0.10902742468500293,2000024,0.05494738811878338,-0.8211650062021555
0,10001,250,26,-0.5124506323329351,0.01670626281711588,-0.7833354442262719,-0.7415024725104176,0.5131761398693845,3.630459507236732,0.03503751074679952,0.020128265829740404,2000025,0.058297706956859686,-1.1568426275858508
0,10001,250,55,0.6100231862869299,0.0217203668275168,0.7219850290711901,0.5130389373254212,-0.2442126630510628,-1.6174449469784478,0.04015061783231235,-0.15357709245359494,2000026,0.05086151055836248,-0.6419709977432536
0,10001,250,36,6.764132657544725e-06,-0.019035270498059368,0.3366148167907727,0.3874562956398722,-0.3023215293150344,-0.4277613258665292,0.039045826770579765,-0.0817674362139248,2000027,0.04490218940277239,-0.3523982957267822
0,10001,250,37,-0.3725320815552042,-0.15449399357454313,-0.9055911114401864,0.023739080058792533,-0.5139767847767278,-0.4933004654389256,0.03818314733588731,-0.10407479335040526,2000028,0.0706050006477523,-1.2041858538634205
0,10001,250,43,-0.25020034204714897,-0.14510783151393605,0.66320444187251,1.3463784162961807,-1.3163258028686564,-2.0413155879620573,0.03770525650991061,-0.1214614853188259,2000029,0.05578226886038778,-0.8703157924459498
0,10001,250,38,-0.2774994829517682,0.10738500446877727,-1.3072923510947694,-1.6859195047239408,1.3970612362148287,-0.10348350060033157,0.0299295654604837,0.35991138573690995,2000030,0.044036360495746434,-0.25190923306697405
0,10001,250,45,0.2679542737799641,-0.017911828408268174,0.35275115693359704,0.4021909976296966,-0.3094469196496723,-0.9218027515357812,0.03703940184701943,0.04916635373629257,2000031,0.08314149899847527,-2.021320518525122
0,10001,250,47,-0.4184148394811713,-0.007752683877393722,-0.5395375366142333,-0.42765218416477857,0.2396685533349393,-1.0080498858402038,0.036389208171050715,-0.05446569824789271,2000032,0.05192382432957636,-0.9228293167887742
0,10001,250,28,-0.4414963559518485,0.02511820516946724,-1.4206043147552931,-1.3267624649291352,0.904390774425781,0.8365328700383681,0.0373249269479351,0.04769581103507658,2000033,0.07957636999611349,-1.9830262849950004
0,10001,250,45,2.6374772849561844e-07,-0.025523648063598515,0.11418748911618146,0.23580523795435554,-0.2313973371572598,0.6299017907174052,0.030878155829574414,0.2353850980341544,2000034,0.050346547480243566,-0.6347315109861082
0,10001,250,42,0.5440363693687078,0.0840538375410147,0.5989650046483502,0.07288350483746132,0.2315817374358509,-1.191568346080499,0.027916161223584462,0.4785527377440788,2000035,0.048512598782225684,-0.5491177836797536
0,10001,250,42,-0.4316643594749279,0.023245705998992467,-0.6941810120115017,-0.7239551830104634,0.5265474523057458,1.2870068657186595,0.03795504599041328,-0.2102148649142116,2000036,0.05469188582286134,-0.8813384402869103
0,10001,250,38,-0.055591205454205816,0.023435909051029373,-0.4264597963768694,-0.4894841510916163,0.38049661284492975,1.2532697663662953,0.0371105389299132,-0.005300518525323811,2000037,0.04225111590055235,-0.3124700876721367
0,10001,250,37,-0.3948484324576548,0.07937337738844585,-1.234268702454981,-1.4736211505172097,1.1732151816065917,1.822876409297417,0.03477104900540578,0.16458871676683642,2000038,0.08528306775489054,-2.0563758812011668
0,10001,250,48,0.20644218877407366,-0.13569151665892487,0.9025585907754974,1.5191527388995172,-1.3986776093846465,-1.4143617479761603,0.03456487239279701,0.19865920268496332,2000039,0.07076693872263247,-1.6247008970509893
0,10001,250,37,-5.446361233749771e-07,0.1365910023252587,-0.5035548967108509,-1.142474176447517,1.1520930375173537,1.8228764092974168,0.033863742812440825,0.07737121590814595,2000040,0.05487001770522952,-0.9058105291392614
0,10001,250,50,-0.1973707596738306,-0.1145187908626782,-0.06779767675122464,0.5630120769633851,-0.7358065336869675,1.6919713275868749,0.03938333981085634,-0.1179633352276492,2000041,0.06691779525048082,-1.2717448848542685
0,10001,250,51,-0.3359552404793548,-0.18506223257437066,0.01837020516710926,1.0240861263599663,-1.2614768061997204,-1.5076720617645416,0.034292851630927636,0.09742745672536032,2000042,0.05678936945940444,-0.9488214210325092
0,10001,250,55,0.3036703813811675,0.09924359098317503,-0.17457973753232736,-0.6987393584804027,0.7722133023835724,-0.6499569649883469,0.03384606976292266,0.14431637350607782,2000043,0.05182018396165306,-0.6662020289775459
0,10001,250,50,0.06776589693154694,0.029964375318548512,0.2873538113929602,0.08791441422504137,0.0464870872722721,-0.7733369363253901,0.034516800775383494,0.0753210702991671,2000044,0.03818094960487109,-0.12094397731580055
0,10001,250,31,-4.147572142515903e-06,-0.004864749812066419,-0.1622099999656909,-0.11366272766469936,0.0555488043829588,0.4982199799958677,0.028520087022171,0.4896508082297977,2000045,0.05906961178045515,-0.9418937824326268
0,10001,250,47,0.15952014994833308,-0.014375735173849862,0.14557059765155156,0.2040979743326055,-0.17486302194576256,-1.0080498858402038,0.03457758929455965,0.17557017413402404,2000046,0.060553062690645275,-1.0646094308866891
0,10001,250,50,0.5398523364930279,0.04291320118392004,1.1402514623425914,0.7616892813812377,-0.32814499658673874,-0.4211500414807813,0.025833287065311943,0.601548237285965,2000047,0.04630133436973702,-0.3500244927286608
0,10001,250,37,-0.6513112310563787,-0.11947647201731358,-0.39083056804095184,0.2844973253407242,-0.5630441703862162,-0.03006509049165674,0.035572011548498136,-0.120480851825709,2000048,0.046547480243554866,-0.4910605062264267
0,10001,250,32,-0.5913346214081915,0.0738991750398219,-1.539661470028678,-1.6878227931621044,1.2841558993999382,0.3979736129788976,0.037155295263367145,-0.00014518145163470043,2000049,0.06938236818240706,-1.6041413223313754
0,10001,250,37,-5.446361233749771e-07,-0.02213111304721613,-0.016774514111644098,0.10052678419089507,-0.1340488858176496,-0.493300465438926,0.033442236688690244,0.08786543375981178,2000050,0.05453714499575362,-0.7768530659300531
0,10001,250,58,0.0774397001757807,-0.06611177896699247,-0.2272835534280935,0.1663836158381625,-0.33018742799175105,-1.3835811411032275,0.03197872133696076,0.28497995356619216,2000051,0.060700867988081365,-1.1081996895672557
0,10001,250,37,0.1509858154676229,-0.08336496090397583,0.5844715156753361,0.9355930666275116,-0.8514056241246666,-0.030065090491656895,0.039299671805501576,-0.06284966462852322,2000052,0.06871768599323981,-1.3159960345944959
0,10001,250,50,0.9605658629225892,0.1463220957035051,1.335812782940162,0.3705049720616145,0.2635106370622681,-1.1255238311700002,0.031381894300461594,0.3196828924055857,2000053,0.04553266830763916,-0.4171952692529189
0,10001,250,53,0.2030397044922657,-0.06694332519094445,0.4573573262922779,0.7664977685217729,-0.7031340229556197,0.43802403426624137,0.040479755835486166,-0.1274523013043844,2000054,0.06537548041628882,-1.4102206994218098
0,10001,250,40,-0.1278538108844708,-0.019781743160042636,-0.05047897708656687,0.0604726731329305,-0.1022949624626262,-0.24035240402785926,0.032709331951461765,0.18143002294900015,2000055,0.06369718505357838,-1.3922370136374582
0,10001,250,44,-7.506147172558728e-06,0.05731900527931157,-0.675990911066065,-0.8922237593985627,0.7444568403127824,-0.08407018666124827,0.036957738789258406,0.09568010001334848,2000056,0.0639933003905021,-1.2860480302713813
0,10001,250,51,-0.2963649886502077,0.01887670395402484,0.13500938768074947,0.01507112397193346,0.05447303441179535,-0.12440113178281215,0.031377632772175285,0.2191966631475096,2000057,0.04395647104547222,-0.4474427693181423
0,10001,250,37,-0.4637864293014109,-0.15626310281167308,-0.4009510517345787,0.4668681226544682,-0.7953638705460214,0.8964056594028804,0.03086874751508816,0.262123582173587,2000058,0.05744753206373882,-0.8841174453816533
0,10001,250,37,-0.4069552855094948,0.1011201157267591,-1.216394142284325,-1.5712055245184235,1.3041915828173165,1.3596410343501493,0.03430981992486073,0.13774070188217402,2000059,0.08416731441896619,-2.253857652836749
0,10001,250,31,-4.147572142515903e-06,0.07121993724865197,-0.6251905840711957,-0.8909576159956786,0.7783083477160908,0.4982199799958682,0.027659023189532325,0.505096671094158,2000060,0.06726259878222568,-1.8351745812517255
0,10001,250,32,-0.10806829414963283,-0.013257659309469714,-0.5003114633211503,-0.3597318300589883,0.18222227394000812,-0.12936796267962125,0.031239421787044107,0.2964349293069716,2000061,0.05855680787666798,-0.9421744337327754
0,10001,250,35,-1.8897367100878533e-05,0.038641620995626506,-0.20519803894543864,-0.3747563843004445,0.3569681614254301,0.6149183952983689,0.035914099006679384,-0.007073508377112802,2000062,0.055107526881720416,-0.9800239898743074
0,10001,250,27,1.285605415232281e-05,0.017270620826044632,-0.2466018796376724,-0.2929400033483787,0.2354268534989956,-0.8729350895890774,0.03259970161603752,0.22400385325334407,2000063,0.0559496048710973,-0.8942744763347213
0,10001,250,35,-0.3202142765290633,-0.07227839091788532,-0.8473874079336653,-0.3546379718124297,-0.010740281086030048,0.6149183952983688,0.034193224510947015,0.1747313700952365,2000064,0.07152264973873991,-1.51653949604846
0,10001,250,40,-0.19356641811991548,-0.06419048148802048,-0.940110963374152,-0.4739836938709825,0.08476980832580568,-0.2403524040278599,0.0421115200841316,-0.24183570176067115,2000065,0.057543958826508375,-0.8201656634925083
0,10001,250,39,-0.957306699014076,-0.15812934817168992,-0.5168756440988022,0.38276480525955053,-0.7532034653808486,2.9189482497493886,0.03606859198580925,-0.2663575541431701,2000066,0.05912359113874854,-1.2200683276303779
0,10001,250,48,0.08110592706455966,-0.02274969830500881,-0.019442175413871755,0.10598455293759763,-0.14214783828485386,0.4139326065583208,0.039237595543464183,-0.03197088645254593,2000067,0.0563405696518794,-0.8307513213869996
0,10001,250,36,-0.4232140670824151,-0.11091832359422828,-1.2843916025620938,-0.5293890080824492,-0.02743048239948976,-0.9025314849176064,0.053046864878870316,-0.5633497640368982,2000068,0.056984209238387235,-0.8882829045411034
0,10001,250,48,-9.93631319928452e-06,0.021492348573485108,-0.25893845629123685,-0.34162527972002377,0.2842624639242458,0.048273735651424635,0.0318335241576594,0.3411515833220772,2000069,0.05561247924248313,-0.8851432120868226
0,10001,250,47,-0.3386971511436191,-0.024116881882072096,-0.6947621204516591,-0.4745449794346875,0.21403903471463945,1.2286932493171423,0.046378234194013435,-0.3286173764173483,2000070,0.04980135596148033,-0.5784549371198874
0,10001,250,44,0.5257389709738618,0.13612074863134688,0.3924763748819087,-0.3860204248744456,0.6912315688719859,0.7078629523990991,0.034721682428639294,0.017791287568593484,2000071,0.043783428645457416,-0.3343961120124854
0,10001,250,38,0.5567856674962935,-0.00971779609852343,0.4533556474581639,0.4410766795113032,-0.30587458510194065,1.2532697663662955,0.038156209065653285,-0.12301040934262936,2000072,0.06715248089130718,-1.3693729782957886
0,10001,250,36,0.6330485066077668,0.06935688524033394,0.11188264801006524,-0.2625215357489879,0.3864708398566549,-1.3773016439686836,0.03304447629226584,0.13782180612185424,2000073,0.06529343179168286,-1.5174120044072181
0,10001,250,52,-0.2931306646340586,-0.046714204768458216,-0.6484612364855082,-0.3116330101928297,0.03509095025247711,-0.17786999266109932,0.04541583298546637,-0.37970849964150943,2000074,0.06098183054799845,-1.0040727942537442
0,10001,250,60,0.93857303220718,0.08462377083012637,1.366384733395933,0.7310014682320973,-0.161709972895447,-0.8432189439040392,0.03364610515795903,0.18564003488797934,2000075,0.053279168902954366,-0.8065889386759453
0,10001,250,39,-0.5357431792089214,0.03301719859154207,-1.4791936146565958,-1.4483822962101764,1.0082697044402436,-0.173501901953134,0.04148853478429848,-0.18768882993924876,2000076,0.06770399570632761,-1.5325181602820632
0,10001,250,41,0.5810375826449844,0.13036032622215862,0.3852560879330011,-0.35533167761248186,0.6488029183886721,-0.7264779108499138,0.029370168847432737,0.4181076511493092,2000077,0.05057730923694778,-0.5904566629640875
0,10001,250,40,-0.3586897069374626,-0.13380910244352964,0.06285965797665834,0.7581103958887391,-0.9089796732428828,1.9185613146642368,0.03552791812410934,0.11446326533895905,2000078,0.05235226620768789,-0.7044348163157822
0,10001,250,34,-0.9891914135633314,-0.4884962547555495,-1.0765736313187404,1.5791617448727266,-2.5396839633909125,0.7129477258274947,0.044692749492594025,-0.2791696235458892,2000079,0.12490052375400218,-2.9041033466743555
0,10001,250,31,-0.34514222264456657,-0.11007307241435556,-0.7469954801115991,-0.08212570355580542,-0.29398388992745383,-0.5865231928961376,0.03812484962893047,-0.11204284829943872,2000080,0.046686746987951805,-0.5197865536472241
0,10001,250,24,-0.11580793376616888,0.04294931191362765,-0.8379295886072385,-0.9079937699488321,0.6947846768685161,-1.3111584109330634,0.03777835355759957,-0.05542325999054295,2000081,0.0944962646284061,-2.7125567276473945
0,10001,250,43,0.06944425981034298,-0.07330730491836925,0.20270775389013912,0.5655212255936565,-0.5937427780878094,-0.01957053006557969,0.03524235189606351,0.11657386318746014,2000082,0.058820535598615664,-0.9928324738670374
0,10001,250,29,0.4433350606630798,0.004511786296811693,0.6139925815971693,0.4985083059325242,-0.2967166095320661,-1.0086262446158605,0.031691718924521106,0.2401288868600415,2000083,0.07611089519367795,-1.6643254023592806
0,10001,250,41,0.6155650854281755,0.047643188286092326,0.6820323068339896,0.3379732131590308,-0.05371176517738943,0.11798520688042252,0.03460827883765075,0.11117082049599557,2000084,0.049330655957161976,-0.7809464692007257
0,10001,250,40,0.6431111776526354,0.0728563786412344,0.5815677245187708,0.11885866280562705,0.16437342282078327,-0.24035240402785946,0.0358034287688388,0.10526577153401699,2000085,0.05536431440045897,-1.1143255085017734
0,10001,250,42,-0.3022785307870838,-0.10323815504083582,-0.1448730020198362,0.4217696330303364,-0.6022280906791964,0.8739109970854664,0.038583700765241175,-0.051372498356437916,2000086,0.0633825625080969,-1.3066514459516887
0,10001,250,41,0.44254276341671095,-0.12623424046493112,1.1985724214334754,1.7025965816754751,-1.4727880727931733,0.11798520688042195,0.037963082917092515,-0.09137028268255756,2000087,0.05965798678585309,-1.1577991020763767
0,10001,250,46,-0.2966151318086958,-0.0782415116761691,-0.7132885195384719,-0.1997359208061948,-0.13696894649730526,0.5550457539365071,0.031877809925484495,0.1848511602883488,2000088,0.0786812940913213,-1.872260856927925
0,10001,250,42,-0.13062674947654138,0.10048143883435452,-0.6890314153197853,-1.1288353811602196,1.0326231498563212,1.2870068657186586,0.03533812670034978,0.1206359498787866,2000089,0.06397363648140951,-1.2418868170395219
0,10001,250,43,-0.14920897635693064,-0.14650879675227207,0.24375973386092065,0.9904200933272826,-1.0997460501384415,-1.2326175648034663,0.028982989632037437,0.4435083127286856,2000090,0.055253271149112576,-0.7911457168742237
0,10001,250,39,1.4048395660218949e-05,-0.01514203206950444,-0.057922686415263075,0.029385540063638763,-0.06760560448012651,-1.4988376812542152,0.0364425443710325,0.029637204731566117,2000091,0.07247885551422277,-1.3746119775929315
0,10001,250,40,0.12346540887797025,0.14749785012748184,-0.2884901107193399,-1.0249079041159128,1.1196316898595804,1.0549958271873991,0.029855597505228287,0.3763574908889665,2000092,0.059870819684267024,-1.3106184698559222
0,10001,250,32,-0.7185279129900582,-0.09803930577213796,-1.4842249516172832,-0.7699041411126034,0.1703121543657791,1.9799983399544518,0.04383810903437798,-0.4015155895624317,2000093,0.08886351859049099,-2.2316115126624267
0,10001,250,40,0.5158177606840548,0.12020687711686127,0.25273308491795143,-0.4141006275400119,0.6506033210494149,0.19143033971055973,0.033837744317540705,0.16577265515735748,2000094,0.061800196176410714,-1.4182700202016594
0,10001,250,47,-0.09091134295388824,0.045893257902955,-0.4109742123155511,-0.6048027440733232,0.5291915043350626,1.2286932493171423,0.03841171136157533,-0.052727535778534916,2000095,0.06205467029407955,-0.969333409873274
0,10001,250,21,-0.19113753412342546,0.11664057605334514,-0.8491938271222198,-1.2463204178804397,1.1162230009238987,-0.33596918193974606,0.033474913478799995,0.20121940006472894,2000096,0.06383598911776138,-1.173412132423974
0,10001,250,29,-0.4325101384016587,-0.037255365449477336,-0.5731128014479034,-0.30111019755854,0.0722801966712635,0.7169250667860151,0.03919171308891481,-0.11482909264894844,2000097,0.0653258194066589,-1.5952862799321412
0,10001,250,67,1.2809520123556188,0.10913214658498538,1.4768168289349497,0.6899433482137789,-0.04715666212496331,-1.068324413454441,0.02943794293062333,0.4282455956529726,2000098,0.05712984766390039,-1.0987563003205243
0,10001,250,20,-0.3365919647636155,0.031615538821677974,-1.3779341159190424,-1.2871199826632769,0.8950273282400398,1.362858443097574,0.038968529203663296,-0.02649202420840157,2000099,0.0757870190439176,-1.7057771020193337
0,10001,250,37,0.4371505068160887,-0.06595475774302846,0.5408046051501865,0.8076135597406742,-0.7155328344424449,-0.493300465438926,0.03379064645679492,0.19239715512595093,2000100,0.050462603100574335,-0.6548719614587445
0,10001,250,35,-1.8897367100878533e-05,-0.09260017163037212,0.13155560390288906,0.5892508807502644,-0.6632449723500675,0.12802021470403593,0.03550882142668643,0.1189664968513205,2000101,0.06284411840912034,-1.0673290006442755
0,10001,250,42,0.05204953475533732,0.003953027013067525,-0.2665123156270077,-0.25159495183574776,0.16940027758840803,-0.7784724774473063,0.04177894373191692,-0.14988978193585056,2000102,0.060215053763440864,-0.9200645768295108
0,10001,250,42,-0.3357451092341256,0.004512172281363257,-0.5567345601057879,-0.5057218847169778,0.32919449294607844,-1.1915683460804989,0.03762451238646343,-0.14547519962688735,2000103,0.06335017489312086,-1.3126092952497277
0,10001,250,50,0.5609613844837125,0.02337548357172878,0.5659803205866522,0.3668029123519649,-0.1488825270378161,-1.4777107260146092,0.03117058805943378,0.3418892576628432,2000104,0.041278015286954274,-0.15333432847665535
0,10001,250,26,0.1793748212392385,0.08425767333849754,-0.11948858475562114,-0.5101805376469871,0.5736513428229771,-0.16565173675077832,0.037379044714839514,0.01202379465636397,2000105,0.053963164485900585,-1.0502576642531531
0,10001,250,50,0.7066230001675083,0.09278598741756962,0.7662374664488174,0.16442364822446295,0.21088048026465472,0.6354106430530462,0.03202145499560968,0.30313006394487,2000106,0.04393582394092499,-0.4589016122044982
0,10001,250,43,0.14158022460851422,0.025725277095487782,0.4274023885656573,0.2334810508084387,-0.06006810785868254,0.38477848151371596,0.036441650919584886,-0.04294529719611585,2000107,0.05972923953880036,-1.1920211352655359
0,10001,250,36,-0.2594917250612421,0.026868256441631287,-0.5138529813744579,-0.5801429445385062,0.4474146657930452,1.4713193103377795,0.036680219637856636,-0.0024015332954314475,2000108,0.05006315584920326,-0.6333144743576262
0,10001,250,45,-0.1585184359626673,-0.23470114136403705,0.8418434432556814,1.9875902686825395,-2.0155116930246044,-1.3097288870990778,0.0372363108347368,0.0376797995197648,2000109,0.06205467029407955,-0.997658335010436
0,10001,250,37,-0.2897547162350489,-0.19678999519651064,-0.1211196776057902,0.9179958844305712,-1.20696304322805,-0.4933004654389259,0.033176695049994695,0.1500922180484765,2000110,0.09340293726224544,-2.7232693713643825
0,10001,250,55,0.6042169343787599,0.1141078480993313,0.3370724610074657,-0.3322558476702145,0.5955398047955021,1.6075149929885548,0.02816366742287981,0.4305517372934039,2000111,0.044883345699513605,-0.5655623823568225
0,10001,250,34,0.3576425309356771,0.10614885205165596,-0.14524296520095584,-0.6677411143571255,0.7539206356631397,-1.7853860369639043,0.03090588159087965,0.14214915237026188,2000112,0.046579867858530896,-0.409680832064066
0,10001,250,36,-0.2495474536017987,-0.17741257166889715,-0.12317624840686947,0.8114972486114459,-1.0756756981545472,0.521778992235625,0.04174096766572933,-0.10546329712944646,2000113,0.06337446560435289,-1.4688261079692484
0,10001,250,41,-0.5798812163660251,-0.237038963254288,-0.6161211644605759,0.7190710389530969,-1.2250968477312654,-0.7264779108499139,0.04146552253155236,-0.1809513362285952,2000114,0.05459963019232355,-0.8145157360023039
0,10001,250,34,2.438351006277329e-06,-0.02255481905159104,0.5138515952177667,0.5553436224713563,-0.4175676432380384,0.7129477258274945,0.03229045213110507,0.16265228437858933,2000115,0.07133603538578276,-2.0217849044179537
0,10001,250,32,0.2970447745102129,0.09699445148547432,0.29167510548712056,-0.2422816088321821,0.4567491797722909,-0.6567095383381395,0.03245109470138618,0.2730052844843702,2000116,0.05515610830418448,-0.7750736230874701
0,10001,250,39,-0.7234612924685865,-0.2130863747787806,-0.7922474187089256,0.4332475574303957,-0.9636432328423116,2.035391063548667,0.044696613278240295,-0.29646937018676034,2000117,0.08198924731182798,-1.8453993029965359
0,10001,250,32,0.4558495426609259,-0.02142807725600336,0.8468535392599181,0.8310327205327853,-0.5851117110551153,2.507339915612969,0.036681287361427284,0.03472882254693136,2000118,0.06697111024744137,-1.5272199719287542
0,10001,250,38,-0.6354567557499171,-0.018572214458777263,-1.1223234719677526,-0.8695283222454137,0.4805663101702827,0.8010186773774193,0.04710103856285356,-0.4161848328900125,2000119,0.07357656432180333,-1.6179530874834165
0,10001,250,47,-1.3188018037237133,-0.06572372574503096,-1.8955967481939644,-1.2951688966580934,0.5845020765898813,2.71985533942204,0.04401918524538035,-0.4997356220770869,2000120,0.07805415209223993,-2.0937061727813187
0,10001,250,61,0.8689299612843131,0.07902369189136878,0.7639189851294591,0.2320704829745721,0.12891559644631248,-0.2925590550937994,0.03431167921386862,0.11712978525625956,2000121,0.0440854326396495,-0.4316265120011511
0,10001,250,47,0.11854200300357805,-0.0731707898488149,0.5824870786550579,0.9009770151493072,-0.8044107254091911,1.228693249317142,0.03353226147373875,0.20607739053793733,2000122,0.05158267478516216,-0.6711389566316373
0,10001,250,40,0.2532923044622625,-0.056663036404330264,0.8034034789001704,0.9916543545795246,-0.8018833978764871,-1.103917891504699,0.03812867176982825,-0.12092747981026156,2000123,0.04395647104547222,-0.38682279863466745
0,10001,250,55,0.33979910888817866,0.04354636461832848,0.5714765372223203,0.26115243763544643,-0.013442798210819295,-0.3274609709916466,0.03237142116854514,0.27009142741102793,2000124,0.06591239510011372,-1.252401382149003
0,10001,250,40,-0.3301731356715013,-0.10309366560778203,-0.7488225375618129,-0.10420575927723888,-0.27237415376901475,-0.6721351477662795,0.03666407565746858,-0.051747217094855164,2000125,0.08527659023189532,-2.1419501643651797
0,10001,250,45,0.4702119740603085,0.03380246200630513,0.4613206209301232,0.2195724809128588,-0.023973293823992325,1.0178279262807015,0.034847956899902166,0.05206159635632885,2000126,0.06624886643347584,-1.4473039705089343
0,10001,250,37,-0.4083762662789813,-0.21001642748747654,-0.34798222604984524,0.7916161213798194,-1.171080079258885,0.8964056594028799,0.038844682635465456,-0.005183934057051727,2000127,0.09769400181370644,-2.826340743453186
0,10001,250,33,0.3413822508313495,0.06804069041388862,-0.13019877342621575,-0.4577418497887005,0.5007192546798689,-0.7231196638971008,0.034868737623304266,0.0856933059008187,2000128,0.04085928969333556,-0.20823852005072305
0,10001,250,37,0.6055762114743132,0.0001872594735680682,1.3998401909038056,1.2027502872537856,-0.7476260733507443,0.4331702844556118,0.03766780833009457,-0.20053545793948954,2000129,0.06671038994688433,-1.6556487402286488
0,10001,250,35,0.21664415142404111,0.09044182960498223,-0.2873723728462269,-0.7117397934746922,0.7325646561972494,-0.8457761464846304,0.03336807641121672,0.2254174378163923,2000130,0.0605518849591916,-0.8430019454447215
0,10001,250,54,-0.3736565622980751,-0.12477755487031725,0.03065481701780705,0.7114970367688701,-0.8663861164441785,0.04871861545163353,0.04280347195232543,-0.30115234808814983,2000131,0.0546179756245827,-1.0541156780926249
0,10001,250,33,0.5134563704255173,0.09505774210974906,0.4161325317125208,-0.1283932596976534,0.3813151368369056,-0.7231196638971007,0.031763315777012385,0.3000588220517672,2000132,0.09355856606148097,-2.5561293708247605
0,10001,250,30,0.13576910232462608,0.07304124731468843,-0.11604980705140887,-0.4640278241212666,0.5167804324187734,-1.6288092121866484,0.02962328827078146,0.3607012083160171,2000133,0.05257229635387428,-0.9139986229335554
0,10001,250,42,-0.3559311809783128,-0.04735396942737136,-0.662009304844695,-0.3219464756277265,0.04411641549164946,1.287006865718659,0.035127607203005576,0.039432361967634284,2000134,0.0452195880295375,-0.3603703266928368
0,10001,250,35,0.2088281944080632,0.04370381932087655,0.3531431614328082,0.07790789667988854,0.091462165343424,0.12802021470403604,0.032356769628436935,0.30558296561112364,2000135,0.05138618992097421,-0.8036308115089297
0,10001,250,29,0.11511837754126288,0.05754893849919266,-0.27885894836675684,-0.5225731654371927,0.5039230100926839,-0.43344247414856857,0.034162456276719766,0.13564866511330226,2000136,0.04612806062961523,-0.5486317608980068
0,10001,250,26,-0.4553727503343592,-0.05651498109597581,-1.0809465003077774,-0.636550853914972,0.2257532549939773,1.7324038852429755,0.05126959450706051,-0.6665131880498815,2000137,0.10500064775229953,-2.8069717558958467
0,10001,250,41,-0.3372863906201167,-0.1177910875860403,-0.2861633104436291,0.3746172348699988,-0.6195330247945152,1.8069114423410924,0.045298127995854386,-0.3240173013497403,2000138,0.07915533100142506,-1.989803057332565
0,10001,250,38,0.4580622841421425,0.11768797881212792,0.4805851588080484,-0.2001501113243221,0.5063716695552171,-0.5557345895892073,0.034063674051042866,0.09326248659504764,2000139,0.05678474265726501,-0.9159331622805178
0,10001,250,44,-0.12445007330750278,-0.23780295199423496,0.16226236549337805,1.409829007142996,-1.6645574773693919,-1.271969895251769,0.033342278484136234,0.2456571176833381,2000140,0.06454491802334787,-1.3052259870203828
0,10001,250,34,-0.2318848648271907,0.02244744071761537,-0.5454579737560696,-0.5818503322764738,0.4337254735584026,1.7122812309440545,0.03987623882627283,-0.04509281866699362,2000141,0.054170085359358584,-0.813580592923161
0,10001,250,23,6.669880563534684e-06,0.12617105007277854,-0.977458474704027,-1.4145234760937242,1.2558653538221731,0.16167109946190467,0.0302694649566006,0.2877939833296371,2000142,0.05935354320507837,-1.1733073654128083
0,10001,250,59,-0.03406851643944386,-0.013694524767201942,0.16824334750332948,0.22376344154876135,-0.18589166518508288,-1.4112634450763513,0.03268677426173284,0.1720618157656458,2000143,0.05073196009845836,-0.5820388634545599
0,10001,250,44,0.6924886520235699,0.007935586980087958,1.3927801626919656,1.165692794034634,-0.6979939527827315,-1.271969895251769,0.03187028847736192,0.321103331209393,2000144,0.03856208243110692,-0.02826579420161266
0,10001,250,34,-0.9080032568368492,-0.23952348068284496,-0.5348305234687256,0.7683527620313728,-1.2415718856793068,-0.2863857792890646,0.039058538300668105,-0.33839705599466274,2000145,0.0590131788149666,-1.1383997719355743
0,10001,250,19,2.210032626821489e-06,0.035305588709210516,0.08177068853578083,-0.09183571110198332,0.1571289313325102,1.5581254521553956,0.03475572117692783,0.050592097251551185,2000146,0.06832977069568598,-1.6704025830048137
0,10001,250,49,0.3791366250407205,0.12861466757662396,-0.2624578896780872,-0.9256351824802059,1.0074380508305836,-1.0878327471550786,0.02772726852108897,0.4334332299772578,2000147,0.04858142246404975,-0.5823275220339871
0,10001,250,29,-0.6626436236759691,-0.3960086330475695,-0.9696153871232838,1.14525856610912,-1.9402484357743948,-2.158993785550444,0.04054929394999352,-0.2778845979721675,2000148,0.07010299261562378,-1.4411426659656292
0,10001,250,38,-0.2640942292241788,-0.03615634106153487,-0.2789496580502809,-0.05157317198436028,-0.08524498802043491,0.34876758838854444,0.035612341840480205,0.07450644592994267,2000149,0.046800103640367935,-0.39491870263143736
0,10001,250,35,-1.8897367100878533e-05,0.13625707047243574,-0.7769924902573764,-1.3672647337091743,1.2872408051423383,1.5887147564870348,0.038739288953047187,-0.03768530192198728,2000150,0.0662419262302667,-1.5792159411725584
0,10001,250,38,0.908258478029923,0.08121986245621786,1.6926761979201128,1.0338204690886248,-0.3794696646264653,-1.4602367675669587,0.030461451540930762,0.4116399588615487,2000151,0.05073519885995596,-0.83065827884743
0,10001,250,54,0.75184341719601,0.07905234962261269,0.4111854879922201,-0.07382527656461002,0.3149851416549753,-0.9353579182464252,0.04076328354894232,-0.10697009761597276,2000152,0.05113007862716374,-0.7287067218337396
0,10001,250,40,0.4194880276861218,-0.06186348545791421,1.0092858146374195,1.196753856763099,-0.9464134777392582,-1.5357006352431182,0.03538115596024651,0.09719661246832086,2000153,0.06147979012825495,-1.080200953505183
0,10001,250,36,0.17517241256781252,0.08120769644474192,-0.09132660689365997,-0.4982817567061562,0.5712908565169196,0.5217789922356247,0.030633285831498037,0.3650187253953698,2000154,0.05647104547221143,-0.8903967493515295
0,10001,250,51,-0.2706704636176687,-0.05353802297132276,-0.19170920643204384,0.12421938144179305,-0.25814169170369,1.2588697981989174,0.032933221720629416,0.16108236099144907,2000155,0.04606958299146405,-0.6028073674251254
0,10001,250,27,0.3718997367766448,0.09305776950394884,0.2370359438505577,-0.2555458361641681,0.4435952645341252,-0.8729350895890776,0.033894651185386704,0.1797615201352796,2000156,0.0594668998574945,-0.9495790053716686
0,10001,250,26,-0.4837713730972466,0.001699539611196675,-1.3602427171344889,-1.1548833375904362,0.7255447873570002,0.4670334705804733,0.03449640857336154,0.0288606317859684,2000157,0.06812734810208576,-1.23536305588448
0,10001,250,54,0.7837939917925789,0.06459635187589392,1.002969857686607,0.5235270851193001,-0.1049241371146168,0.7047696379170049,0.03292265837543724,0.2377846778605196,2000158,0.04029379165407148,-0.18479509887703274
0,10001,250,53,2.058648668506279e-06,-0.09540177705984257,0.16666096088693236,0.6680179213024084,-0.7386991689835608,-0.22947315298874746,0.036368892535494426,0.012727280362888456,2000159,0.06548481315290487,-1.2924114457505838
0,10001,250,36,0.5162169870973718,0.07238165406847913,0.31504614193460484,-0.1037108313542282,0.2973859292775321,0.04700883318454852,0.033982705013602794,-0.05427809483850924,2000160,0.0629661503155479,-1.2075894547404629
0,10001,250,47,-0.3290259532485693,-0.12383790598765003,-0.6864259853937232,0.06993247675481046,-0.4577909023716219,-0.26246884078775523,0.04431465407628124,-0.2328646448279447,2000161,0.06567128729973658,-1.2406308318645547
0,10001,250,42,-0.5533778019109964,-0.06546334098504253,-0.5539208629443345,-0.1324280850044363,-0.1333327654461273,1.2870068657186589,0.0523575239373918,-0.5279131968881214,2000162,0.06541650472859177,-1.1281751418127297
0,10001,250,44,0.4229810768493305,0.10522613147228643,-0.03773732734465756,-0.5942948213680195,0.7181973028120417,-1.271969895251769,0.03160930010364036,0.3116895450137851,2000163,0.05354968260137324,-0.8848457257770148
0,10001,250,41,0.7108100810453908,-0.07053874488297923,1.4455354906428048,1.621979733911346,-1.2398508734390643,0.5402167657455897,0.032981387917260435,-0.0508427664644953,2000164,0.06287083819147557,-1.3784840173527817
0,10001,250,24,-0.5107066978234849,0.027737619042740108,-1.1886364498917872,-1.1295315924543348,0.7877207315400058,2.756570695637306,0.03901227027927378,-0.14695698991607595,2000165,0.06481841343870104,-1.2276136146792462
0,10001,250,33,-3.188535051081303e-06,0.05023777044142179,-0.3640369469404387,-0.5669376390167487,0.5122640213451646,1.3293939149608225,0.03426744612860042,0.12838787608550198,2000166,0.06465377639590619,-1.318506272893306
0,10001,250,45,-0.4280454886100156,-0.13992731671230002,-0.027298052760591083,0.7254934087061722,-0.9161682972758912,1.0178279262807015,0.04738866478148411,-0.4588044834426675,2000167,0.0635213665722799,-1.2126443765107844
0,10001,250,37,0.2434556298534005,0.07219345494137529,0.3520575842640417,-0.07224555010633611,0.27821906187512035,2.2861117842446856,0.03817015373321241,-0.13508512400060654,2000168,0.05915921751522218,-1.141515247607769
0,10001,250,35,0.4646259541341243,-0.018606576542551403,1.2032947605518325,1.1274184148046604,-0.7612321104287482,-0.3588779658902974,0.028135391026471473,0.4570848118178125,2000169,0.0521440601114134,-0.7555750543586012
0,10001,250,35,-0.2099448598456421,-0.03405384084503945,-0.4654715145672384,-0.2238682906403336,0.030277590667836037,0.12802021470403613,0.033855853521613334,0.2125375902176398,2000170,0.06346121814446727,-1.1354563393750408
0,10001,250,31,-4.147572142515903e-06,0.09356240638552417,-0.3907640795745509,-0.8037670199299124,0.7940520642494729,-0.5865231928961379,0.04626363186409824,-0.28815989600182285,2000171,0.07057261303277627,-1.5380124772083998
0,10001,250,36,-0.7297198708280597,-0.14174867253771806,-1.33655911883373,-0.4147833451171592,-0.19792323963261135,1.9460894693888569,0.04125372457572223,-0.10075610478004182,2000172,0.05339638122382001,-0.5245350206416552
0,10001,250,39,0.5101739566323176,0.16208188107227645,0.4671160906891682,-0.4463761546373515,0.8056383779543498,0.7100552842475867,0.033926674439694264,-0.0736769201788332,2000173,0.04739522606555253,-0.7921598229546462
0,10001,250,33,-3.188535051081303e-06,0.08231291006231632,-0.003948580760400679,-0.4225174016506208,0.5240368761056713,2.3556507043897823,0.031275640195189365,0.3187837362677303,2000174,0.05341180389761812,-0.8490839334866489
0,10001,250,46,0.4214761301559323,-0.0015181778920489455,0.7197349832054045,0.6337297765730245,-0.3987206348118646,-1.3459897975374755,0.035745131061881937,0.04662818973572064,2000175,0.060118887460512034,-1.1516365201132155
0,10001,250,49,0.6845589148478708,0.019955210138781147,1.2192398380566207,0.9546686116463104,-0.5256392090818137,-1.4466287309395949,0.03348879388521828,0.1992113541219137,2000176,0.04887291099883405,-0.6939879048087995
0,10001,250,47,0.5178158002772677,-0.0017950325943666078,0.7998733592607116,0.7055903681913536,-0.4442383235860392,-0.6352593633139793,0.03288422507233234,0.1930438496265912,2000177,0.050594081394703234,-0.6597332261160727
0,10001,250,53,0.7190199306371455,0.10712782429588943,0.4691310116192817,-0.17609505486357113,0.47323993481113,-1.2307189338712317,0.030962559917087705,0.23269252458682846,2000178,0.07086410156756058,-1.668024455300461
0,10001,250,47,1.2463645458188448,0.06963488512629099,0.7181648630462892,0.24968819195612804,0.07791781359793627,-0.635259363313979,0.036848171328249586,-0.09077072773818994,2000179,0.06724131549238427,-1.415804015294167
0,10001,250,47,0.11049841352326202,-0.009686986242012929,0.10872871340124884,0.14678455789160572,-0.12357809630251655,-1.7536309308926523,0.031437578270069516,0.2455145218765281,2000180,0.05259100919808265,-0.7271059027271133
0,10001,250,48,-9.93631319928452e-06,0.09047994709588254,-0.3684070300779182,-0.8096972761562794,0.8064076416241033,1.510909219279009,0.03854126182147948,-0.008105502601731528,2000181,0.05596579867858532,-0.8994842647363921
0,10001,250,43,0.09330450120366512,-0.07663406829399502,0.5915063793855659,0.9200725986693972,-0.8250745476932629,-2.0413155879620573,0.034593674236114966,0.13963748097130402,2000182,0.05984691453987995,-1.2441967110843255
0,10001,250,43,0.2972071175982037,0.019744721561442982,0.010698809596420809,-0.09574522419046358,0.12476228280576175,0.3847784815137162,0.03785380857456882,-0.07273572351821682,2000183,0.06630392537893509,-1.5355175398212118
0,10001,250,36,0.6361344458872737,0.004772750814259213,0.8708437414637326,0.7230871657525078,-0.43456751266215976,0.521778992235625,0.03554416175869732,0.06972157992497294,2000184,0.05314159865267522,-0.8359396914863292
0,10001,250,33,0.3625541553744326,-0.10172069381843732,1.4816920711173638,1.7842942742000871,-1.4334414748523483,-0.7231196638971007,0.037529148853478425,-0.04766552865195724,2000185,0.06188463531545538,-1.6421107631745353
0,10001,250,63,0.44517610317154177,-0.035303127005256583,1.3483753350268033,1.3849287445618372,-0.9809582330757712,-1.5137901901120605,0.03213053828216088,0.2919250278560915,2000186,0.042736807444833096,-0.2601291457437798
0,10001,250,40,-0.1241826631756063,-0.1202023233085832,0.627832638586807,1.1742977068889848,-1.1232466894709925,-0.2403524040278597,0.029366313178983205,0.3292324419290567,2000187,0.052950151861928,-0.7413703959511797
0,10001,250,71,0.790071778314396,0.04712117318686347,0.7024568742104818,0.35481797979451074,-0.054637119014845234,-0.9241748137085984,0.03444379085653862,0.1732729400448691,2000188,0.049208564463131134,-0.6460464496069817
0,10001,250,26,1.959932116599383e-06,0.025218064936262743,-0.5589430906927881,-0.5937134585698927,0.4467902286737745,-2.6963925660757844,0.03482964114522605,0.07759142746993264,2000189,0.054324826186466287,-1.3385130969546608
0,10001,250,42,4.967141530112327e-06,0.015018901973990103,0.016927856920156012,-0.0649480519794772,0.08984227660793744,1.2870068657186593,0.034751910869283587,0.16760170037704072,2000190,0.05124530379582847,-0.8569369078392878
0,10001,250,35,-1.8897367100878533e-05,0.04828638608492882,-0.16100567395976847,-0.3864921249184532,0.3951563509398661,1.5887147564870348,0.033114948272352084,0.19237239239074586,2000191,0.059551990955022435,-1.3403318379918094
0,10001,250,27,1.285605415232281e-05,0.07985880781174581,-0.3361848393775813,-0.6751914901203093,0.6649672280764118,1.576137920428194,0.034483363561773984,0.04780581341472428,2000192,0.0433508226454204,-0.3077972734544184
0,10001,250,49,-0.19390975076569936,-0.26642801938079025,0.8397518449261377,2.1755472274719443,-2.2471730086261177,-0.3702407795860464,0.03394644496640137,0.19253818206565831,2000193,0.05224869702133595,-0.7390511415309421
0,10001,250,34,-0.2450569118910167,-0.2477057097317916,-0.1282422554512621,1.1582969126775324,-1.5103801298368582,-0.28638577928906506,0.04853399774212056,-0.35805174830412384,2000194,0.07472362568553785,-1.878990846970716
0,10001,250,44,-7.506147172558728e-06,0.03542274000595793,-0.238233171064996,-0.39567552934765743,0.3633164513660011,-0.0840701866612484,0.03684698471304573,-0.034764394125319883,2000195,0.06568797182866364,-1.378729974055977
0,10001,250,47,-8.4800947576614e-06,-0.08560448544858704,0.2689477919501101,0.6951697470202628,-0.7181894003941319,1.6014837718433668,0.04013561577689055,-0.13503226163139706,2000196,0.05509942997797642,-0.8739653807977398
0,10001,250,39,0.4491944237665797,0.11780510294123862,0.3471226376427282,-0.31787460365701964,0.5814767595387438,-1.0570590881538544,0.030043929383222038,0.3584808427979255,2000197,0.04054281642699832,-0.22151523949912053
0,10001,250,43,-0.4231576372712295,0.006717014601931411,-0.6668667180479083,-0.6135027848724979,0.4034627855923999,0.38477848151371596,0.03678924607801405,0.0016740786497947177,2000198,0.055942664667888144,-0.9214472308571691
0,10001,250,35,-0.4113536685311908,-0.2253173526457072,-0.3637743234975593,0.8474371743464546,-1.248914071604905,0.6149183952983684,0.048127995854385285,-0.4478144585454568,2000199,0.10094409897655138,-2.6268752670593405
0,10001,250,28,-0.2637218010825663,0.02545171947918938,-0.6516268346104652,-0.6773223251436165,0.500548431886833,2.0228147925952555,0.03487479329081029,-0.0011175613468568852,2000200,0.0891631040290193,-2.713384236873771
0,10001,250,51,0.2487805483495685,-0.012557158225691166,0.4764050974441919,0.4844086310923289,-0.3431642726880137,-0.4702188642782447,0.030968585519873925,0.32004103459051025,2000201,0.05744915144448761,-0.9324451703467396
0,10001,250,62,-0.15807428251976136,-0.042476619413971226,0.12180661094086526,0.3441445474445751,-0.3602929200746982,-0.046965608228167005,0.03545532938204432,0.09923311692072252,2000202,0.05349219458479078,-0.7188054565077079
0,10001,250,43,-0.470720266871484,-0.09894369902290516,-0.16414884813356295,0.3840246893763129,-0.5656866663350435,-0.4239195416448749,0.04010832411531984,-0.1424480592990308,2000203,0.054686487887032,-1.0384723520829269
0,10001,250,56,-0.5493223251266462,-0.3918343250600018,-0.2059931378185712,1.9790978911868689,-2.567769358988828,-0.3740191419681385,0.03291373378819939,0.14505268405867056,2000204,0.07344431489398456,-1.82420079589164
0,10001,250,33,-0.13070886632348272,0.0378360472029082,-0.5883626679646938,-0.6955068747207402,0.5529952915784229,0.8162655202463418,0.030070333362586674,0.35378554301795306,2000205,0.05712635488189316,-0.9696197294905192
0,10001,250,35,0.3267533838120923,0.02338725199492452,0.4502255745659304,0.26567974656802673,-0.09045551821452506,-1.8195725076732967,0.045669353430552506,-0.5877412552440809,2000206,0.039906939586302204,-0.10811632119229217
0,10001,250,34,-0.22210905385856647,0.07453667052921653,-1.1590407191224956,-1.3737633430600835,1.0926705214281809,-0.286385779289065,0.03711929129729365,0.007246589067338195,2000207,0.0637442242086626,-1.1285761095611233
0,10001,250,27,-0.6931128632913043,-0.051859365168028713,-0.9227820856323208,-0.5256148213834672,0.16936763553932616,4.025210930445469,0.037517813188236826,0.03721537712474324,2000208,0.06750388651379713,-1.3500191856197772
0,10001,250,41,1.4806084092878615,0.078582169324679,1.2373024166321922,0.6545775607417933,-0.14897145289948274,0.1179852068804214,0.0276942271188541,0.5384892840450476,2000209,0.06102546386261895,-1.2058787108702598
0,10001,250,41,-0.3557954362415345,-0.062148889129047265,-0.7161137370033919,-0.29083819940117833,-0.02320504700192556,0.5402167657455893,0.030912273883309124,0.3548463388278131,2000210,0.10396424407306644,-2.9586000622008357
0,10001,250,34,-0.08182180465133525,-0.03599321754864706,-0.4193573362831288,-0.17472802521418404,-0.0059333657783044785,-0.28638577928906483,0.03943256898561991,-0.12601892076892848,2000211,0.06671848685062833,-1.396111537608903
0,10001,250,35,-0.3140025846220933,-0.06367108974899978,-0.7194720208583286,-0.2892531312263814,-0.02387034056279683,0.6149183952983688,0.041560250217459696,-0.19662746667115136,2000212,0.08665306386837672,-2.533891334307588
0,10001,250,33,-3.188535051081303e-06,0.05677897386307421,-0.5352610917598635,-0.7465823245209563,0.6448533856151335,-0.20999126918262007,0.03444857320706903,0.16678572500767158,2000213,0.0707993263376085,-1.5105405152096585
0,10001,250,38,0.1267491556555593,0.0789798768797073,-0.08812512626904699,-0.4879201833090906,0.5597567013346652,0.8010186773774197,0.03657184569543684,-0.08760553338451321,2000214,0.0534233709029667,-0.8110179057394608
0,10001,250,36,0.3330022894984889,0.09402623100957827,0.21466180726102616,-0.3018149059085161,0.4902823475830176,0.5217789922356256,0.03414617493513724,0.11284909866517735,2000215,0.05105727569777317,-0.6307654204307559
0,10001,250,35,-0.2460681758243117,0.09036362880696087,-0.7590965378525598,-1.1157845776089894,0.9837719924676208,1.588714756487036,0.036040054646739435,0.10885466314355287,2000216,0.07083531257647076,-1.5841516209549733
0,10001,250,35,0.1068343129700726,-0.005098692030993318,-0.11571827692135565,-0.07298019698022244,0.029092296042469983,-0.8457761464846306,0.02993781577924601,0.3987380384521594,2000217,0.05942479595802565,-1.0202172921268031
0,10001,250,41,-0.2926779919059918,0.04620416591220456,-0.7528495783337332,-0.8947316771979291,0.7078773375270134,1.806911442341092,0.03423370902966705,0.18094353141745664,2000218,0.04505926933540614,-0.2869204206866736
0,10001,250,56,0.5278624832211163,-0.0893393930590562,1.1786471078986158,1.525737595088161,-1.2520938295269737,-1.3254702115536965,0.028381671848685064,0.4146049859703066,2000219,0.0665954139137194,-1.5405254705801588
0,10001,250,34,0.052033207207375934,-0.005519246366349821,-0.12474258148956875,-0.07853034928385395,0.03129584462724764,-2.2850527895221844,0.03548257546314289,-0.02821710934626155,2000220,0.055990989045788885,-1.0306058594147616
0,10001,250,49,0.4037177796695763,-0.01061186918346708,0.7050289963320934,0.6720578209459324,-0.4529956238828635,-1.0878327471550782,0.03175435187268598,0.20518752774393187,2000221,0.057990024614587375,-0.9301547160684536
0,10001,250,36,6.764132657544725e-06,0.060961505092534,-0.4477588737706565,-0.6996602787737374,0.6314604562612856,0.5217789922356252,0.038648140950900384,0.0004630451163321863,2000222,0.062456276719782364,-1.1455144525935943
0,10001,250,36,0.6810814736392223,-0.01599530182655667,1.1118820724942586,1.0374341270287326,-0.6969731435126401,-1.3773016439686838,0.028571509037552737,0.4844142079997113,2000223,0.04944617178390984,-0.5832995998110975
0,10001,250,35,-0.3488591235124391,-0.24832924081012905,-0.04821737252731388,1.2363931491147406,-1.5646698820862348,0.12802021470403635,0.040869571475867617,-0.20598884872090886,2000224,0.07370033127903318,-1.9260691528401808
0,10001,250,33,-0.2910962549904971,0.007620335965833634,-0.5087350327367116,-0.4735928514508367,0.3190295416062069,2.3556507043897827,0.040431079155331014,-0.10321546499734363,2000225,0.050668110228934166,-0.9344075756657512
0,10001,250,53,0.9113155432831154,0.08994309989823453,1.3413809505310423,0.6809140917716112,-0.1170192522532511,-0.8969703402437369,0.0330021897187491,0.27879984831831395,2000226,0.04239289664862925,-0.18495401206262932
0,10001,250,39,-0.32786833513255503,-0.1264343325717152,-0.52655574050023,0.20836984321481536,-0.5414927333551364,0.2682766911472261,0.030212462754242782,0.3684998133507637,2000227,0.0938463531545537,-2.5389964233884714
0,10001,250,30,0.1304348494987822,-0.0376758958688569,0.2907272633881013,0.4356106060010426,-0.3888470355695658,-1.070517638087091,0.045793051237206894,-0.301408844167571,2000228,0.06245546702940795,-1.4685398985860665
0,10001,250,49,0.4400922402008845,0.03700615828152783,0.3569075533020981,0.11060438342118097,0.055821434998832194,-0.7290367633705622,0.03679492162197175,-0.015213989270384741,2000229,0.060823940924990286,-1.1737319471947092
0,10001,250,44,-0.2021228896383273,-0.032259256921139144,0.2660723962521322,0.4029395406508819,-0.3573398742646378,-0.08407018666124835,0.030493951612903226,0.2521187754674947,2000230,0.062300816167897385,-1.3676009703020628
0,10001,250,31,0.09712839629541042,0.11324547895846672,-0.2678962223526787,-0.7982016627342252,0.8523028909534297,2.1253347393338755,0.03048787893509522,0.3458898916994648,2000231,0.07196528047674569,-1.6006673018599429
0,10001,250,56,0.32218741988253463,0.051530362884504084,0.6670390034507302,0.3007714748411605,-0.010391379124411165,-0.37401914196813824,0.03340026773761714,0.24973547727287446,2000232,0.05307520404197436,-0.9212720413957588
0,10001,250,43,2.573999253446933e-06,0.08354577897134474,-0.8366738162118592,-1.1692479926697903,1.002769591592208,-0.8282685532241707,0.038140073300486035,0.04360667722324055,2000233,0.05394157274258324,-0.7982487123444971
0,10001,250,32,-0.5229093850041664,0.002889050650556272,-1.1012521331053102,-0.9542106421146688,0.6033615814245143,1.4526567642959338,0.028959325953755288,0.450656516945969,2000234,0.06597357170617955,-1.4856651857609176
0,10001,250,46,0.4945410932989902,0.16957730767126053,0.20426575781681586,-0.7332601411030835,1.0212466600253962,0.5550457539365069,0.036819320291920365,-0.03621659788821527,2000235,0.04977976421816298,-0.6402022968299762
0,10001,250,39,1.4048395660218949e-05,0.07122501663054462,-0.7236493162043782,-0.9970970874102018,0.8521084954951148,-0.1735019019531336,0.03704571607111559,0.06029495023174829,2000236,0.04318888457054023,-0.3553532174770407
0,10001,250,38,-0.2169220758340156,-0.0805963118674676,-0.2394276351731808,0.21430135104504525,-0.3948159157444056,0.8010186773774194,0.032126551170468774,0.19183917561355465,2000237,0.06664075657468584,-1.3601937467941234
0,10001,250,34,2.438351006277329e-06,0.09424596373045213,-0.5916761450208177,-0.9889726393387632,0.9159515350867522,0.7129477258274944,0.0304432013769363,0.3409747408180627,2000238,0.06156561730794145,-1.4299193537718893
0,10001,250,38,0.5450452420242095,0.04938520662902137,0.6897467467918189,0.3362908380820667,-0.048918263771679335,-1.0079856785780836,0.028204083051324113,0.5216786379260001,2000239,0.04543262656360207,-0.4816612369320278
0,10001,250,32,-3.488944509894252e-06,0.04990749355041976,-0.8920944864706307,-1.0138392159682783,0.7887651435040641,-1.1840511139966576,0.0388683767327374,-0.033591565497330965,2000240,0.06635817463401994,-1.0375255727235424
0,10001,250,40,0.4000959048258309,0.1277661988584982,-0.1520675725049265,-0.8033405586913213,0.9173387252786108,-0.6721351477662796,0.031216547002952382,0.3617875722789871,2000241,0.04527788573649436,-0.398425104977896
0,10001,250,39,0.571593222427982,0.07136050534699498,0.4854117567616617,0.0446833437517736,0.2047004560519027,-0.17350190195313395,0.033433734939759034,0.12993020592731735,2000242,0.0672837979483918,-1.2693302691974508
0,10001,250,34,0.77904865183502,0.14583588428906635,0.9148371741864644,0.0365632987042193,0.4419720174074265,-0.7860525318473446,0.028446689985749462,0.37280185515479175,2000243,0.035415856976292265,0.012788092368245636
0,10001,250,29,-0.4018232107163908,-0.10806832464223394,-0.4011397840031285,0.19669151785011246,-0.4572842574197074,0.1417412963187234,0.036929413076160614,0.029337994686362175,2000244,0.06638283338633125,-1.650125791426895
0,10001,250,42,-0.2560762193361138,-0.16992814804857373,-0.5582608580943123,0.417462396879807,-0.8192349603672229,-0.7784724774473062,0.028440793206195195,0.3914872018489868,2000245,0.0749413424306545,-1.7834993042156555
0,10001,250,21,-0.3097580182025452,0.07927770260517235,-1.130372688229467,-1.3072256906201374,1.046195651536486,2.7028127805474345,0.03844285329905228,-0.0722935430992446,2000246,0.07443753508658289,-1.8820883478963015
0,10001,250,50,0.7628641958914069,0.06509665138942884,0.8187062417546634,0.3606328128358828,-0.004328870572028819,-0.7733369363253905,0.03692289318564581,0.0384162366368806,2000247,0.05496178261432827,-1.1038746367421135
0,10001,250,28,0.05925395970896444,-0.049203169928422684,0.33299668948060684,0.5247470019128101,-0.47849866595118895,-0.9428900137969624,0.03872618465537488,-0.14298651283468305,2000248,0.08215741377420352,-2.1730118962994496
0,10001,250,35,0.17844486214393585,0.03215616814638751,0.14500885483658002,-0.041126043874198985,0.1285652259754826,-0.8457761464846303,0.03044576623464405,0.3221169620394463,2000249,0.047289156626506026,-0.5696358172992453
