start,end,N,SS,ZngE,FayH,TajD,FulD,FerL,bsfs,btree,Colless,path,iColless,ibtree
0,100001.0,50,344,0.27994934408642896,-0.053368705780926035,-0.10989999472688483,-0.6646678628328169,-0.38414115628779977,-0.18147390221552934,-0.1214663885963312,0.13292387018501664,3120000,0.15731292517006798,-0.765244899605229
0,100001.0,50,424,0.5017936986235545,-0.10408162253575322,-0.2596142621292773,0.09645813611625666,-0.7253935738373919,-0.9717963782494856,-0.5289480740875726,0.1491880288700846,3120001,0.16971938775510215,-0.983003558553836
0,100001.0,50,435,0.2201271702569234,0.03856653644110032,0.4892503733659623,-0.6022374307792098,0.03725229386067348,0.9568623816993506,0.985399013418574,0.10766347355268624,3120002,0.1197318771258503,0.4322096058492331
0,100001.0,50,354,-0.21573406922926688,0.0074615983500663655,-0.15590104046557818,0.01335016362699112,0.15448952013587836,-0.003838296811199328,0.4744537269742293,0.114021501457726,3120003,0.14145746794292938,-0.21179208980087674
0,100001.0,50,456,0.3748998859008808,-0.058937243914580675,-0.059641043252442176,0.5410249326547252,-0.4627638861211708,-0.8562715528110667,-0.28821065855424033,0.13757227891156462,3120004,0.15990230678737655,-0.9634199893074524
0,100001.0,50,449,-0.15383375628781604,-0.016650780215386175,-0.26810571729859073,-0.1252487702698383,0.017411291044147573,-0.5303754230743545,0.22248401676669602,0.1167664892043773,3120005,0.13285314125650252,-0.23595991270807326
0,100001.0,50,453,-0.2467399113666755,-0.016220337557796224,-0.3548862965833237,-0.18594046902176603,0.07220248365522769,-0.3554314875910967,-0.07319877734280532,0.132843030829353,3120006,0.14803953077293902,-0.30955403369584544
0,100001.0,50,483,0.12227730267516945,-0.029116448093671945,-0.09047880632825726,0.08125663701869315,-0.19281891816075825,-0.640797687053223,0.0958964555291907,0.1296768707482993,3120007,0.12937861711848922,0.039711033083005255
0,100001.0,50,488,0.4766875792366071,-0.023088858773745242,0.29528777299945186,0.2896835976626881,-0.3694373291776578,0.04161474345859018,0.19305739339200303,0.11436871399277405,3120008,0.15679860653938996,-0.723523852249168
0,100001.0,50,388,0.35469607497038136,-0.11699745822052547,-0.4936036923684105,0.6014088738940687,-0.6953237971649165,-1.7146438080152762,-0.07838314141553443,0.12866300366300365,3120009,0.16234955520669805,-0.7427723332528489
0,100001.0,50,391,0.4296496665134645,-0.06872115503968733,-0.07556272596414293,-0.5643257850254823,-0.5347022345273724,-0.3481200145088237,-0.5639885927259156,0.15172887336752866,3120010,0.1439771030363365,-0.49362996111462704
0,100001.0,50,449,-0.2603462720251153,-0.01904235569347686,-0.3882801168262674,1.1617568198298585,0.0680555179078174,-0.8759765190561765,-0.3898186281733171,0.14065239497861007,3120011,0.1532551617138083,-0.6319745698675836
0,100001.0,50,339,1.218332610827427,-0.16864890254927625,-0.0231364182461649,-0.8876812380058327,-1.404153440324104,-0.6329791001968192,-0.5937572441693608,0.1564923172066029,3120012,0.14919926303854872,-0.6124216460597776
0,100001.0,50,463,0.3049928973043303,-0.11389531105422444,-0.5211430154030919,0.6751383643250901,-0.655151678560683,-1.5205180666365017,-0.32503914175489645,0.1495080174927114,3120013,0.16555059523809532,-0.7247691745793167
0,100001.0,50,491,-0.4700589786689298,0.031254737768775284,-0.23031472393514746,-0.33604826156879697,0.4001926688973915,-0.05967785371188411,-0.04109443297852476,0.1199056895485467,3120014,0.13132543339916616,-0.3264967510442189
0,100001.0,50,421,-0.3315589075367838,0.03210179294477155,-0.0910931269407853,-0.5478515086239938,0.32455709523468473,0.1531553983594792,0.02586141257226016,0.12244897959183665,3120015,0.1367975761733264,-0.38422667737955374
0,100001.0,50,411,-0.20513957875274694,-0.0009285023643293373,-0.2052842472944012,1.248540350615346,0.11309783308350495,-0.43307030512608463,-0.5035884385795518,0.15195368270765106,3120016,0.1543633078231292,-0.5848857051784321
0,100001.0,50,420,0.5076551089167743,-0.10790428949182353,-0.2812132640566662,1.5745847196829503,-0.7448055852400961,-1.9942302910798617,-0.3522076218257893,0.13538978809914773,3120017,0.14521591245193732,-0.5575082997764761
0,100001.0,50,500,0.5858236051995835,-0.15550416059123198,-0.548637322241192,0.1740312768437569,-0.9917484118113509,-1.6560376268259216,-0.6721061778189003,0.15890361119572213,3120018,0.15411086309523814,-0.7953137385216769
0,100001.0,50,369,-0.2555570562179184,0.00023798595354526675,-0.24605828093944354,1.0822633895000455,0.14681097822562467,-0.474688696891627,-0.471727344928973,0.15254024144869216,3120019,0.1702380952380952,-0.8925351925520726
0,100001.0,50,355,0.3522934980246177,-0.11067582083238836,-0.4497552956509124,-0.3293552118850517,-0.6666282903614135,-1.3836233654021888,0.255164069917916,0.11527854384997235,3120020,0.13218923933209645,-0.3583838921548677
0,100001.0,50,407,-0.24272701586937134,0.014969025200770397,-0.12789480244796014,-0.08952053953574504,0.2015797508986817,-0.11133827481234404,0.13034971950960925,0.1296694978569463,3120021,0.12510629251700686,0.031232141007069333
0,100001.0,50,373,0.3205454518231502,-0.04478613048624363,-0.009678982629374984,0.043505985290640654,-0.3714640808737989,-0.4001776779191086,-0.1966628291677799,0.12879674162658686,3120022,0.14070793152425806,-0.3651540298212875
0,100001.0,50,449,0.25968542245699194,-0.07088990709585817,-0.2566297490854571,0.07275208974549975,-0.44748651303458137,-0.539383970159362,0.014617250494229829,0.1259781369195077,3120023,0.1434304782519068,-0.6214717956034365
0,100001.0,50,385,-0.17164375844415966,0.015772833965780934,-0.05345492703199513,0.5548025746389779,0.16437294413030173,-0.09209799395842833,0.20533856037625026,0.11447416804559665,3120024,0.12771931689342406,-0.18499088873830272
0,100001.0,50,442,0.5834680589724168,-0.027732884758549257,0.3658859775699813,-0.7789847825163471,-0.44986088115410905,0.128586805215119,0.045268000550735016,0.12757316468253976,3120025,0.1288056206088993,-0.09776157437394338
0,100001.0,50,439,0.41277610603407744,0.0018691995981884614,0.4128031171932579,-0.1543200688374836,-0.2275271797898049,0.6471336103518277,0.5270816655975894,0.11085858585858586,3120026,0.12946189711839795,-0.27354156015463577
0,100001.0,50,477,-0.14621104232074011,0.01958694692668128,-0.0009876122821639577,-0.8706363678783787,0.16616696200975944,0.22544889941566526,0.16130080499942534,0.12636632322832034,3120027,0.13747165532879824,-0.03408734185932516
0,100001.0,50,379,0.5751485476876477,-0.1974339903459556,-0.8552225774448962,0.029794575048379738,-1.159696373416631,-2.8209318349428667,-1.0196969542872591,0.16704785362420824,3120028,0.2093161940100716,-1.7539326339568226
0,100001.0,50,404,0.11980200174083093,-0.04662859803391503,-0.21776823986958066,0.5573550327811102,-0.2649427379553614,-0.6275701877206086,-0.34178477789384065,0.13098455598455586,3120029,0.14265508183471412,-0.5199107756541811
0,100001.0,50,427,0.3793411625537105,-0.0018901546711630973,0.3536303980139773,-0.5170806003346483,-0.22433894138363145,0.3309822532750957,0.3506875951893987,0.10707780379911544,3120030,0.1254646188372256,0.18921446881813933
0,100001.0,50,416,0.15866260778054306,-0.07090226853662387,-0.35405591742802783,0.054799467952206686,-0.3895915364339267,-0.6751175429526659,0.2586556526497002,0.12529983091502495,3120031,0.14907370715276402,-0.2107498729136779
0,100001.0,50,425,0.3537478927328413,-0.07866397501065207,-0.220918821364029,-0.05092389838329731,-0.5337107735528587,-0.6687726363688142,-0.006202003082361083,0.12930366591080875,3120032,0.14196779629282907,-0.24540390418731625
0,100001.0,50,462,0.2636032124360519,-0.0560733912146239,-0.14684263071887266,0.3629541592653455,-0.3872359877920236,-0.7484835928769195,-0.22410740406598406,0.128504955281605,3120033,0.1635508217885695,-1.0199075913383309
0,100001.0,50,489,0.6185242465639738,-0.10614877198916982,-0.16298676829817207,-0.05110652916371259,-0.8015214000125043,-0.9212293494843282,-1.0086282525840158,0.16081932773109248,3120034,0.1708084095707249,-0.9315771229689978
0,100001.0,50,408,-0.4294632732836407,0.04396914683929029,-0.10110288484663088,-0.13366526383799493,0.4303945631840633,0.2521435887962537,0.07556852320831703,0.12260731878958485,3120035,0.12667748917748914,-0.12342236140297855
0,100001.0,50,501,-0.00018551910479119342,0.02572405301936776,0.18423578744951047,-0.21759291957775176,0.10891113679101742,0.3250218041672848,0.4874017390421982,0.1149325801749272,3120036,0.11700556134862705,0.3065434410260384
0,100001.0,50,426,0.017238790464413272,-0.12723128274020942,-0.8944611887676994,1.7147973785661663,-0.546738668940923,-0.9743929559469122,-0.806573610974555,0.15401785714285712,3120037,0.16699151570740656,-1.2228902734493667
0,100001.0,50,453,0.5103090400346446,-0.07436309167122021,-0.039130897355344765,-0.3494924199960893,-0.6051217573882367,-0.3075920411515033,-0.040729521022769874,0.13831403347856014,3120038,0.1359942967085825,-0.09820072283612864
0,100001.0,50,468,0.5901949367465198,-0.1432978444019694,-0.4561311028948469,-1.1089508264929953,-0.9421083518812988,-1.1159240496367533,-1.1088893897875638,0.18084183673469376,3120039,0.230301685891748,-2.111006162868277
0,100001.0,50,433,0.025452189115705296,-0.03625702606178136,-0.23504715381601216,-0.17924607037075688,-0.16755665882198714,-0.3840697092558735,0.3732030166072325,0.114795918367347,3120040,0.134623849539816,-0.18509899087827555
0,100001.0,50,486,0.5873039811920516,-0.10876386924607694,-0.2118476805442489,0.7924432738095042,-0.7947424217750799,-0.9676806560520168,-0.8656423467349355,0.17386705926151555,3120041,0.15927419354838704,-0.7668896193653679
0,100001.0,50,463,-0.21643869490406745,0.01861182261704429,-0.0759603719510395,-0.22107977573861468,0.20206577688825755,-0.016286191768474182,0.4403221461230421,0.11123053282226596,3120042,0.12276939761411812,0.2680700454709531
0,100001.0,50,414,0.2188188935669084,0.02297074140959008,0.3763332000347344,-0.4298555458250016,-0.027923275687503274,0.6040468006771721,-0.023712330911748646,0.12380744980919195,3120043,0.1338506235827665,-0.27993021215899483
0,100001.0,50,397,-0.3218790504497773,0.04328335743289826,-0.0019883564610254467,0.6624388465812829,0.3660642435486096,0.2303385152926105,0.2918425611383362,0.1215776434030402,3120044,0.1324817240328967,-0.24307633124456615
0,100001.0,50,494,-0.4790768180352046,0.030914378225786163,-0.24143691818968316,0.24616350650401025,0.4039030162924754,-0.05587717558561288,0.09843861974567376,0.11942057524764298,3120045,0.13123364730507595,-0.12767806892228747
0,100001.0,50,408,1.026172411320868,-0.15040726039471836,-0.08305876400428278,-0.7143955897986283,-1.2196242738677332,-0.9632390404264181,-0.868704112282574,0.15942376950780313,3120046,0.15176285567990633,-0.7057932173092419
0,100001.0,50,441,-0.4052047214575865,0.04101226391338012,-0.09829591246813296,0.200990463781116,0.4042579076781099,0.2468468074568065,0.06150982577204269,0.12657020480149725,3120047,0.15279010154786546,-0.8206335091202915
0,100001.0,50,428,0.03483310476562945,-0.026707982146084483,-0.157557075967333,0.27245048439727243,-0.13258120223592865,-0.3391512801002997,-0.117794813813517,0.13726035868893013,3120048,0.13831042621130085,-0.3615426027257312
0,100001.0,50,469,0.08283731850353185,-0.03602698381681173,-0.17806635660814155,-0.16560671722678938,-0.1994851748780481,-0.4202200695880065,-0.14422580952817748,0.13373076503328593,3120049,0.15463219185979474,-0.6441927348366319
0,100001.0,50,511,0.2413406831367583,-0.010512259483987929,0.15782145489120594,0.2734598713300477,-0.18207869768650345,-0.03441981996557891,-0.182663962346392,0.13445092322643354,3120050,0.14011787921275382,-0.2236289625739004
0,100001.0,50,382,-0.2115876344553367,-0.05015733614939856,-0.5639489681910114,0.9337145341008576,-0.09057229488554194,-1.2782671582171723,-0.6572358894096944,0.15440851665341465,3120051,0.16362506541077965,-1.068362641810602
0,100001.0,50,445,0.3087314885470339,-0.04494581110925347,-0.023273523335230056,-0.7293737469133346,-0.36586703023555217,-0.1063615866903696,0.08341226043949848,0.12183538188002475,3120052,0.11454723398793484,0.22820784479730385
0,100001.0,50,443,0.4510370988655269,-0.013827484471888384,0.33734623886475945,-0.9518925317407351,-0.3156207785170539,0.278858949032046,0.4688729489009031,0.11158247829518557,3120053,0.1208978961955152,0.19008129730845494
0,100001.0,50,377,0.22663711403645395,-0.017568251964032118,0.09397077145492214,-0.10963659532208532,-0.2032902033592059,-0.021976248456593482,0.5137625266901857,0.11017978620019442,3120054,0.11749910490512,0.236447545384548
0,100001.0,50,482,-0.1969467116446368,-0.0537934065098689,-0.5759496272932628,1.0415946046466555,-0.1151087032939006,-1.7141135293039795,-0.4609582896005477,0.14045538428137205,3120055,0.14872391909784047,-0.5450291723809549
0,100001.0,50,397,0.01048769590242533,0.001250521529606151,0.019109886377515515,0.17760548842289034,-0.0007116023901319549,0.008456409527807022,-0.00841124210013938,0.12575407521499166,3120056,0.15490979000295765,-0.5377258178593021
0,100001.0,50,362,-0.3427840996197036,0.05516214752061079,0.0621356507515469,0.4717573762150954,0.4277326708754986,0.5039913387760754,0.021081120726917382,0.12640173256802714,3120057,0.12219668087015033,-0.002632984861608062
0,100001.0,50,457,0.037559659411099115,0.027893044078760986,0.23617732161946625,0.3705122862550588,0.09641037365219038,0.4610410930534409,0.2296012122557945,0.112408922960047,3120058,0.12894413084382692,-0.13870865174808494
0,100001.0,50,428,0.1340801721539677,-0.14273976514174724,-0.8924688144827156,0.3070601599193911,-0.6788683865100008,-2.939882487482841,-1.1714448912663202,0.18183032375253774,3120059,0.2027976190476192,-1.5151025334185366
0,100001.0,50,462,-0.1905760549096322,-0.07597535214755158,-0.7287006855876029,0.010110574847175896,-0.21231670948698236,-1.4050564202823668,-0.4811532570692462,0.1493950039032006,3120060,0.16269339594244778,-0.6795051751843774
0,100001.0,50,506,0.14124742518459912,-0.004684221599450179,0.10290740297593813,0.13290254047580286,-0.1003508969419084,-0.15585474684821854,0.4932930852001429,0.11617133192074636,3120061,0.12169952726853453,0.21671578254020613
0,100001.0,50,416,0.720002205247691,-0.1090323298277302,-0.08359755686871173,-0.016404377241252384,-0.8706234058010912,-0.7842135480040211,-0.5086538059845453,0.14790053952615528,3120062,0.1428746756434532,-0.5238482339740271
0,100001.0,50,429,0.1476858444822196,-0.10047419543086017,-0.5766270777331975,0.3677330355465797,-0.5082729733455219,-1.456956464896954,-0.44791556422946704,0.13846604215456676,3120063,0.15156939968970046,-0.7742963245225177
0,100001.0,50,433,-0.10729784469780752,0.014451337769946422,-0.0003362903155478733,0.026028185546473973,0.12219573205830532,0.19879238620646947,0.2991146570622437,0.1110700859291085,3120064,0.12843375445416255,0.025035703194984098
0,100001.0,50,350,-0.03626328071955556,-0.049875767837221315,-0.3918072476096514,0.4314788668044002,-0.18907618291086592,-0.656160060590519,-0.07788772110457834,0.1343475346342917,3120065,0.1767467403628118,-1.0277126532866756
0,100001.0,50,459,0.3842910492997579,-0.003648901615812686,0.34554181999232925,-0.16200751963069995,-0.23456810985111665,0.3941539543794512,-0.07160700984952982,0.1298108917480035,3120066,0.12216315097467555,-0.2227765878268296
0,100001.0,50,412,-0.17729322684115653,-0.02515618785304477,-0.35177715280244976,-0.1283872647088139,-0.004972063854227212,-0.4508797505919494,-0.012538150826680713,0.12145442972510627,3120067,0.16881704604918887,-0.9916317180167996
0,100001.0,50,352,0.0658144616799613,0.02599549416985939,0.24972867199519616,0.326305897170667,0.07178915851155429,0.5675920429779842,0.2665985399306917,0.11802285016570728,3120068,0.12305402930402927,0.225165425889514
0,100001.0,50,358,-0.002531370680913857,-0.02150220851436528,-0.15623223859581553,0.7617075859972092,-0.08902808008914173,-0.6825110039913148,-0.38987484655498544,0.1418845315904139,3120069,0.16184505717180492,-0.8439844240664264
0,100001.0,50,410,0.3027996364425652,-0.058910306602871026,-0.12855143477336534,0.13988422184945473,-0.4211683442658861,-0.8290802479188026,-0.5290458607231145,0.1491162038585927,3120070,0.15965807375581806,-0.8149995256132201
0,100001.0,50,368,-0.8827275874583703,0.03685969774857835,-0.5921562125482914,2.1396747991410083,0.6588146710504472,-1.0963080298469825,0.05303759825280164,0.12291938051816473,3120071,0.13239006942983378,-0.2425710438315687
0,100001.0,50,479,0.6083253667539771,-0.19285852530796446,-0.7940813173935305,0.5117187528163538,-1.1621284164880368,-3.0219846883638763,-0.3865772187594128,0.1414428929466522,3120072,0.1491105291674192,-0.6339172555766419
0,100001.0,50,379,0.228932222090512,0.004812202879116046,0.2563092316933632,-0.009259676097306815,-0.11034141836668256,0.221905789143832,0.6842175842101259,0.1127437641723356,3120073,0.11671133099704528,0.5137181298803868
0,100001.0,50,443,-0.0032660206095193453,-0.015481599207500163,-0.11405933127609115,-0.6843363089646174,-0.06350724522664361,-0.10329007750078516,0.408593568014807,0.1099394303175816,3120074,0.1256904471190185,0.023212233286676855
0,100001.0,50,499,0.6860399315015453,-0.10307896298091844,-0.0759345036936724,-0.9480139112947904,-0.8271424701597866,-0.4246172147012693,-0.25651704462174496,0.1319855899348987,3120075,0.12812925170068026,-0.3326141423620369
0,100001.0,50,408,-0.19080939330644325,-0.003153660569610239,-0.2073528312188162,0.011517317652162582,0.09554236775905432,-0.4836849147889953,-0.4009287683554315,0.1375372023809524,3120076,0.14549835085549367,-0.5996361492914922
0,100001.0,50,383,0.5606535142261477,-0.14007868538892915,-0.4590414823550858,0.8067553751032625,-0.9099528972403652,-1.562658541538026,-0.5743120837037536,0.13944494995450402,3120077,0.1614806416393718,-0.8721146880609301
0,100001.0,50,356,0.11181757370659363,-0.08186253582142172,-0.47697407907066497,0.2441580600020118,-0.4082122256238467,-0.8387432419810247,-0.3929092253115199,0.14491052102659244,3120078,0.1724228152799581,-0.9384593749771544
0,100001.0,50,442,0.4095435253532159,-0.0021468155970116526,0.3808809387680529,-0.9801033314320856,-0.24263620040518735,0.3711120910467758,0.3287958497500016,0.10955598455598448,3120079,0.11265952662056555,0.3301212199328032
0,100001.0,50,384,-0.17623052785535134,0.020721741469638382,-0.0224936760606334,0.641903984219833,0.18783614688451794,-0.02868187298524578,0.1951359413986764,0.11852824962320258,3120080,0.12020946992658448,0.04114729800711912
0,100001.0,50,471,0.8297804459936999,-0.037852499970600514,0.5311048366906691,-0.14742807081869402,-0.6331527081237969,0.514514044942611,0.740926049288006,0.1082633053221289,3120081,0.11742665816326532,0.3981986192270875
0,100001.0,50,319,-0.2903199920805911,0.032395303443579535,-0.05054912340650263,0.09725172439453614,0.3017086461975792,0.38400603360813595,0.23393011406266626,0.12689485242916065,3120082,0.13103210034013607,0.11299837357635024
0,100001.0,50,368,-0.5822264110473758,0.0064063916903654575,-0.5186556521506329,1.6168983702295692,0.35916265376886325,-1.4536331980731818,-0.6159560686280561,0.14989215198274428,3120083,0.17548094506619855,-1.0693546506666094
0,100001.0,50,487,0.37990317521929695,-0.00999083950274627,0.2956243283859829,-0.4334872419302429,-0.25886807903216663,0.4032185720207917,0.4907431716786397,0.11135510905393084,3120084,0.11607807185374144,0.1994072878799432
0,100001.0,50,405,-0.1007631085034617,0.0477724740612227,0.244404565759284,-0.5124605838999265,0.2589131154960748,0.7836694647394359,0.4945672574534557,0.1139643702784981,3120085,0.12733495037359202,0.10989309587150907
0,100001.0,50,486,0.1359107695109941,-0.045471703878350284,-0.1945430514807591,-0.15308663796894628,-0.2697523893985418,-0.4558458856850247,0.008941000404979874,0.13256872997132732,3120086,0.14834155138565502,-0.4542625439557355
0,100001.0,50,447,0.06978765072451804,-0.02421928914997781,-0.10598434971136636,1.2479537014146442,-0.14207830865573068,-0.6162520360713921,-0.32783100452568226,0.1342741530109581,3120087,0.14818864053557929,-0.5933390399549603
0,100001.0,50,436,-0.12568445636258824,-0.055199796170093435,-0.5169937469054792,1.1244792840704132,-0.16133881074241466,-1.1896701746731295,-0.7570920835623892,0.16223136982065556,3120088,0.1701134652334216,-0.8903835087289916
0,100001.0,50,500,0.5282176618643688,-0.07517925220871052,-0.02846890737196765,-1.5753950695812404,-0.6191600340613065,-0.3699264208942664,0.4785425196324117,0.10885717923533056,3120089,0.11312696720479234,0.39376453281366064
0,100001.0,50,436,-0.16079703432939113,0.050250635267513145,0.20431797128050014,0.1391072868176951,0.30383770471564764,0.6677949474690977,0.7779177850809151,0.10119047619047623,3120090,0.11750992063492062,0.3350584072307633
0,100001.0,50,456,0.3371897852513137,-0.018646058572297286,0.19255749196592326,-0.531356027290833,-0.2710595995864153,0.01827505076822341,0.1116194767190847,0.123246427757706,3120091,0.13207818338603056,-0.034438240101370664
0,100001.0,50,508,0.8891768790542399,-0.15835012366101509,-0.2761016445248064,0.5280214254710878,-1.1768778946506788,-1.8885183520299635,0.3598583684811711,0.10734187291938044,3120092,0.12564787819889867,0.07291534634100531
0,100001.0,50,433,0.6805447472823898,-0.0990380671022933,-0.050719250543396335,-0.5555822062190139,-0.8061838325413329,-0.431088278067924,-0.005926828967668511,0.12960467205750215,3120093,0.1477817213842058,-0.34304184332771337
0,100001.0,50,386,-0.10973198681923207,-0.14333722180544192,-1.132059973066453,-0.10711068774521698,-0.5413045967374627,-2.78053546568516,-0.22590581845855745,0.12478089395267315,3120094,0.18386243386243387,-1.371049373382943
0,100001.0,50,428,0.4982293385273557,0.02034067296088798,0.627898915208515,-0.3159139994787408,-0.1983281268579667,0.8620698027675371,0.6551264006817257,0.11179006486315456,3120095,0.12371015822059163,0.22997385090726336
0,100001.0,50,380,0.19972192191497584,-0.050297224792701066,-0.1663246315421085,0.4495329357807461,-0.3257985645838936,-0.4671607810796273,-0.3054921878447494,0.13946927977540227,3120096,0.16536753590325012,-1.0422471357166565
0,100001.0,50,440,0.15768864786256032,-0.06781345526546309,-0.33316476475036244,-0.3971538616628347,-0.3762424969064509,-0.7112061348394525,-0.16854174340605452,0.12951424809555154,3120097,0.17942797556978993,-1.1576709390320268
0,100001.0,50,406,-0.049706398755793496,-0.013017901168881156,-0.14133018753886406,-1.0664127063944324,-0.026538942069592973,-0.149929827340672,0.14875319640130866,0.12254105463841578,3120098,0.13749552452559968,-0.3017580886341123
0,100001.0,50,366,-0.279166129965755,0.04455486867741588,0.04802535002336966,0.22853267318336445,0.3468261261335855,0.4307986946902312,0.34312394486511355,0.11702226345083486,3120099,0.13520408163265313,-0.23493604932613166
0,100001.0,50,413,0.3454779500380523,0.035349161047873286,0.5875996398222092,0.15082313237642375,-0.047963990646335816,0.8575584129845726,0.8585336228538345,0.10589713592443348,3120100,0.11036888982397082,0.5047448241896001
0,100001.0,50,406,0.03637897202218801,-0.04674799014000774,-0.2994308690684124,-0.08163303754512746,-0.21787448446947705,-0.4840623773490655,-0.3496999041191517,0.1306636852271773,3120101,0.14451399116347566,-0.6331655946906765
0,100001.0,50,499,0.6502787780839338,-0.07137172781427907,0.11680724484502895,-0.26467444167381315,-0.672646511621788,-0.038872226435175135,0.0786668310769814,0.13038697154254358,3120102,0.13705357142857144,-0.02340214988557773
0,100001.0,50,382,-0.05654264508689497,0.030237632580811406,0.16156976810279025,0.4687195295874789,0.15963192538263435,0.5321927900978328,0.48981786977759495,0.11006049126237308,3120103,0.11851389491967,0.27921328662179296
0,100001.0,50,382,0.07483758274636353,-0.03327023725192787,-0.16553998303141812,0.11997327620244325,-0.18284394652507846,-0.4729698460041404,-0.5968606299504691,0.14908652855081428,3120104,0.14836149513568864,-0.6144219664454426
0,100001.0,50,387,-0.11822800083787788,-0.03799753507407126,-0.38647580229023415,0.5732024553495872,-0.09264981507369464,-0.5475843397166017,-0.2317351083621939,0.13534953455066245,3120105,0.13893662728249198,-0.3017409004686012
0,100001.0,50,359,-0.05880368836162676,0.04205650864633365,0.2437534796240492,0.04979263490165399,0.21051851073715866,0.8028135780748665,0.24715044238414874,0.12266318741236955,3120106,0.1241496598639456,0.17368693826789675
0,100001.0,50,438,-0.5101802951182096,-0.05719871525572784,-0.9033764774373682,0.6646257151581313,0.0494961959384955,-1.063980633823308,-0.13023524444462548,0.1255996618300499,3120107,0.14545110973682399,-0.6723565609468816
0,100001.0,50,414,-0.2826031131295791,0.016077887542010668,-0.1585074882117633,-0.1078998489690015,0.2290143766316025,-0.09112695673266552,0.34379472520734433,0.1165960536261288,3120108,0.1341799493520035,-0.16319477661586074
0,100001.0,50,430,0.504099024251895,-0.03742910842360233,0.2198244983469844,-0.15751872680369486,-0.4454860564602285,0.012436710996963371,-0.17025477398755448,0.12697435295957465,3120109,0.13759083178726034,-0.09318780471160093
0,100001.0,50,383,-0.2557227863773056,-0.07457635771697663,-0.7814536978677198,1.0386498641939623,-0.16827137911095075,-2.782953832593566,-0.3980677885060521,0.1357518467509705,3120110,0.16070560877412182,-0.9220992029880918
0,100001.0,50,444,0.298780842503315,0.032954465973745205,0.5251423109662603,-0.9238080788521646,-0.031247255877080313,0.755945927070468,0.7857147805221367,0.1002472828211745,3120111,0.11289593962585034,0.3921837813373097
0,100001.0,50,391,-0.4102007665362473,0.0035500747512960686,-0.3720103639491747,0.9502122465944264,0.2489697533576948,-0.91431660502535,-0.526080841368344,0.14601409426045867,3120112,0.14929971988795515,-0.7041985050307968
0,100001.0,50,489,0.4047529084457864,-0.1148972592141928,-0.4323308343763526,0.34298610702656857,-0.7166187740223029,-0.9636103779800362,-0.1845979015387376,0.13845798434980927,3120113,0.1569062407571724,-0.5085508330299615
0,100001.0,50,446,0.2457582179385313,-0.1451724849906573,-0.8021968726997839,-0.7351314352271199,-0.7532002726405107,-1.601332993081266,-0.5206311614885665,0.15227523441809146,3120114,0.1754951980792318,-1.0448449396547257
0,100001.0,50,350,0.05887570094811606,-0.032398017149681095,-0.1745392092849677,-0.2870548632434866,-0.16985682131110322,-0.16577850206346925,-0.29732647922317124,0.13552295918367332,3120115,0.15486931614751168,-1.023935101571654
0,100001.0,50,509,0.8013886584375461,-0.20064451088220225,-0.6641933558496281,0.5205148586999704,-1.3057695191264518,-3.4089699914307268,-0.8607649260246585,0.16374920133799387,3120116,0.16413083090379013,-1.004438437015738
0,100001.0,50,396,-0.39050453561129306,0.021559940592667817,-0.22396565062190635,0.3359149084253522,0.31364163925074234,-0.15573600978433755,-0.423500100767376,0.13665652596442296,3120117,0.14720602526724974,-0.5387210939654756
0,100001.0,50,376,-0.6364778656507829,0.04088916037763042,-0.324377648193243,0.3318240566752191,0.5353240409904401,1.3075551561546272e-05,0.7124531390847881,0.10705524634096064,3120118,0.12154710368996086,0.3400337902974923
0,100001.0,50,418,-0.0002684917061573586,-0.06347728435937527,-0.4547808510806777,0.6765753395048538,-0.26763695483464084,-1.0733109244332466,-0.35596151215388894,0.1493373211353507,3120119,0.1600997541873893,-0.6920026418799765
0,100001.0,50,532,0.4624071305952314,-0.06543645945673497,-0.022637866350500205,-0.2576636230428474,-0.5406187281567061,-0.2327291468722216,-0.38561832613242775,0.1501040148202137,3120120,0.16556005964029444,-0.9808228681649296
0,100001.0,50,465,0.08391794731080784,-0.006136080360664911,0.03718639798588011,0.4987287356948349,-0.07378275987321606,-0.3467838526304359,0.02424475849546292,0.11909421302767688,3120121,0.13622714710884354,-0.20335470316171889
0,100001.0,50,429,-0.2840683142192041,0.04180652240154329,0.024467732155208432,-0.15020915116851788,0.33845995509446564,0.4658263891332131,0.8460033661294315,0.10016914374445424,3120122,0.10908933886054424,0.4903012657857736
0,100001.0,50,360,-0.07757749846238528,-0.025201246952440373,-0.2554734295528484,-0.4937915441572902,-0.061782433005863426,-0.23861318750737265,-0.15944781455605933,0.13840117052407566,3120123,0.16869845283246035,-0.8812183532299641
0,100001.0,50,423,0.4814707234427209,-0.029395128831324856,0.2555665295333945,-0.0005813593980977779,-0.3986504557763281,0.23818944987675386,0.23276684921595134,0.12809347877081875,3120124,0.13584556629669414,-0.1581977195390453
0,100001.0,50,389,0.25448905351252504,-0.05481019823879802,-0.14567688891679825,1.2383808011175594,-0.3761370854866529,-0.6241351880552822,-1.186586761535665,0.17058430515063158,3120125,0.17706830206830204,-1.3190858346436412
0,100001.0,50,335,-0.3864962583334501,0.0026318286712256693,-0.3563502105284945,1.1275667253297492,0.2316312925874677,-0.5585321895191329,0.2665585078236598,0.10369392512249656,3120126,0.1280293367346938,0.008278257810713119
0,100001.0,50,460,-0.047429785818766564,0.005615594960168086,-0.0056367529360564364,0.18555167002049555,0.05077254617264816,0.050381664289425934,0.15910275244784133,0.1179981001409572,3120127,0.12105924459335975,0.22575782354414736
0,100001.0,50,435,-0.18063064781037336,0.017761722096867466,-0.04758336744663205,0.14699453788466474,0.17799814845937506,0.21065071093038715,0.468872960795723,0.10859034625086,3120128,0.12996346686822874,-0.03035363071270492
0,100001.0,50,412,0.06211346782277806,0.026697199034658458,0.2512845810870037,-0.09244182757303232,0.07717102895986765,0.5047616711831437,0.7421389024392346,0.10227755875077306,3120129,0.1328420256991686,-0.011103224556231464
0,100001.0,50,439,0.4383996305838743,-0.07364492573274235,-0.10329936833573812,-0.08682508167264782,-0.5609507259011729,-0.5099269690464819,-0.4349783889685392,0.14751214771622922,3120130,0.13477057489662533,-0.2198008150093725
0,100001.0,50,354,0.12807226720139053,-0.015381197621875925,0.014237188683714904,0.5566530108703217,-0.13778409684312978,-0.14107576088064155,-0.11505847353906568,0.1342503217503218,3120131,0.1259745471222197,0.05172435388229228
0,100001.0,50,411,-0.29171437825115754,-0.01678699407367116,-0.402653305117701,-0.2287861664003355,0.09559711940489504,-0.3932072447438968,0.11287262083702045,0.13726987970329382,3120132,0.15296754294938314,-0.3060163123095992
0,100001.0,50,488,-0.2672512430494461,-0.023185725427276076,-0.4245263937065706,0.7757094233288748,0.05435500614960489,-0.7501489541557046,-1.0152416846095342,0.15736663086287134,3120133,0.16000675079191984,-0.8720343338279546
0,100001.0,50,382,-0.26136523630520503,0.0057115528208199345,-0.21241907124154266,0.8949649503914103,0.17317006680381344,-0.4291979678522429,0.3361072735703209,0.11068961263261777,3120134,0.13846246463187045,-0.20646133735156896
0,100001.0,50,484,0.5365372981208929,-0.03986947324693399,0.2329145110503814,-1.3651553042455618,-0.4745024482613497,0.08654021330954834,0.4469800774674971,0.11292517006802714,3120135,0.12470845481049565,-0.07185784400116306
0,100001.0,50,456,0.20691852846190056,-0.038713897623498895,-0.07722888682557517,-0.7588307763701937,-0.2815386623243027,-0.08602574463428889,0.0977485751381708,0.12748599439775898,3120136,0.12777284826974272,0.08763160401127729
0,100001.0,50,488,0.051488062705871744,0.01381733622150712,0.14881049992750486,-0.28747207031590755,0.02906379574711842,0.22354731867516575,-0.09058370942704053,0.13075482718339873,3120137,0.14376910184363598,-0.4877308090634701
0,100001.0,50,497,0.09779881110824576,0.053370762522482254,0.4771153205443686,0.2844541988062478,0.16995501086812398,1.0738567841144744,0.8917362440921762,0.09761723838471556,3120138,0.1107331821617536,0.5713765032935825
0,100001.0,50,483,-0.02284531281323428,-0.013464172635873272,-0.11858780230714558,0.08125663701869254,-0.04389471711509061,-0.3111786630131113,0.08816542432459662,0.12083213567117,3120139,0.11885801617944475,0.15033410738880548
0,100001.0,50,394,0.5185227512633993,-0.0279355030947684,0.3023799321592079,-1.0360365312156206,-0.4135371996920141,0.08842216554447935,0.7006553310304814,0.0993964659034345,3120140,0.13288413191363505,-0.07197170311796622
0,100001.0,50,422,0.3004814461305245,-0.034834480599854084,0.0414289528466578,1.0601820072883306,-0.3183652883192863,-0.7930682317317868,-0.15504924998271805,0.130241514595256,3120141,0.15648457658925652,-0.8908712309417268
0,100001.0,50,554,-0.1649644197606684,0.0029617031970076034,-0.13804116793553992,-0.003557123149219587,0.10658631486944192,-0.23841395128616005,0.26955337771898635,0.12212732919254655,3120142,0.12182539682539685,0.09657680938881474
0,100001.0,50,421,-0.0437833457004975,-0.02281296829958278,-0.2057422378361176,-0.30157993399286226,-0.0712781357519206,-0.3106260451734842,-0.08506909459949352,0.12264405762304932,3120143,0.1342295345104334,-0.4088478309986406
0,100001.0,50,362,-0.5328976047620407,0.017270827987254832,-0.39323317357242266,0.7987607086965856,0.376744448462646,-0.4612046315626352,-0.021160446713581544,0.12768658187912854,3120144,0.13319346430160853,-0.17331828423597986
0,100001.0,50,466,0.3281113212108303,-0.07028653516068946,-0.18635076325695887,-0.4952928214296758,-0.484106993575659,-0.6196724030267123,-0.31832141778523465,0.14319425995250173,3120145,0.15559434300035793,-0.7758732374173265
0,100001.0,50,410,0.5509667120919879,-0.02356577002108697,0.3647993348458155,-0.4019111637441654,-0.4136649045864592,0.2706203388784243,0.4177538089196995,0.10788117642266494,3120146,0.1283470835142568,-0.08011462140758477
0,100001.0,50,417,0.5401994020602849,-0.04521376165693353,0.1992517257581561,-0.3794300281648423,-0.4988607855784711,-0.14062111179226194,0.021947665457393645,0.12443640246796392,3120147,0.14136904761904762,-0.239951057485057
0,100001.0,50,441,-0.17349645108300782,-0.0011409311656261432,-0.1760450993706001,0.23458579145502176,0.09413215463339583,-0.3625457276598618,0.7125022428987152,0.10717787114845938,3120148,0.13419571368370356,-0.09612327691835562
0,100001.0,50,413,-0.3468465802412841,-0.048129808449637344,-0.6804309713658153,0.7962840256931962,-0.005162478482146166,-1.3071175173774607,-0.8656804914778627,0.15885722104933914,3120149,0.1823899371069182,-1.284379284900405
0,100001.0,50,381,0.14939079791974216,-0.05793934058502099,-0.26979720084884456,-0.18188382058386865,-0.3292834918384649,-0.3292112016420652,-0.39389030480449794,0.14690962099125354,3120150,0.17621100164203612,-1.1140173190192828
0,100001.0,50,497,0.15007865008263765,-0.07246765832832461,-0.3744458635182977,-0.10332744473262652,-0.3920583964476576,-0.6257573732653341,-0.3882794742611714,0.1440797517163547,3120151,0.15927163969035887,-0.7818207031005014
0,100001.0,50,349,0.33892060317109424,0.0043747159091197104,0.3600868688232713,-0.490384990913148,-0.17500120562626298,0.490188574481414,0.16994553050326086,0.1307397959183675,3120152,0.12791975197158512,0.1834867330127355
0,100001.0,50,402,0.4322241229633261,-0.030924134542415507,0.19725969293768006,-0.2338628141237445,-0.3769347848442657,-0.04459654087047503,-0.4708877099547382,0.1513138792102207,3120153,0.17364292655837849,-1.054497364590548
0,100001.0,50,449,-0.7086734624487789,0.07088990709585817,-0.1777257328970318,-0.0262483402621686,0.7035460736232789,0.2503219405720495,0.5679522894615038,0.10449201419698312,3120154,0.11702115911299585,0.1424155513910801
0,100001.0,50,441,0.0553774673603832,-0.02728280364514066,-0.14184642703642844,-0.6388927280665214,-0.14677501751283176,-0.2660612905996195,0.021935868992232613,0.12063064219398445,3120155,0.12621477162293487,-0.04082211407111862
0,100001.0,50,396,0.3688248973965128,-0.017858590032059498,0.22945702628640605,-0.5987962843800511,-0.2856731396651381,-9.26328750974212e-06,0.2683774957252783,0.11660102637546245,3120156,0.12174551638837355,-0.01619407249404579
0,100001.0,50,448,0.3166926870705204,0.018414070675280544,0.4382940212391751,-0.5812032112998624,-0.1028468725463108,0.5432827660459223,0.123241879732453,0.12747098839535814,3120157,0.13708536511949912,-0.052257740502280485
0,100001.0,50,393,-0.3286178595796953,0.021845033025694672,-0.16201205582304698,0.8156457588711096,0.2795311392401744,-0.008048655989384859,0.14314503063184802,0.12183655845757985,3120158,0.1335884353741496,-0.14560301721064575
0,100001.0,50,377,-0.579345147049232,-0.03605030387723882,-0.8194580905805695,1.303724789042153,0.17870559482392567,-2.2480025916292883,-0.7145357820636854,0.14603211414435902,3120159,0.1518307322929172,-0.7214232557107699
0,100001.0,50,403,-0.3878930181510025,0.029640567326048507,-0.16349734897868534,0.5668958962268703,0.3462388544171743,3.2282449780934554e-06,0.4407687449907944,0.10842638942369398,3120160,0.14089032559588727,-0.3598566987546197
0,100001.0,50,444,-0.0038858021982305533,-0.14442011409541827,-1.0382999757596652,0.9448914519245448,-0.6076076550643624,-3.8513756761530513,-0.8476137664536849,0.15846810422282115,3120161,0.17799744897959174,-1.477773291248344
0,100001.0,50,444,0.0636862859211842,0.01918858011810734,0.1990733112082834,-0.22304575481089914,0.04470373003019775,0.33238622989235805,0.2820855779159001,0.11948183528730638,3120162,0.13042458362655404,-0.029150158736900706
0,100001.0,50,441,0.2828342098381809,-0.11515747516678933,-0.5512157790269493,0.2345857914550215,-0.6475185907245131,-1.7718138171379885,0.2368899892484374,0.12434879014897095,3120163,0.1252561265470043,-0.07958117618069334
0,100001.0,50,385,-0.17326332441333836,-0.0366161340228974,-0.4299160692499448,0.4779033084697281,-0.05541763046245684,-0.6904689162064179,-0.1381842154449448,0.13029506281040032,3120164,0.15392965696917066,-0.7967618781579874
0,100001.0,50,432,0.15414486813402312,-0.059432348365832735,-0.2764778614720463,0.7538228661978302,-0.3387702035429477,-0.8430908943620526,0.22901373961525615,0.12265211640211646,3120165,0.1461381722500321,-0.3772945554275118
0,100001.0,50,492,0.2154895923263606,-0.027835270226104016,0.00875668779383568,-0.07088735355591727,-0.2405794070914741,-0.234989929875028,-0.07837148891987612,0.13263252160767666,3120166,0.1449796973052788,-0.4187377088846686
0,100001.0,50,383,0.20496413898815255,-0.09019356588970526,-0.4467684270821223,0.7681062935881457,-0.49688397130111894,-1.4375948830102565,-0.4537549707152615,0.13578869047619044,3120167,0.14851414249910488,-0.6804038481048958
0,100001.0,50,544,0.6219102932309288,-0.09771601178325603,-0.10026677205406047,0.002447225098879543,-0.7682931588179209,-0.8914083221266259,-0.5646724702066027,0.14524969078540498,3120168,0.1517384731670446,-0.6413640513964094
0,100001.0,50,462,-0.10461366004688707,-0.037216593856212836,-0.3678444750594551,-0.11819618312306746,-0.09758238544383986,-0.4793503731411937,-1.0598601553347773,0.175389661359049,3120169,0.19382876101260188,-1.2848460556508507
0,100001.0,50,413,-0.7330669240979885,0.008226059684052867,-0.6508949150684631,0.545271456070007,0.4528412933021869,-0.908552833399134,-0.048521325613151416,0.12666018788467762,3120170,0.15000960061443927,-0.8433231012697476
0,100001.0,50,423,0.15443000986826666,-0.1017253480632106,-0.5789650648595193,0.3145654406766369,-0.5173091477166029,-1.5557315442797224,-0.4019480742311417,0.14465230536659104,3120171,0.17064237975892102,-1.0586044278839184
0,100001.0,50,426,0.3368824059670248,-0.04292569445721084,0.018672867377315484,-0.4062452806018847,-0.373289518107462,-0.05214737252936416,0.0915704529759232,0.123706957009608,3120172,0.14972122869766466,-0.5044291091381119
0,100001.0,50,423,0.20979807650051072,-0.05368882167046704,-0.18137986374936216,0.41961437403488144,-0.3462014612125221,-0.7370798207542859,0.5105496943281821,0.11118993051766153,3120173,0.13218210361067506,-0.11285858202586095
0,100001.0,50,360,-0.4927432817946945,0.027096500818558387,-0.2840595246736402,0.32822644933965817,0.3951763431881344,-0.12856222859600114,0.29176839743388633,0.11159463785514202,3120174,0.12726222564497494,-0.08218948264348805
0,100001.0,50,452,-0.02603715010285709,-0.02073868654720911,-0.17376457124248168,0.3126719864494788,-0.07274464198783205,-0.3141671450738147,0.09452606004733984,0.11614786363983808,3120175,0.14572337555711942,-0.5098731664680566
0,100001.0,50,477,-0.045202764261851054,-0.043152160630664634,-0.35296655676510263,-0.5599025778873151,-0.15662402835458894,-0.6434599154083553,-0.5141294304272912,0.14962820234476773,3120176,0.16399150901236415,-0.7100006566599153
0,100001.0,50,401,0.1935631605735652,-0.038842217315947065,-0.09056146970068482,-0.6693378427018855,-0.2741701236389812,-0.26464388952954954,0.5081870098006352,0.10774731579378737,3120177,0.12718751622786514,-0.01717128982240114
0,100001.0,50,410,-0.2460606750397465,0.048960131773974465,0.11225634286707524,-0.4019111637441651,0.3468399712554361,0.3963062481341688,0.6238298792193286,0.11096053004535156,3120178,0.12807067271352987,0.07680406393818659
0,100001.0,50,347,0.4805214983946684,0.01563350549549438,0.577992658348014,0.07994166983843162,-0.20846459346383706,0.6883547700732405,0.5665359842064338,0.11327193214948307,3120179,0.09851672627814008,0.9865601890329244
0,100001.0,50,418,-0.07197314755841186,0.021134857564480813,0.08165448947767145,-0.6698640599878213,0.13021385770987162,0.1948759382220684,-0.1606464531862723,0.13233096268810554,3120180,0.12923787401139322,-0.07979777519196325
0,100001.0,50,422,-0.298147182095183,0.0053296035101086155,-0.2504496995776117,0.28800868022108256,0.19254378787986506,-0.28184692179120346,0.004073945752554421,0.1278704852106588,3120181,0.1287809766763848,-0.2187149680559783
0,100001.0,50,319,0.2627278431562851,-0.055640707516367086,-0.1423241059417779,-0.9222601384767204,-0.3835489020302391,-0.22880209298691545,0.08571841669084014,0.12866194865042788,3120182,0.1556122448979592,-0.6726274554254696
0,100001.0,50,351,-0.005918544277802451,-0.04100509741717185,-0.2989480118387508,0.3787436468239809,-0.16909245142624665,-0.6450712214310218,-0.7795965013265742,0.15694535878867685,3120183,0.16936263141620286,-1.131405000760774
0,100001.0,50,309,0.17953980220512106,-0.07091416030305042,-0.3320113566284257,0.7806247810885297,-0.4000011112677683,-0.9003378217926772,-0.6354332457225084,0.14941112499421536,3120184,0.16428817903973186,-0.9964006326456024
0,100001.0,50,471,0.06802502142636113,-0.010803734366608891,-0.011644427089961155,0.38751222064004026,-0.08444958376165206,-0.14644731060684446,-0.2318986623095153,0.13969174057057385,3120185,0.1458601458601458,-0.4368104514678461
0,100001.0,50,369,-0.3999206526237628,-0.07970698782585223,-0.9579035494767916,0.9619473631065054,-0.10738100096848543,-2.660514845471504,-1.4783054863382397,0.18355855855855865,3120186,0.17139855942376953,-1.5596810577831888
0,100001.0,50,399,0.09348474354182214,0.0359900179640149,0.3481638336008029,-0.5448482992123403,0.09838831895638807,0.8702788442989545,0.4704759797114864,0.10987289652703187,3120187,0.12636360850646566,-0.27836895303889225
0,100001.0,50,380,-0.0012374199818352195,-0.047346406868831716,-0.33997179052342363,0.29372427820732633,-0.19871955008013056,-0.7603169145598777,-0.4848472390017372,0.14727994856479176,3120188,0.14950980392156865,-0.6739575671825769
0,100001.0,50,441,0.19426071198857114,-0.016807677238586505,0.06756901959046373,-0.2021534683057499,-0.18175610323546712,-0.023063361334917345,-0.029992252578593562,0.13229837389501262,3120189,0.147842604783849,-0.5331663912503734
0,100001.0,50,424,-0.05281228980184458,0.02488942993757489,0.12711469771436318,0.6903398991679351,0.13514648651676478,0.4030656240705968,0.2403974336416397,0.11414245501156133,3120190,0.1328443877551021,-0.08901379612725797
0,100001.0,50,427,0.5570807962795883,-0.03478200938818123,0.29011185086154073,-0.8639830535746602,-0.46452126023835294,0.09882891403468387,0.2573373426624017,0.12240287681337605,3120191,0.1454931972789115,-0.4029037409828739
0,100001.0,50,458,0.11264935908125676,0.003693740708028313,0.13542205400641782,-0.2198785015856557,-0.048637628890661096,0.29517790715663883,0.22500563383119265,0.13157923425780582,3120192,0.12819473583826066,-0.027403344412304992
0,100001.0,50,507,0.1780977380164754,-0.0007125672206880465,0.16698798032354514,-0.9558848619138116,-0.10456049966226526,0.3042872060636325,0.3572172586861231,0.11067802755620017,3120193,0.1166223010943508,0.33434056954424024
0,100001.0,50,427,0.15478944422513238,-0.04514227139330116,-0.1734631009375616,-0.3089391283906408,-0.27879005695529513,-0.2601512802082913,-0.015333193746398972,0.12678323756687138,3120194,0.13362753860668355,-0.2007088832458926
0,100001.0,50,441,0.1935521240057743,-0.006692441870854037,0.1393396094048398,-0.06777215761012767,-0.1386440165338642,0.19330363633114173,0.22359468649579506,0.11082316524493388,3120195,0.13732993197278912,-0.2924077233356827
0,100001.0,50,351,-0.10877184807929556,-0.06358147820587992,-0.5601570828936046,0.12586078693815606,-0.20535926011794972,-1.100560307256188,-0.5442914726537366,0.15323040210848754,3120196,0.15850799779371208,-0.6490894517083214
0,100001.0,50,463,-0.05028303210190941,-0.034671083354791764,-0.2970623515784174,-0.06104082215580998,-0.11781539802872194,-0.3610503284870071,0.260368270882992,0.11986849195123585,3120197,0.1276224775624536,0.1320933313466272
0,100001.0,50,430,0.2418617733273384,-0.04599712296203079,-0.09534061748724228,0.2558771153273957,-0.3320792935819824,-0.4573201625390633,-0.05506790039029329,0.1366165910808768,3120198,0.15073696145124715,-0.4949384819263785
0,100001.0,50,391,-0.5130884264255279,-0.04759345956117108,-0.8377153542025861,1.1016660497564177,0.0921407159995207,-2.261349018782773,-0.45118611872468606,0.14061699948796713,3120199,0.14541575558794945,-0.4184567456778382
0,100001.0,50,515,0.444100492688792,-0.03439912925364025,0.18243030611139466,-0.675593073817789,-0.3987564773932776,-0.005935121132459873,0.7835491119423471,0.10346473495058398,3120200,0.1207834858081163,0.20621917068043444
0,100001.0,50,372,-0.7047003596931581,0.02437817101214696,-0.5087350764106366,1.007283535063341,0.5047056467772741,-0.8771003404642933,0.03337593870071587,0.12030198819859435,3120201,0.14852607709750568,-0.821305775999779
0,100001.0,50,492,-0.2711935793868964,-0.028514681407658324,-0.4665249091799944,-0.04075642376794674,0.03405529834293216,-0.6798189022977471,-0.17874158942593954,0.13600209314495007,3120202,0.14774502393550018,-0.6101065685091963
0,100001.0,50,426,0.13453919982316992,0.015941564460471104,0.244387570966534,-0.4757876628696902,-0.009464452636927507,0.3585496055249789,0.8173336569501141,0.10240672026386312,3120203,0.11371724615772233,0.4819553117938993
0,100001.0,50,421,-0.22846405419852656,-0.054625989493726684,-0.6123272736440383,1.0353228997189912,-0.10016368377236096,-1.4387376118147386,0.017691358851561246,0.13069636456733236,3120204,0.17216934850863416,-1.3168842805190883
0,100001.0,50,443,-0.30942681851661563,-0.0011205293370273317,-0.3074096547149145,0.3858885821398546,0.17174078424094305,-0.6723390876914176,0.10429241910846736,0.1180426716141002,3120205,0.1226190476190476,-0.001807149215024509
0,100001.0,50,412,0.5386540087835847,0.001639373597461379,0.5333022107294492,-0.1283872647088139,-0.3003380206964905,0.8366604671547956,0.3155540615200083,0.11735712248971444,3120206,0.13065517469123564,-0.010073744700760341
0,100001.0,50,397,-0.23466224466941224,-0.024746715167511986,-0.4044380997260676,0.7743234676947587,0.02955273881065988,-0.7308739781199688,-0.31755807525004737,0.13701751418799565,3120207,0.17914578111946536,-1.1225377423201104
0,100001.0,50,527,-0.3783748965401397,-0.04350042770187095,-0.6774489934561108,1.0093137893514983,0.03160919157112642,-1.7606221740608248,-0.5394886099343397,0.14398969194664765,3120208,0.17691357118386924,-1.2194041263912991
0,100001.0,50,522,0.4602885270514209,-0.08731106048134724,-0.18141752046198825,-0.1994361381408099,-0.6319260167580381,-0.7668423482193554,-0.4412214801456221,0.14755978148835291,3120209,0.14853479853479845,-0.5784599016765738
0,100001.0,50,478,0.5519077710923029,-0.13161537576237892,-0.40967465436882455,0.4886669093549448,-0.8710584198676219,-1.310491686193313,-0.6596327201368641,0.15007424289512755,3120210,0.1543524817334341,-0.7717894133399786
0,100001.0,50,449,-0.3459739807551004,0.04931308304981352,0.018577976889603248,0.4687538097761762,0.4055725306182508,0.6650306464332858,-0.1370176780786452,0.1327551020408163,3120211,0.12723922902494333,-0.1879283832984783
0,100001.0,50,352,-0.1189827728188039,0.00733132430630217,-0.06299597293062131,1.2929561298404308,0.09873168785089027,-0.2527221653615962,0.2391454658909063,0.11503049495660332,3120212,0.12438997338065667,0.08016657509203039
0,100001.0,50,432,-0.17342419949489712,0.014391023719781416,-0.06476878133926166,0.06800077664960451,0.15965443409096686,0.03913738687727192,0.1913216345275568,0.1277567478604347,3120213,0.13502861462045135,-0.2394043146742152
0,100001.0,50,474,0.13843572849055144,0.017502720456017574,0.2592869550194802,-0.636384498106432,-0.004965998396995268,0.4549492920198686,0.2278122863109641,0.12522615429150386,3120214,0.12746727478870334,0.011696519002331388
0,100001.0,50,385,-0.013736076449267762,-0.023150449853001014,-0.1789733618935576,-0.21419008705351636,-0.08969638579031683,-0.4412152820085102,-0.5106391582235233,0.14846267454350148,3120215,0.16222210533698014,-0.8016283392007449
0,100001.0,50,393,-0.4119450232368458,-0.031573033570575226,-0.6250548577433993,1.154693835591032,0.10193842020476276,-1.2028384861546546,0.06439507393270813,0.1282863145258103,3120216,0.13898973050758764,-0.19864725517619067
0,100001.0,50,486,1.0760449907012146,-0.09990574511393076,0.3240978454868543,-0.7021040060983683,-1.035977875175126,-0.3379889635377989,0.12255592603077207,0.12831389698736628,3120217,0.13595724003887272,-0.17549786481618254
0,100001.0,50,395,-0.08833820305959625,-0.032079880952439965,-0.31518246512300424,1.057258120429627,-0.0848172011872617,-0.7095358654488451,-0.2130457008797628,0.13069116535503086,3120218,0.1337743888764297,-0.3226004881962296
0,100001.0,50,480,0.4246273566114136,-0.003327308958110648,0.38667696309858346,-0.8858142290464945,-0.2562001202369588,0.37103086729328094,0.6994502708059112,0.10623582766439907,3120219,0.12295778967324635,0.16547013085829226
0,100001.0,50,481,-0.02047887950932944,-0.017135430625654466,-0.14261087871646064,0.3726383621200514,-0.060760640709123986,-0.20878051675532394,0.34279286742766824,0.11224049205174302,3120220,0.14110995960884354,-0.37853937457464615
0,100001.0,50,363,-0.061225129639391175,0.008904694626095942,0.004321942234699047,0.2983522865895186,0.07241039485901245,0.23510058104215895,0.3726869784012551,0.11281862142447335,3120221,0.13203013763645,-0.22831614912048345
0,100001.0,50,466,-0.005448668820429225,-0.03833876881806267,-0.2799939568560338,0.2679757928793892,-0.158894413056741,-0.4760234658162674,-0.4689327928647942,0.1560304449648713,3120222,0.16561745666008335,-0.8112252685496031
0,100001.0,50,423,-0.5756902287889233,-0.015919035005339977,-0.6712652024959197,0.9798753519455206,0.26118956061149257,-1.4597090989887664,-0.7891027829740805,0.1630106844997886,3120223,0.17982150125007265,-1.0547345450532288
0,100001.0,50,381,0.23774870870260786,7.091718553858226e-05,0.2309158033443165,-0.2984356504806173,-0.13533927921467304,0.2891891573748207,-0.15780948631482805,0.13859995611147696,3120224,0.151252319109462,-0.32713371126880625
0,100001.0,50,473,-0.16954291362161955,-0.012100079854250214,-0.25064858524028266,2.0326947211040705,0.045541004978657935,-0.8791953402839399,-0.6185333515507524,0.1448344888194512,3120225,0.16566971616232706,-1.1527899747585746
0,100001.0,50,359,0.053944171039216615,-0.01946642424815757,-0.08690518159567359,0.008578058182671294,-0.11269105474911838,-0.11197721130680316,-0.2712721443261518,0.14112320906016035,3120226,0.15093116454502598,-0.4391341749525224
0,100001.0,50,396,-0.7047913030076771,0.03855715641592216,-0.4067570084573864,1.04629541495746,0.5645723502765523,-0.2630703766449427,0.34009488304794944,0.12787569573283866,3120227,0.13666855631141345,0.03636317461843437
0,100001.0,50,436,0.20609357626250824,-0.093693269856829,-0.4716430582212235,-0.2006761605108284,-0.5130616267705366,-1.2280397522815727,-0.22197395349021493,0.1347690238886252,3120228,0.15183593122288286,-0.716121069987956
0,100001.0,50,381,-0.060050175787792384,-0.06067851687644873,-0.4923715524720776,0.8282320385212858,-0.22133341122710892,-1.0192475454287615,-0.472486776526406,0.1499651142508286,3120229,0.16350242019884875,-0.7057745313403487
0,100001.0,50,432,0.20476260485372366,-0.05152940160825587,-0.17088925241996866,-0.2406191636470968,-0.33428301255110904,-0.5652185658298462,-0.04778659167353267,0.1293872621512374,3120230,0.14489384463462807,-0.4011652088368767
0,100001.0,50,436,0.4776786180873712,-0.1252625653793912,-0.4349464459097429,0.8526525262075936,-0.8012242146454007,-2.1467065952555338,-0.801723953518887,0.1573377889167362,3120231,0.16112174036281182,-0.8771783543480195
0,100001.0,50,407,0.03867513734374449,-0.030825902783182937,-0.18322858867509415,0.8200861181164166,-0.15205041898826427,-0.530206010604812,-0.3006696953355842,0.14058123249299728,3120232,0.1430618543713781,-0.4872012758255614
0,100001.0,50,471,0.29316459329064004,-0.053832276946825616,-0.10229529328721823,0.3245780687037186,-0.39468097670531377,-0.4441773059436476,-0.4487500269765378,0.1487402026027802,3120233,0.13152380952380952,-0.2712834613717329
0,100001.0,50,405,-0.06300937230671166,0.011223904710491494,0.019326874554137514,-0.2930837067804692,0.08326852266868877,0.3242212197397447,-0.06500208805985111,0.13290765407959595,3120234,0.15213882163034706,-0.6131207290307175
0,100001.0,50,513,-0.19230001579530387,0.06559825557575166,0.28453762069662925,-0.5208473720694323,0.38718887643691,0.956115498226998,0.6018087470537293,0.10956971284088857,3120235,0.11219205196202776,0.632837911465782
0,100001.0,50,347,0.3155319422418249,-0.09417094157124076,-0.36716279497229465,-1.198941353339821,-0.5760589747113387,-0.6136903068020725,-0.2611953865353677,0.14212741834322387,3120236,0.1374593315587104,-0.2790126670099911
0,100001.0,50,464,0.528185776673017,-0.03556416451418331,0.2559718447775621,-1.1220020226015506,-0.4514747228455681,0.06778776456721478,-0.15339699216541933,0.14333831093412966,3120237,0.14557823129251699,-0.20354806295607586
0,100001.0,50,507,0.3195342351966775,0.0017647692848816203,0.3214199987016695,-0.3417615549456173,-0.17472335883651105,0.2880100749834183,0.029895150013145112,0.1259817936836571,3120238,0.14209433773509406,-0.5260133334167049
0,100001.0,50,441,0.8057721411422757,0.005413680094615334,0.8184314492915736,-1.1428226431751047,-0.4366945056992768,0.7985514543767287,1.1405537337496752,0.10010745591769042,3120239,0.11085786773725884,0.7825288249562172
0,100001.0,50,489,0.3381893780137759,-0.04948729908582451,-0.027819799452249182,-0.5967732561964108,-0.4020878284265529,-0.13226988758176608,0.3915302158667774,0.11390840489201147,3120240,0.13745633388490536,-0.2327047222674493
0,100001.0,50,339,-0.11924968797483775,-0.03784511266659682,-0.3862630498535623,-0.2332626566223559,-0.09102062960259527,-0.5859776543254881,0.1395050476939556,0.11479001322751332,3120241,0.13327598481252967,-0.4297952502888612
0,100001.0,50,418,0.01317613126614016,-0.059833621988740385,-0.41567481309756094,1.1017667288183297,-0.2599341977340617,-1.1368016086488264,-0.2096671422214936,0.12678166504697105,3120242,0.1576209223847019,-1.0663060390211616
0,100001.0,50,492,-0.001450226698764442,-0.05830583230793385,-0.41934848196911534,0.9234333294470884,-0.24573053090556055,-1.1303111209293464,-0.4176186371994387,0.14457491539329306,3120243,0.16823912104524355,-0.8998939734730231
0,100001.0,50,456,0.22474512149624148,-0.018001814292793756,0.08840986923874314,0.5085285399291031,-0.2042125635539811,-0.3035280763611334,0.06352222192905607,0.12000905889994185,3120244,0.14575104235242484,-0.4464737202769011
0,100001.0,50,474,0.8862016309704592,-0.14163170049106286,-0.15813489436260642,-0.5738465215280604,-1.1039616254768998,-0.5969581561874211,-0.24221427509448215,0.1365421803239061,3120245,0.14897668469097036,-0.5611722010377811
0,100001.0,50,402,-0.0008587689489924803,0.00965276571291373,0.06826572200076332,0.6501518118775019,0.041186284363000064,0.10641921545736233,0.14933478045727466,0.12118905153684514,3120246,0.1391220039417636,-0.41706956663621003
0,100001.0,50,435,0.10090531040177764,-0.06537990537579445,-0.3706288396497572,0.8621705079729091,-0.3335368434581411,-0.9444728919003444,-1.1027493929850525,0.16608731404649762,3120247,0.17242540580588675,-1.1284358273027193
0,100001.0,50,413,0.22757115230489014,-0.05502301750893808,-0.1736051252485095,-0.2436251913171593,-0.3618877325628986,-0.3916340336052953,-0.13992222777786772,0.1359699159166773,3120248,0.13977099460473846,-0.32298310177086376
0,100001.0,50,412,-0.08637929215864971,-0.02562340932832125,-0.2670926372319473,1.0937575979077554,-0.05880068149376625,-0.9026080942873652,0.15486789345711055,0.12221967438660845,3120249,0.1284646089840894,-0.03151510768697146
