start,end,N,SS,FayH,TajD,FerL,bsfs,ZngE,FulD,Colless,btree,path,iColless,ibtree
0,2501.0,250,16,0.0222088424220572,1.5472018106282108,-0.6717162204044544,4.541901029233965,1.168190020446014,-1.5450791905361416,0.036724856414906935,-0.542922624118214,4020000,0.04394999352247701,-1.1354426203778607
0,2501.0,250,12,0.03489673172221623,-0.27928649157663715,0.31331023906792393,-0.6637946469049297,-0.3613509096987757,1.2374296820739523,0.033942220494882755,-0.13023141141087854,4020001,0.036274128773157145,-0.2417305258090965
0,2501.0,250,10,0.09558245385160542,0.18097836665650469,0.35512813824462963,1.331586504129518e-05,-0.2108097790754372,3.253803472653152,0.029780411970462495,0.4849411695896814,4020002,0.04077600725482576,-0.5671443401537547
0,2501.0,250,19,0.06132074449631667,1.3422833361628856,-0.34739364668537204,2.14404743140549,0.832337201048177,0.73179262801433,0.029953145917001333,0.2342334928653631,4020003,0.04438182838882412,-0.7409119688217473
0,2501.0,250,21,0.06281523465629428,3.174470793745044,-1.2865143082475774,4.2689217601430895,2.3496283934592137,-1.095664672561541,0.03295439823811375,0.3229138740560433,4020004,0.06688042492550847,-2.209056191008167
0,2501.0,250,19,0.14549828630726666,0.4382685893411212,0.5952023280569655,1.0403463215659579,-0.2947698223753125,-0.09454019612673534,0.02888975255862158,0.4321792625314608,4020005,0.03982866951677679,-0.303596973344332
0,2501.0,250,13,0.07065505503129725,-0.008913409587813953,0.3634738664606112,-7.123906620505881e-06,-0.29324030358316844,0.9776412577841308,0.02808006218422075,0.5547898380579754,4020006,0.0519497344215572,-0.9407843472496022
0,2501.0,250,15,0.0671145042265569,0.9082617939334832,-0.10710342508650443,2.9989610172881225,0.4548052761561646,0.5430819992150969,0.032132112680111125,0.0004892619365373385,4020007,0.04890529861381008,-0.6427895982839449
0,2501.0,250,9,0.12969955953601975,0.2925045228259931,0.4367387458275248,1.1085547122109732e-08,-0.2321262550513229,2.274582229907494,0.030784428034719518,0.3852323550812807,4020008,0.07047545018784816,-2.412576653559131
0,2501.0,250,12,0.11978658694616542,-0.3759262010855471,0.7824221702504096,4.72985831489979e-06,-0.7736326892532375,1.2374296820739528,0.02702098717450447,0.7409523022596018,4020009,0.06838644902189403,-2.39995151160638
0,2501.0,250,16,0.09059816031389607,1.13172626376619,-0.08993364038426882,0.4832641277680038,0.534046965050447,-2.497268012867369,0.029637612031704525,0.4964372571267794,4020010,0.03965863453815261,-0.1161036968703707
0,2501.0,250,14,0.06980531988087653,0.13832361187973274,0.29250453469772597,1.551339111253063e-05,-0.17725795678135484,1.808437214814801,0.04025240747937989,-0.380513671516481,4020011,0.033893639072418706,-0.1496016855535104
0,2501.0,250,25,0.14125178483730008,2.430275036607373,-0.4257989748789223,2.6085557790962604,1.363062219935056,-0.06408293727392289,0.027008957488941943,0.4132407614611272,4020012,0.055752040419743486,-1.5041612005505998
0,2501.0,250,14,0.1541761594927618,2.154631245210612,-0.2925211534458701,1.725418833346667,1.1053173034781123,-1.373242665914419,0.028675496028780133,0.5360815864188135,4020013,0.05062184220753983,-1.2387911991923268
0,2501.0,250,14,0.12267522742368805,0.15338441517057433,0.5595762155442173,0.4606344957967364,-0.3841249342425593,0.7478772545717278,0.025670423630003887,0.7843861201620329,4020014,0.0409217515222179,-0.3836160157600413
0,2501.0,250,13,0.09629159616292177,1.20421235386629,-0.11927994319241038,1.6423084582631466,0.5799642916155484,0.9776412577841304,0.03678585308977847,-0.06863450983718203,4020015,0.05152869542686876,-1.4949606658110668
0,2501.0,250,20,0.1081142631154844,0.3983788137529034,0.411815102546825,1.2550179650811206,-0.16422493167655008,-1.0119084632668651,0.031121553663333683,-0.05792612233066052,4020016,0.08854773934447467,-2.814069109733445
0,2501.0,250,17,0.1173498288513988,1.1807466273236673,0.03773165407945348,3.4303154514365826,0.4541177379507619,1.0994680023857828,0.031270242259360016,0.28642100155923905,4020017,0.07047545018784816,-2.8499383430701126
0,2501.0,250,18,0.13145190182522565,0.725705661424327,0.3584028557884451,3.1088605550023343,0.012368097492549112,-0.8215446257946853,0.039897493198600864,-0.2889667436491533,4020018,0.05299909314678068,-1.0705886372061908
0,2501.0,250,26,0.0337862833080634,1.5053893183200708,-0.5867286383459545,1.7707912729535638,1.104789266862516,-1.4310221514132813,0.030091038641368993,0.4917505059856689,4020019,0.042578917821824935,-0.5233445104732479
0,2501.0,250,27,0.1260246362909527,0.7502790274197195,0.3745823476226978,1.932986487383228,0.016600602787586616,0.3516014154195587,0.028416893379971494,0.33216207599985764,4020020,0.03703847648659153,-0.03570795948873492
0,2501.0,250,19,0.13674234481896536,0.7056951126366379,0.4075447908795546,1.2939846798313992,-0.03424630114603873,0.7317926280143299,0.03781485388558844,-0.2347268970660946,4020021,0.03754534266096645,-0.2447574809841836
0,2501.0,250,22,-0.01254449282225463,0.5985220759161811,-0.3852545015795885,0.30439988605212936,0.5580434538489197,-1.1729942516536218,0.03328799067236689,0.3666411744631616,4020022,0.048980869715420816,-0.9428328849561676
0,2501.0,250,16,0.13386771178997728,0.4651787919283495,0.4846958109784541,1.2686254966156312,-0.19693567023311306,-1.5450791905361416,0.036606101826661484,-0.13809652996135965,4020023,0.04458155201450965,-0.7978516314300212
0,2501.0,250,20,0.10284961666836333,1.2467587276753131,-0.058030220133160615,2.96357804437857,0.5632845379768222,2.1544474118857218,0.03429200673662392,0.18988235033245487,4020024,0.040403549682601375,-0.357861839037201
0,2501.0,250,22,0.02985589291696605,1.7163371467165185,-0.7197871271677002,4.381519657066663,1.2920966990417813,2.4785584434198964,0.02754566653711621,0.4160145581113989,4020025,0.0660491428077903,-2.10164407653889
0,2501.0,250,11,-0.0017628650157591969,1.5613651218419358,-0.7895202838120772,0.6110114851614059,1.2498174196101597,-1.029123745469293,0.02855662280458238,0.6140247256350856,4020026,0.0589778468713564,-1.6655103717470745
0,2501.0,250,11,0.19930643794675199,1.0774317130723083,0.4203652289292865,1.0619321394002073,0.09437469976900496,-1.029123745469293,0.026251634102391973,0.7154481063994467,4020027,0.038444098976551364,-0.5279697452940066
0,2501.0,250,17,0.10267429088251627,0.7275134927756988,0.18991674942544504,1.3474635086398137,0.1466812001682711,0.1933801796093993,0.032735781837025524,0.198016022950052,4020028,0.045256293993177016,-0.4580549172909286
0,2501.0,250,17,0.10790388125004677,-1.1149378583413223,1.1646726739428903,2.7626589002131874e-06,-1.387516667989014,-2.5248832887197503,0.03455169652215902,0.08852204818715781,4020029,0.04705920456017618,-0.6290794230982208
0,2501.0,250,23,0.14571845243393994,0.737019187571891,0.4757198552470972,1.127039864684014,-0.07264240733297912,1.567962071852617,0.032705602468525136,0.16046185323200546,4020030,0.05182018396165306,-1.0284721447647782
0,2501.0,250,14,0.05694399258640261,0.8604584628815465,-0.14085999755007422,1.7766788651496588,0.4605818903906922,-1.3732426659144188,0.02689560083652583,0.6918988179886538,4020031,0.0454074361963985,-0.5666736041653746
0,2501.0,250,25,0.04938124231672408,1.6567433272008938,-0.5723825194258599,4.613478081353201,1.1552719927655215,1.2449739600334222,0.030282420002591005,0.2658328743250693,4020032,0.05688344776957292,-1.5477369722447516
0,2501.0,250,14,0.06455960253716769,1.4062933224199816,-0.3783396795668577,2.443738217087214,0.8708680623554139,-0.31268270567134593,0.030213596320766943,0.3595039857912482,4020033,0.05870255214406012,-1.8541460873701563
0,2501.0,250,18,-0.03855415657627948,-0.17953447825952795,-0.1222794614515262,-0.5551601786953874,0.023800912309230347,1.7714610200418686,0.03834153819579393,-0.3756711410601027,4020034,0.06307488016582459,-1.2352572246801996
0,2501.0,250,18,0.1901511959037924,2.188563507864788,-0.06825670920740062,1.6257945134516276,0.9555753198687392,0.042790589484166135,0.037337937357369934,-0.4198117598895867,4020035,0.044312734810208566,-0.7261102174942206
0,2501.0,250,9,0.08151939715906965,1.002659168838001,-0.13018868432565378,1.521830810500404,0.497144213363005,0.7828117394489831,0.030809875446486407,0.4563459691485581,4020036,0.04012825495530509,-0.4522811836929619
0,2501.0,250,14,0.0765954616201951,1.455121673360651,-0.3405843707151615,2.8519848827924013,0.8605247134823537,-0.3126827056713457,0.03330526406702077,-0.03299450411347065,4020037,0.03562637647363648,0.10797157345634566
0,2501.0,250,23,0.15294283989693666,0.9472963983512122,0.4085481335509432,3.406793940779876,0.06910559288822628,-1.2446198729288072,0.033618344345122425,0.21929341964859675,4020038,0.06620028501101179,-1.9036820668724617
0,2501.0,250,20,-0.0040937005648366935,1.5723465824038545,-0.8383989820435417,1.1359921924366378,1.3224248541368626,-1.0119084632668656,0.032711491125793496,0.3102433675045503,4020039,0.03973960357559269,-0.2288236655173767
0,2501.0,250,15,0.04320170802171238,1.9000950163999903,-0.7393971443893104,3.374443366539799,1.3626284358880745,-0.4602920395039865,0.032844280347195234,0.09187487289870573,4020040,0.035172949863972014,0.04420368647312585
0,2501.0,250,12,0.10447140687998904,-1.0286579706080927,1.0347931254308878,-0.5236914966646963,-1.2360047784731945,0.03953603075383266,0.03079702321832132,0.2604781333488237,4020041,0.057844280347195236,-1.0211804677334166
0,2501.0,250,20,-0.04281789509707568,0.8786730362609885,-0.7003138646238443,1.0388608320022283,0.9244033689279526,-1.803497432055012,0.04302000629245091,-0.28522675822629523,4020042,0.043367016452908407,-0.5386310883808666
0,2501.0,250,26,0.1495453817221442,1.796678604137158,-0.03809092756336305,2.1245045210025624,0.7877925413089262,-1.4310221514132813,0.02540366745574674,0.6940504641013704,4020043,0.041294209094442286,-0.4960457694530657
0,2501.0,250,22,0.10282302616641384,1.3690730189280005,-0.11210176562789216,3.821531036708585,0.6608109081759204,-1.9033047906683256,0.02957529040894762,0.09401314892000476,4020044,0.040711232024873686,-0.5063184835710484
0,2501.0,250,18,0.10535876095025902,-1.213459899472771,1.212093964476733,-0.9143502840241916,-1.4681814212676525,1.7714610200418692,0.028382346590663732,0.5335008169823147,4020045,0.06649177354579608,-2.425337193642552
0,2501.0,250,20,0.11395055243427182,0.5799928483269164,0.3510576508821584,1.259921198255466,-0.040337449525432466,1.3628584430975743,0.03706438657857235,-0.18790064060214426,4020046,0.034768104676771605,0.18239118427896425
0,2501.0,250,13,0.07341569210211715,-1.1967401194037766,0.9777184618252824,-1.2240182825910015,-1.2610420632617465,4.3523543055862834,0.038114824890961685,-0.2581249881778821,4020047,0.060921103769918376,-2.051275824112855
0,2501.0,250,18,0.03871852281801155,2.8242976792183216,-1.2393744079487643,3.000734001869501,2.153162671916084,-2.5502150563523878,0.036829345029889146,0.10166539400738626,4020048,0.035691151703588546,-0.03575903021039626
0,2501.0,250,21,0.04844017606907476,0.5835003386133026,-0.02301541025153997,2.07518856922256,0.26108508242707906,1.9431172899256397,0.03691648313684847,-0.2533154277783445,4020049,0.038767975126311686,-0.3535926890105055
0,2501.0,250,12,0.1798127161647201,2.40210944677273,-0.3172107232652661,1.2974960551865693,1.2145672943925772,-1.1583576205662869,0.0278020684890098,0.8209664078448546,4020050,0.04825754631428941,-1.140989720838973
0,2501.0,250,16,0.07174093954195611,2.7148223979990047,-1.0017149326260792,1.698844647619882,1.9085442279767992,-0.5928903682049141,0.03307099365202747,0.3626347107391621,4020051,0.04641145226065552,-0.8720368163397874
0,2501.0,250,19,0.028464098356531107,1.753471859224631,-0.7454575838493005,3.4251085801800762,1.3204760092461845,-1.7472058444088665,0.03284566838783706,0.04357458662784882,4020052,0.06241093405881591,-2.050733684657812
0,2501.0,250,15,0.05153213780380439,1.439719606056305,-0.4605885244051793,2.8977621199809933,0.9529609450343246,0.5430819992150969,0.040010481809937694,-0.1534999823937002,4020053,0.05270544543766464,-0.9850182905654497
0,2501.0,250,20,0.1652232300042197,0.9041819113033824,0.4762504298926468,1.3964650761076132,-0.006070699143208207,-1.0119084632668651,0.02757985346403536,0.5454131326342408,4020054,0.043140303148076174,-0.5180256229638324
0,2501.0,250,19,0.20740211236773207,1.6028337084077182,0.3429478993805965,1.3920613544761546,0.3880760385308891,-0.9208730202678008,0.033300183656828464,0.2409942075433033,4020055,0.04154251414259188,-0.4347516458788441
0,2501.0,250,29,0.060603070761649815,1.7325379071825262,-0.5407340938949059,1.6426307332512669,1.1687767573882692,-2.158993785550444,0.028282484777820964,0.470535095731517,4020056,0.057552791812410936,-1.5945099424536489
0,2501.0,250,12,0.0463206058328029,0.5515225124730794,-0.04788601373370669,0.7966529552387903,0.25899831000466633,0.03953603075383273,0.031974672885088734,0.22523709630335234,4020057,0.07828086539707216,-3.167990791798473
0,2501.0,250,21,-0.1445837954913448,1.7150255835847346,-1.7279149594406265,0.7842237901319543,2.0958564237104733,-1.8553601631833367,0.02496761238502396,1.0607939288150492,4020058,0.043561342142764616,-0.5170320962971892
0,2501.0,250,18,0.08070382469044804,1.8953698949197557,-0.5269064421105201,2.6825249908044086,1.2013808384273827,-0.8215446257946853,0.032403808783521185,0.3368800601267867,4020059,0.05171222524506628,-1.4389167876675897
0,2501.0,250,24,0.2492100729939317,2.394733394869717,0.23189492511904736,1.488407395067305,0.8186309085476635,-2.6670681131231864,0.030237077341624563,0.5784928814485358,4020060,0.03559398885866045,-0.002387087294074587
0,2501.0,250,11,0.17341114892885282,1.0197500127416763,0.32457696215776016,1.030442439718567,0.1476397896907604,0.2523487190495647,0.023971817792260854,1.0227548154322572,4020061,0.08688517510903833,-3.2600420708742655
0,2501.0,250,25,0.150022680284459,0.4091753032706845,0.6874811974592705,1.2048795173923832,-0.37883883335848817,-2.02766828323494,0.030023319082782742,0.5003077155446746,4020062,0.07860474154683249,-2.6434195349274816
0,2501.0,250,14,0.02696085690611769,1.5673621395145685,-0.6554598416056693,4.2531314163205,1.1570340478434131,-0.3126827056713458,0.032036749147126134,0.11967216431329457,4020063,0.044241482057261305,-1.0011741637016016
0,2501.0,250,16,0.14304118142749545,-0.4692052466407325,1.0122899196372934,1.2794872113393594e-06,-0.9997670260787324,0.35929845412631345,0.030541520922399267,0.4715306801523907,4020064,0.06500194325689856,-2.708501029015083
0,2501.0,250,17,0.18937654118419966,1.0816810253667828,0.4838831657965551,1.193379637268745,0.05713657751317649,-0.7127076431669841,0.028756603474831218,0.3524682307248601,4020065,0.03960195621194455,-0.5900553723631969
0,2501.0,250,18,0.11516937100364218,1.054222467745574,0.09844697435948276,1.6555083852917252,0.3553525419929821,-1.6858798410735367,0.033788379323746585,0.29975638086709616,4020066,0.040009500367059636,-0.43749433639949903
0,2501.0,250,16,0.05519158281283045,1.1093632106216396,-0.26963838899767645,1.2039733752712465,0.6683728339273407,-0.5928903682049141,0.03657641317960012,-0.13218250579828508,4020067,0.04154251414259188,-0.5240927049443548
0,2501.0,250,22,0.03836942204566951,-0.06899935458757164,0.26034700294080165,-0.17986434731089632,-0.23718089511001395,1.0179373653904888,0.033926026687394736,0.21602175746734972,4020068,0.05183097983331175,-1.2071857527749599
0,2501.0,250,19,0.12195150914172385,1.6237807477088364,-0.15046093987047274,2.344407263303685,0.7912019082225021,-2.5735386685499315,0.03150158236633169,0.1717037326364017,4020069,0.04181241093405881,-0.43170639660668986
0,2501.0,250,12,0.046273722628518685,1.0275625630169685,-0.28750294594915915,2.088581708557007,0.6404552836111309,1.2374296820739528,0.03367907112320249,0.16081017001630854,4020070,0.02901930301852572,0.5089190079313225
0,2501.0,250,18,0.09539405754525207,-0.2745627547795033,0.6728679231416974,7.942844380620404e-07,-0.6507351618749542,1.7714610200418686,0.0363227101956212,-0.03968687576677552,4020071,0.0382821609016712,-0.3834430313004676
0,2501.0,250,12,0.10212724666577837,-0.7323115893979746,0.8741582383144788,-0.4471184934697745,-0.9894063308892174,1.2374296820739528,0.026746772034374058,0.6604058707114518,4020072,0.06380360150278533,-2.25951385117922
0,2501.0,250,14,0.09290511579796994,0.8997119592413866,0.02607277434024657,0.9915596602383626,0.34335726982934284,-0.3126827056713456,0.025247618038134943,0.8849643327103283,4020073,0.036781534741115,-0.13409915250787047
0,2501.0,250,11,0.189944426649468,1.4338148665783403,0.19703089978062366,1.3080267841219997,0.41396523929953705,-1.029123745469293,0.03238041772826071,0.17045958938327044,4020074,0.07206244332167379,-2.6715618549641293
0,2501.0,250,20,-0.06301901657806037,1.5588164512746885,-1.168379570038755,0.704897142230853,1.580743433941321,-1.0119084632668658,0.04047156367405105,-0.374884364387045,4020075,0.04148853478429849,-0.6439888908677652
0,2501.0,250,15,0.03725140103450377,0.3298347938776917,0.029384476746731482,-3.1232848154354443e-06,0.11068458383901422,2.5498300766532633,0.04010882238631948,-0.3046429755472908,4020076,0.12281383598911776,-3.7239096218505705
0,2501.0,250,16,0.10998885719623533,2.8401289173971964,-0.8593410633300634,2.7931211898109587,1.8460670796619656,-1.5450791905361416,0.03600693094960486,0.022722676468143764,4020077,0.034006995724834815,-0.3507852152383051
0,2501.0,250,17,0.10874279470483816,2.4884242176566835,-0.6809658593509829,2.9766633668587903,1.5644710588739337,-1.618795465943367,0.030833009457183574,0.30972831743675105,4020078,0.043334628837932376,-0.473198115722266
0,2501.0,250,20,0.13304526835719255,2.01418674801852,-0.2831188482898511,2.12069872105042,1.0614703704568489,-1.803497432055012,0.03148400051820184,0.4027147140009363,4020079,0.040484518720041454,-0.1862434483885412
0,2501.0,250,16,0.043907403347210765,1.7075672341353691,-0.6366236286100758,3.6214678222635217,1.205676309434915,0.3592984541263132,0.03454948827568338,-0.040767003982462496,4020080,0.033326855810338125,0.12258444885846947
0,2501.0,250,31,0.12402458520871808,1.9696544902315916,-0.2671742728124762,2.626569286554993,1.0532071643643834,0.4982199799958679,0.041278015286954274,-0.3256128340508783,4020081,0.04797415468324912,-1.014018430018423
0,2501.0,250,25,0.1097499578421485,1.2456258598537675,0.00638192738887098,1.264340943899836,0.5186381052673736,-0.7186113859275951,0.03873882627283327,-0.2947301611853285,4020082,0.033019173468065814,0.17071739426965848
0,2501.0,250,14,-0.11141158053846548,0.7398357396924548,-0.9544237760126404,-0.5266436667665697,1.0604961250281846,-1.3732426659144188,0.03488893539418218,-0.07184370927747731,4020083,0.07607850757870191,-2.76985415224497
0,2501.0,250,17,0.10409063827372243,-1.1171212024925907,1.1448666380590438,-0.5803038536093573,-1.3725925642131651,0.1933801796093992,0.029996820125075086,0.4759694016499433,4020084,0.05593341106360928,-1.3817328706608014
0,2501.0,250,22,0.13888426153278846,0.4187659622007868,0.5939992795142077,1.0493932493427882,-0.3007988430267285,0.2876268263757853,0.027589265249583942,0.6601030765447939,4020085,0.05709936520274647,-2.080889001434182
0,2501.0,250,17,0.09061354809739898,1.780205597495917,-0.4168056584911103,2.5498945191796283,1.063021172005404,-1.618795465943367,0.029969339724489355,0.5633468337583404,4020086,0.08200544111931597,-2.7887031247515126
0,2501.0,250,7,0.10000803677105244,0.4473305272532454,0.18778787627883345,0.5993590619723501,0.023868243098033357,-0.2641278187844842,0.033958414302370774,-0.044581480624512865,4020087,0.09408602150537634,-2.5927941356232416
0,2501.0,250,15,0.04680908163270755,0.06926379452134301,0.21286351849125312,-3.1232848154354443e-06,-0.1416705905268957,-0.4602920395039864,0.035788314548516637,-0.28761491429459835,4020088,0.03889752558621583,-0.2797363023361877
0,2501.0,250,13,0.0851483996531018,0.4434336694621643,0.20853389063038366,1.3261871347349403,0.012381304736382446,-1.2721674407506367,0.029688647061363725,0.4297328668180797,4020089,0.031837025521440604,0.2420637732368253
0,2501.0,250,20,0.09005219238009006,-0.6804202506022967,0.8676871341084454,8.838931126173458e-06,-0.9760833253477048,-0.22031949447871887,0.03709821364310288,-0.1294161720180336,4020090,0.0512695945070605,-1.4198706305642368
0,2501.0,250,11,0.0322450261134977,0.6956867270154782,-0.1927950115183334,0.4722131006243687,0.4303544977370004,0.25234871904956435,0.03316761670337263,0.2273824585634583,4020091,0.05112385023966835,-1.6122005400129529
0,2501.0,250,12,0.08634323455675981,1.792598065055245,-0.473723293399049,3.3641263003193886,1.0951211713440885,0.03953603075383253,0.02988199130834187,0.6627817931484201,4020092,0.04734259619121648,-1.0674650594046575
0,2501.0,250,17,0.10216222682569558,0.6119709202905755,0.24643495446455665,2.081038893601174,0.054151756758006764,-0.7127076431669838,0.03609419757884585,0.2385663192103685,4020093,0.039650537634408616,-0.2903987170096604
0,2501.0,250,13,0.08461640188424588,0.2736047365398369,0.2916470247656224,1.21898719350232,-0.1222377370234196,-1.2721674407506367,0.02751327892214017,0.6374417688157031,4020094,0.04260590750097162,-0.5833412157233402
0,2501.0,250,31,0.07994110691173828,0.5699088701690036,0.1989710112525335,1.6504822327515096,0.08297989324958162,1.0405915664418703,0.02696448877949072,0.8124921494497188,4020095,0.033019173468065814,0.2084922374467446
0,2501.0,250,22,-0.14983978526422415,0.2533931532377145,-1.0083337438070947,-0.20063474912273446,0.9128358556921362,0.28762682637578546,0.030782114633649812,0.3875967392236281,4020096,0.0870255214406011,-2.4107777084598774
0,2501.0,250,19,0.12379793409486176,-0.4999941685052846,0.9575513738505054,2.210032626821489e-06,-0.972130977571424,1.5581254521553949,0.029167360686987574,0.2849973702960324,4020097,0.05431403031480762,-1.5622154004866131
0,2501.0,250,17,0.06114262738037789,0.2981515876149318,0.1824577215718308,0.8137849318329854,-0.023453582876408568,-0.712707643166984,0.030523527802968145,0.5421573148689831,4020098,0.06673468065811633,-2.064946565514074
0,2501.0,250,20,0.13584816243762127,1.3620446006236395,0.07093271100926407,1.5958551904774474,0.5079305565901525,-1.0119084632668656,0.029947747981172,0.2778278601780631,4020099,0.03756963337219847,-0.3660340253360056
0,2501.0,250,23,0.1119540309392928,-0.004531032006022446,0.6636519824451378,0.7448837503844175,-0.5333234080518969,-0.5414743867334508,0.03650084207798937,0.1468738817219392,4020100,0.042120093276331136,-0.3213746560786814
0,2501.0,250,30,0.1152345928338403,0.8048756868415858,0.2920124393251735,2.151904325117462,0.10777626282087896,0.04606551011202264,0.027396683508226456,0.6687909768558933,4020101,0.05491088779079451,-1.4368033982926494
0,2501.0,250,15,0.046771892214037526,1.564057394565204,-0.5491980410281047,2.0626127196720403,1.0742225223270343,0.5430819992150968,0.035205337478948044,-0.06140042221522565,4020102,0.07737401217774323,-2.703062046328869
0,2501.0,250,22,0.0967849436213019,1.2677328994740404,-0.09460482896061934,2.560278425776944,0.6045334927111343,0.2876268263757852,0.031072677808006217,0.17696830722582174,4020103,0.05075139266744397,-0.6932121218350358
0,2501.0,250,21,0.07262956690711718,1.0537426943504755,-0.1274728730877635,1.2955567931877554,0.5402342491506936,-0.3359691819397457,0.03169937815779246,0.2589132154745129,4020104,0.0450187848166861,-0.7416349241484429
0,2501.0,250,10,0.13801100005963055,0.1139371640960682,0.5860668624368432,0.4991155677744666,-0.4209561073139078,-0.8809206284569867,0.033352046177541714,0.024683649261245017,4020105,0.09418318435030444,-2.6648737337009387
0,2501.0,250,18,0.11000210727919013,1.8177255170267543,-0.3236916187854247,4.140633943503563,1.0070229865438045,-0.8215446257946853,0.03714859437751005,-0.11855897865188525,4020106,0.052921362870838186,-1.555482969629854
0,2501.0,250,20,0.18325764060066246,1.9542167307204492,0.03512944810598033,1.5937628627828788,0.7820645596479452,-0.2203194944787188,0.02541708050841358,0.9894946389143016,4020107,0.04890529861381008,-0.9173989080047074
0,2501.0,250,27,0.03418836452715631,3.1611701040037103,-1.456617727763546,1.9367962144972728,2.5033127205375925,-2.0974715945977143,0.03135323552273611,0.23042039274247705,4020108,0.056807876667962165,-1.458234814223845
0,2501.0,250,12,0.16409121499474716,0.8429426161773671,0.3889634648194953,1.0503113355891736,0.027812265394687702,0.03953603075383277,0.03808513624390033,-0.17599471104407502,4020109,0.07671546400656389,-2.7465234454783656
0,2501.0,250,15,0.15219149767074971,0.7301850649412193,0.4347077041843254,1.2557322782832965,-0.049905072575655816,-0.4602920395039866,0.030956082394092494,0.4928741606443742,4020110,0.04006347972535302,-0.17301586618901826
0,2501.0,250,21,0.09190740630596317,0.2030301921775584,0.4262252594055349,1.2200068614552078,-0.2566097358603516,-1.0956646725615409,0.035715442414820574,0.04907663136063423,4020111,0.04100272055965799,-0.13456088615988593
0,2501.0,250,23,0.08288865792721427,2.1947273206559563,-0.6568765639494353,1.5664956315229717,1.4440611950339193,-1.9477653591241624,0.034125750313080266,0.31124534229402234,4020112,0.04271926415338775,-0.5739677073617273
0,2501.0,250,17,0.08530769287034191,1.238765359236706,-0.16790731622550725,3.072988727260523,0.6421614455264605,-1.6187954659433672,0.023992745174245367,1.2009734717735303,4020113,0.038881331778727816,-0.18675375395904525
0,2501.0,250,16,0.11098622557654708,1.2239929782449366,-0.027073761416283062,3.8232926983418887,0.5215515353874801,-0.5928903682049141,0.030598822087356876,0.4762271116093957,4020114,0.0509781059722762,-2.160515229856653
0,2501.0,250,19,0.14028942433420394,1.1299456678101067,0.20832073298557152,1.3835673842823155,0.3003207471694496,2.384458276296461,0.02780014065478504,0.5461701659048942,4020115,0.040047285917865015,-0.4744395141692678
0,2501.0,250,14,0.17553182096308906,1.2630112458634473,0.2710066652965999,1.3085548610250142,0.2950883084217285,0.7478772545717276,0.031739862676512486,0.18644142774669564,4020116,0.04780411970462495,-0.945455586171598
0,2501.0,250,14,-0.1069114473857407,0.23897884473300315,-0.676819349819982,-0.4568170240057494,0.6364188212327155,-2.4338026261574925,0.028248477782096125,0.4073699363317459,4020117,0.04806322062443322,-1.0122506907748328
0,2501.0,250,28,0.1293904731796612,0.6973615145294051,0.4280040716599001,1.7837010922029082,-0.04805113379864142,-0.9428900137969624,0.03487930215485598,-0.02458214555325041,4020118,0.049148205726130316,-1.183153626727176
0,2501.0,250,13,0.13220863471973507,0.16048182527214508,0.5906059361683599,0.7175602650368548,-0.4060292304630028,-1.2721674407506367,0.0340688266261527,-0.05360086610707182,4020119,0.07160901671200932,-2.872727341911826
0,2501.0,250,13,0.2714626452972918,2.5908173422676537,0.07003026301411243,1.3920527116908938,0.9874597693749498,-2.3970717900180203,0.03276547048408688,0.1368144549362032,4020120,0.04835470915921751,-1.0519652130610115
0,2501.0,250,11,0.008009910945391125,1.3819383909062517,-0.6527269774486121,0.7442288251335046,1.0695355767980643,0.2523487190495645,0.028634700090685326,0.4845193363472014,4020121,0.0813576888197953,-2.7914529141086724
0,2501.0,250,24,0.08996170678220561,2.051693685636107,-0.5379039157535599,2.209892785443376,1.2913971895645613,-0.6332035598380023,0.028605461271609737,0.4600042024982025,4020122,0.05255430323444315,-1.8551838297653749
0,2501.0,250,23,0.10080577816177028,1.6408858832402022,-0.26172935220066273,0.8124263393230501,0.8959689275119249,-2.6509108453195185,0.030399825106879125,0.3585330785007016,4020123,0.04155978753724576,-0.6207322295508246
0,2501.0,250,16,0.12726884425047308,0.6521596138428384,0.3534038127754001,1.208770375232292,-0.015751940120093944,-0.5928903682049141,0.029961782614328282,0.5190821748019976,4020124,0.03758582717968648,-0.1151504203685504
0,2501.0,250,17,0.08373881576008277,0.673628559122395,0.11366724826053955,1.1749302154029568,0.1854838699854787,1.0994680023857826,0.027835355759957388,0.4200442262067241,4020125,0.06409509003756964,-1.704944700053657
0,2501.0,250,15,0.10906416848637744,-0.3363088570810597,0.7496304939324449,-3.1232848154354443e-06,-0.7348691172831259,0.5430819992150973,0.03413249773286695,0.17662626651960292,4020126,0.052662261951029916,-0.8448531935003022
0,2501.0,250,20,-0.036124141470788636,0.5754404169883438,-0.5048591595181781,0.11937728913689008,0.6423616542434932,-1.0119084632668656,0.029135358638856492,0.776457265897073,4020127,0.08034071770954787,-2.496893125393726
0,2501.0,250,19,0.10720926359482807,-0.4777993334536564,0.8523961961852515,2.210032626821489e-06,-0.8788909804998948,0.73179262801433,0.034185127607203006,0.06731878262321908,4020128,0.08670164529084079,-2.4330573910123827
0,2501.0,250,19,0.13854989766782666,1.5950017989098348,-0.04184815458887703,3.6792798334098387,0.6924772054408826,-2.573538668549931,0.027092239927451744,0.6131374280823195,4020129,0.050233190827827436,-0.7871255108529472
0,2501.0,250,24,0.1646811136656145,0.6392605187522756,0.6470906554381357,1.10672775684354,-0.2502319876644527,0.044751291257059546,0.029289199809992655,0.41407887696259865,4020130,0.08690676685235565,-3.002740720481892
0,2501.0,250,16,0.08181899910580348,-0.5015720184970037,0.6983348767239815,1.2794872113393594e-06,-0.7623538624823626,-0.5928903682049141,0.030488891048063217,0.34244789975015555,4020131,0.058330094571835724,-1.6991616946575363
0,2501.0,250,15,0.04582976027439617,-0.1453695982430477,0.3170655497211053,-3.1232848154354443e-06,-0.3120922667220559,0.543081999215097,0.03907192043608677,-0.1003465234924568,4020132,0.04278403938333981,-0.5243033379390228
0,2501.0,250,8,0.04209809593026018,0.9579140839915482,-0.289840272159304,1.5501768099363853,0.6032664874974211,-0.5065713299685084,0.03192204301075269,0.19199300298272487,4020133,0.0442414820572613,-1.1881672402954615
0,2501.0,250,18,-0.08451506692061049,-0.5286842505230144,-0.198434946143126,-1.2376954114323977,-0.05908699511170741,2.6357962353207203,0.0469221800352776,-0.8740378152118873,4020134,0.046994429330224116,-0.7906371260284466
0,2501.0,250,14,0.1077635436040081,0.6222456216908853,0.2441127096097528,1.7387387747906953,0.057191284341343365,-1.3732426659144188,0.026517359761627158,0.6639649070819379,4020135,0.06234615882886384,-2.0341720744127527
0,2501.0,250,22,0.07289186629251425,1.042738593976466,-0.11709041004455713,1.3910971285403673,0.5286813240412052,-1.172994251653622,0.030797922874292862,0.266370771734087,4020136,0.06421384462581509,-1.7783416465163933
0,2501.0,250,30,0.16777356865872842,3.4615543480932955,-0.7876396854175602,1.6720349318527108,2.1033725262489678,-2.745392360385763,0.03070345899727944,0.4294997461429476,4020137,0.050524679362611735,-0.9623303801444856
0,2501.0,250,18,0.08238857866820172,1.1755209808488036,-0.14665837295152373,0.6966197484273186,0.6011580605516255,1.7714610200418692,0.02999740899080192,0.6576299931581391,4020138,0.04450058297706957,-0.5382807157273373
0,2501.0,250,19,0.1608916396007953,0.7779079730916966,0.5066079932207777,1.1000919694619122,-0.0836086525368484,-0.9208730202678004,0.030438960141641838,0.6407346685702725,4020139,0.04279483525499849,-0.3985479385533289
0,2501.0,250,21,0.012147319184441176,1.5774871389372225,-0.7496252768300616,1.3881905060775106,1.2558712038421418,-1.8553601631833363,0.028355356911517037,0.5375268184540314,4020140,0.04532322839746082,-0.46230218246034493
0,2501.0,250,14,0.1843590052242032,1.895973874665868,-0.0044012770553962495,1.5389987017163835,0.7708823565824983,-0.3126827056713456,0.04126182147946625,-0.3129827802441838,4020141,0.05288897525586216,-1.5651194033932514
0,2501.0,250,16,-0.001206119901772254,1.4848544750487398,-0.7662251719006441,1.0381996099300663,1.2181717390978817,-0.5928903682049141,0.02972535302500324,0.5558659637292636,4020142,0.04226583754372328,-0.45842577673221097
0,2501.0,250,20,0.013599568317869622,0.945128360773227,-0.4121081441324991,4.3246477924132884,0.7214387705101639,-0.2203194944787188,0.05548268342185949,-1.2935790149785051,4020143,0.04640335535691152,-1.1333932677805274
0,2501.0,250,12,-0.16773247719415438,-1.2869411607770669,-0.18372893815178776,-1.6487578140804708,-0.3690571111857752,4.831110636034311,0.03967842696952685,-0.287108377079904,4020144,0.06218422075398367,-1.574562040644773
0,2501.0,250,33,-0.004205849915783275,1.2734237655614429,-0.7042876975579855,1.0742761993002479,1.1097460923558564,-1.2362480586115812,0.03509198082653193,0.20060216730628727,4020145,0.04205531804637906,-0.6151802787103957
0,2501.0,250,20,0.04267037435600048,0.7240175336360659,-0.13124499265335168,4.065184868953796,0.4051303054434805,0.5712694743094276,0.030671071382303405,0.5283127061755216,4020146,0.0533531977371853,-1.2929364112906268
0,2501.0,250,22,0.14044814163796288,1.3484952729772886,0.11865971985180185,1.3727208527343648,0.4675102202751333,-0.4426837126389184,0.02989965728014698,0.34190167952061273,4020147,0.03939953361834435,-0.09777143314322607
0,2501.0,250,20,0.13885389753702834,1.741040867704153,-0.10832088580916488,2.238057798822376,0.8084235984035019,-1.0119084632668656,0.033225644513538016,0.21850197783309594,4020148,0.046265707993263384,-1.124922440787874
0,2501.0,250,19,0.1768486384063344,1.81753422403274,0.059437795505708685,1.0110979808537672,0.7034466168610626,-1.7472058444088658,0.0339875631558492,0.13250155642470554,4020149,0.03570734551107657,0.2259647598373317
0,2501.0,250,16,0.14966324358049524,2.001652090330392,-0.21615427384986585,1.8864885766973232,0.9901301477487368,-1.5450791905361418,0.033429416591095565,0.12311628597716012,4020150,0.060575635876840686,-1.7067028968110258
0,2501.0,250,13,0.11771529009793053,0.07858517449495989,0.5583541684507525,0.6125025930319391,-0.4133059354229921,-1.272167440750637,0.03353089778468714,0.0293790055921545,4020151,0.07656432180334241,-1.7695746300807382
0,2501.0,250,22,0.13323923976277385,1.2904458505348024,0.10675055401397944,1.4737528718681034,0.4528291553712762,-1.9033047906683256,0.029173144189661875,0.5278772954770202,4020152,0.03316491773545796,0.12288773648161985
0,2501.0,250,15,0.18577354272980814,1.5858495503940908,0.17663433544776172,1.454087393911002,0.5039653750586143,-0.4602920395039864,0.03171494912653094,0.4527028351166525,4020153,0.10066070734551108,-3.03922142301323
0,2501.0,250,14,0.11059942633042938,-0.5089842616861358,0.833029806132475,1.551339111253063e-05,-0.8702623312763896,-0.3126827056713457,0.03743036662780153,-0.21471705262427812,4020154,0.06927710843373494,-2.103690090281245
0,2501.0,250,7,0.06389786369308882,1.2683945607135692,-0.3586180369937545,0.9737528208091,0.7742807988438756,1.5276143141084952,0.03296411452260655,0.09502716537613126,4020155,0.07141469102215313,-1.7667130666873854
0,2501.0,250,12,0.11126947150119997,0.3422326915613105,0.3790931283822219,0.5779289815148889,-0.16484277178029413,1.2374296820739523,0.035801269594507065,-0.06715524805196556,4020156,0.05316966791898778,-0.9547780792199592
0,2501.0,250,13,0.015586096795670787,1.8330384027949072,-0.8470631794972664,3.835631757427668,1.4131470095343244,0.9776412577841304,0.02949791999539376,0.10728121726770268,4020157,0.04064645679492162,-0.5998804977383921
0,2501.0,250,15,0.061771624410959174,1.2310500429196418,-0.2999478338762826,3.702773655903681,0.7399338497903744,-1.4636660782230697,0.03351470397719912,0.13390766932278622,4020158,0.04979595802565099,-0.946172147441625
0,2501.0,250,18,0.1633389527212479,1.1098453893906677,0.338130016823952,1.579081265064922,0.186718523446936,-1.6858798410735365,0.03129939111283845,0.4218816312591444,4020159,0.04100272055965799,-0.3258104766626356
0,2501.0,250,9,0.10536635773879748,-0.3929670130627657,0.6664659934615667,1.1085547122109732e-08,-0.6838034483918103,0.782811739448983,0.03030555401328818,0.2324344757030163,4020160,0.06713952584531675,-1.6485598104511183
0,2501.0,250,21,0.1326820538788635,0.8571127546733934,0.32217375221793393,1.0246749537376092,0.09867102178788513,2.7028127805474353,0.03382076693872263,0.057683720056947135,4020161,0.05476745692447208,-1.5144625272863863
0,2501.0,250,15,0.008355222727872069,1.0136765122181872,-0.4723527398515013,0.15701624827347202,0.7890939486928245,0.543081999215097,0.03413294756085273,-0.07593558033440775,4020162,0.0897460810985879,-3.0107637462137267
0,2501.0,250,26,0.08772022084512647,2.2304821385839437,-0.6410152335741792,2.2677251292152163,1.453914038924915,-1.4310221514132813,0.03056465493309645,0.32827631621979153,4020163,0.04707000043183487,-0.5243605576682991
0,2501.0,250,22,0.11131146630947276,0.7127907449925379,0.27953127521959364,1.3920829123409637,0.07356831202163107,-1.9033047906683256,0.034509003756963336,0.15469228933993015,4020164,0.054071123202487366,-1.0220561314324506
0,2501.0,250,19,0.14792779282455334,2.4227948095674554,-0.4166967263287956,3.7899630363646666,1.3341877735214096,-0.0945401961267354,0.026563732937615558,0.5588480381166406,4020165,0.05234918167292827,-1.6604295734221193
0,2501.0,250,15,0.21422344801239926,3.228804020540857,-0.5099127908435295,1.5009378707000804,1.7198584879125447,-1.4636660782230702,0.025809690374400833,0.806919478718236,4020166,0.04334542470959105,-0.4586162003264358
0,2501.0,250,13,0.11883679890795112,0.6895934613612855,0.2553044326036525,1.2470799850410246,0.07423329689629163,-1.272167440750637,0.03658622760838074,-0.08073155863202205,4020167,0.041045904046292686,-0.3753447044011831
0,2501.0,250,20,0.0056703284850778655,1.4767963894484466,-0.7330324576009983,2.9392554077970954,1.198537371985745,0.5712694743094278,0.02945113788487282,0.04321931992734723,4020168,0.057196528047674576,-1.8733548898762131
0,2501.0,250,15,0.016598877199733957,0.726123213410983,-0.2820879146162939,0.4811579204766625,0.5203520746927645,-0.4602920395039864,0.027727397043370614,0.6132115670004727,4020169,0.060710584272574177,-1.5984130092032012
0,2501.0,250,17,0.12178408568386745,1.4300554181431675,-0.06594733829062761,2.4436891476979503,0.6391766247712904,-1.618795465943367,0.02798289933929265,0.6871174452367049,4020170,0.037602020987174516,-0.2809192176734511
0,2501.0,250,14,0.2163392414160524,0.7520683830893146,0.7423859336213714,0.8598094377537457,-0.2875870114273307,-0.3126827056713453,0.03373864120074769,0.2322408502401267,4020171,0.033553569115170365,0.05135017172857298
0,2501.0,250,25,0.09140814384846636,1.4296718994559183,-0.20049463789011066,2.6666198987348118,0.7617968817423607,-0.7186113859275951,0.03031696679189878,0.11921402060459944,4020172,0.03936714600336831,-0.4143318388947185
0,2501.0,250,18,-0.006307554526468282,0.3974665531642138,-0.2399105708136029,0.3938007641079673,0.3553525419929821,-0.821544625794685,0.02871054108908753,0.41616641600275395,4020173,0.06188625469620417,-1.4600254117217122
0,2501.0,250,15,0.06547816980507452,1.7902960774159842,-0.5653327610955464,2.412897262446576,1.1790973999855945,-1.4636660782230697,0.030417368398324474,0.4323143269828405,4020174,0.03813101869844971,-0.15057731042071346
0,2501.0,250,17,0.033807122730098484,1.0799925725564683,-0.3690170571925017,2.7146499425072013,0.7376757096918942,-0.712707643166984,0.03295034978624173,-0.10598956641253553,4020175,0.030590102344863326,0.5261631544068547
0,2501.0,250,13,0.08575228901234366,0.035359934278934434,0.4178051286122999,0.4307350108854663,-0.3187087709431309,0.9776412577841304,0.029677851189705062,0.5201797543203504,4020176,0.09583495271408213,-3.1776823744172797
0,2501.0,250,11,0.09759083805688107,-1.20805641473191,1.0740362242123378,-0.6679321318467292,-1.3355880988996582,-1.029123745469293,0.036099235652286565,0.06710262986454299,4020177,0.0520468972664853,-0.8179607902019581
0,2501.0,250,22,0.12342108338055592,0.44051689777240577,0.492233378828175,1.4889744166296373,-0.21026560945294212,-0.44268371263891854,0.027173208964891827,0.5298907173923396,4020178,0.03199896359632077,0.3284759459775172
0,2501.0,250,13,0.07062629839514288,-0.1129648030509722,0.4159058172631317,-7.123906620505881e-06,-0.37692241062304543,0.9776412577841304,0.04119206353951787,-0.15435386507547555,4020179,0.0994299779764218,-3.125336710000408
0,2501.0,250,19,0.16399168991685315,0.984006662691924,0.4176020384302633,1.4831970237090295,0.07270546020071562,-1.7472058444088658,0.027853348879388524,0.3832878517444676,4020180,0.04441961393962949,-0.4685771752495802
0,2501.0,250,17,0.2339479040874652,2.124067745693014,0.19325014263457554,1.4118328923310952,0.7167819644057057,-1.618795465943367,0.032679103510817466,0.22904486783604835,4020181,0.054994170229304314,-1.5398317477858607
0,2501.0,250,11,-0.05223557308832009,0.19145561784399376,-0.3471972123323805,-0.18947320854803945,0.3525055201590503,1.533821183568422,0.03601502785334889,0.044489849547807665,4020182,0.07185192382432957,-2.008136880609107
0,2501.0,250,13,-0.08385435102615497,-0.004106589396566963,-0.4239550512517794,-0.22336085856731686,0.3361946754559068,-0.14726309148325334,0.03387204732910135,0.17425449838404725,4020183,0.05270544543766464,-1.0220703181239272
0,2501.0,250,17,0.07495746193460441,0.3756166381019347,0.21849723290462555,3.24446780846374,-0.02046876212123864,-0.712707643166984,0.03850887420650343,-0.27499169212426194,4020184,0.040403549682601375,-0.4463534546061149
0,2501.0,250,19,0.0829239164480301,-0.30849734407060203,0.6277477457790405,2.210032626821489e-06,-0.6293368706908007,-0.9208730202678008,0.03200706050006478,0.2485581902084881,4020185,0.04265448892343568,-0.4409626216485554
0,2501.0,250,20,0.1639416435661289,1.9748171183419239,-0.08601634942022675,2.3439373158965275,0.8875007146701728,-2.5950864008431593,0.03639963078118927,-0.09775403264873607,4020186,0.04382044306257287,-0.5335657402296327
0,2501.0,250,15,0.05549900912861015,1.4764696913298712,-0.4582882588151163,3.096445547644729,0.9660703047416443,0.5430819992150971,0.04126506024096386,-0.2851491569001899,4020187,0.049334434512242516,-1.0734031108663966
0,2501.0,250,22,0.03769201943326777,1.6605871759310098,-0.6449085526391332,1.3891464566536442,1.2089039979199236,-1.9033047906683256,0.03375869067668524,0.31789833857668004,4020188,0.032436196398497215,-0.05340715402413175
0,2501.0,250,13,0.08927497694125451,0.4958027104931181,0.20303684528327148,1.119110478571512,0.037849772096344936,0.9776412577841304,0.03292201062313771,0.23630501518981875,4020189,0.04181241093405881,-0.6913483355075828
0,2501.0,250,8,0.09761391167893,-0.30933054083195904,0.5699676348025443,9.120471661981978e-07,-0.5729320943920064,1.1205475573559285,0.031534741114997634,0.19580720200223448,4020190,0.07345511076564322,-2.0919567567673987
0,2501.0,250,15,0.11826235137077075,1.8149895557664684,-0.2980747604672313,2.951682909244834,0.9759023245221348,0.5430819992150969,0.032970592045601765,-0.029526603385239988,4020191,0.03376408861251458,0.005784755095100968
0,2501.0,250,26,0.0037587328330615415,1.6676819671661025,-0.8541106950951715,0.4866213542402673,1.3875160761400411,-2.6963925660757844,0.03147192877080168,0.1574858905427751,4020192,0.0640627024225936,-1.9874086795508663
0,2501.0,250,19,0.06856067391783105,1.8232156770244248,-0.5550559136430465,2.1461872051827453,1.19707013076916,1.5581254521553949,0.03145917001338688,0.10242544426555948,4020193,0.07245109470138618,-1.9980583241251535
0,2501.0,250,13,0.1042859410138378,2.2879876702190947,-0.6263047603747072,1.6820332688794302,1.4204237144943137,-1.2721674407506367,0.03006650256941745,0.3954901759824612,4020194,0.057002202357818374,-1.334269700329188
0,2501.0,250,12,0.10658115107277864,0.8868172752136703,0.08201535522115291,1.534293816778952,0.28982311595266363,0.03953603075383303,0.034066373018957555,0.12913436999347136,4020195,0.025100401606425703,0.8380139647089282
0,2501.0,250,17,0.05159862495963465,0.7638734507081554,-0.10905723073516548,1.157269366982623,0.4003909643577054,-1.6187954659433672,0.03046594982078853,0.3908106467774109,4020196,0.07351178909185127,-2.186813918234904
0,2501.0,250,17,0.02677986067372931,1.5373303941088214,-0.6424150921476321,3.2468278222132962,1.1436113323949892,-0.712707643166984,0.0236969382907976,0.8890321617445923,4020197,0.03523772509392408,-0.07195441488513529
0,2501.0,250,19,0.12597477193435064,0.8957582994005218,0.24850856119297346,1.8552945898735131,0.17143016298233538,-0.09454019612673527,0.03764935673213948,-0.1086347509459318,4020198,0.053013127779936935,-1.2346870989311516
0,2501.0,250,21,0.01285774001761065,1.1482012180036918,-0.5223916025135158,0.7844593902599726,0.8955150067989304,-1.8553601631833363,0.02692220494882757,0.9642632049684364,4020199,0.03620935354320508,0.17688735098668265
0,2501.0,250,11,0.062350652936025576,1.6896976414212217,-0.54511706691728,2.730371864202127,1.106411408282357,-1.029123745469293,0.03111010349642297,0.2816337578336646,4020200,0.06868603446042232,-1.8791205655946004
0,2501.0,250,14,0.0486094264514744,1.4439112564314953,-0.4803118742483053,3.6418597723018906,0.9674059851706426,-0.3126827056713456,0.02657079932633761,0.5168061374112873,4020201,0.05457313123461588,-1.1323508826700779
0,2501.0,250,16,0.08229448868246371,0.3804684032043281,0.24961301162083974,1.144305717030724,-0.043866656861769264,-1.5450791905361414,0.032031351211296806,0.23893776484313145,4020202,0.04616854514833528,-1.0438256951340676
0,2501.0,250,14,0.08228054107644801,1.1136639589318686,-0.13772957569842195,1.2212097780088094,0.5605675961636074,0.7478772545717278,0.03610895193677937,0.18937408183304946,4020203,0.039917735457960866,-0.3057548433663047
0,2501.0,250,13,0.090928483520131,0.28726622550443354,0.3168129001421021,0.9774835301288286,-0.13679114694339842,-0.14726309148325334,0.03199896359632076,0.21927479877191164,4020204,0.1049682601373235,-3.5066506432957625
0,2501.0,250,17,0.08808591275309252,0.0964396992930827,0.4338972156112101,0.9202961526050908,-0.30701155461754104,-0.7127076431669839,0.030658116336313,0.2335043741007859,4020205,0.04220106231377122,-0.2823862471103881
0,2501.0,250,11,0.0773949087501256,-0.18329016117771332,0.4642124058711442,1.749454741305179e-05,-0.4423735140579143,2.8152936480872786,0.030310180815427606,0.4162120279781339,4020206,0.043690892602668736,-0.5159371453728556
0,2501.0,250,15,0.1616004205942733,1.355355594511635,0.16595453092246945,1.2052973108973233,0.4187545369610343,-0.4602920395039865,0.03117307941443192,0.5374534027323558,4020207,0.06305868635833657,-1.7472192528540549
0,2501.0,250,15,0.08398610382987122,1.3627056115663485,-0.2492762690208958,2.8873972226572615,0.7530432094976944,-1.4636660782230697,0.028957766550071245,0.4654319530191636,4020208,0.06664291574901758,-2.0091151718673883
0,2501.0,250,24,0.10549477344614007,3.0113945929211963,-0.947785104229856,2.773311687029681,2.022243614324983,-2.667068113123186,0.028248477782096125,0.4880417389004862,4020209,0.04495400958673403,-0.5795732310604567
0,2501.0,250,9,0.21599680518003486,1.324833666407868,0.3133000278010253,1.1251794013043916,0.2713056166927615,-2.2007292414680384,0.032879906723668875,0.2742085158154359,4020210,0.032468584013473245,0.3354955744842517
0,2501.0,250,23,0.13921330708562213,1.4683356752543342,0.0552711376451002,1.6326825894781776,0.5699485270031522,-1.9477653591241624,0.026926253400699568,0.7922945783922997,4020211,0.02973183054799845,0.3426879868011513
0,2501.0,250,14,0.189418326520166,0.4907532237285394,0.7351392664620215,0.9112067251265394,-0.38757271720024616,-2.4338026261574925,0.029935872522347456,0.4534710829814406,4020212,0.0441443192123332,-0.3051413187960674
0,2501.0,250,26,0.06724112113178557,1.3552320291134543,-0.3049492506708821,0.6841201284243745,0.8156368482832279,-2.0637073587445327,0.03015286954268688,0.3573522137047056,4020213,0.06278878956686962,-1.8069963810620824
0,2501.0,250,30,0.03829163462011168,1.4552382858360189,-0.5320988658115682,1.1139591413134953,1.045534965405998,-2.187100786286205,0.029431088408935283,0.4826808725381082,4020214,0.04519691669905428,-0.6510340139984865
0,2501.0,250,13,0.044443381176585216,-0.4433704435651063,0.4498377450203879,-0.6351077151874385,-0.5370099197428101,2.1025456070515136,0.029057579290770123,0.38514521076912217,4020215,0.04396618732996502,-0.5903328668292256
0,2501.0,250,17,0.1377561262647003,2.796304854240877,-0.6798298150285886,2.359724540475123,1.6898335305910652,-1.618795465943367,0.03173266542874005,0.3679785422565916,4020216,0.04534266096644643,-0.7369256812210664
0,2501.0,250,8,0.11179835834410587,1.6410687705636202,-0.3265839804994325,1.8125368280889382,0.8985890751579697,-0.5065713299685085,0.02464697499676124,0.7117710093652728,4020217,0.05764995465733904,-2.251020314600349
0,2501.0,250,18,0.10520466759863517,1.0315900757631715,0.054596408779968776,1.2772280914463834,0.3810763753305146,-2.550215056352388,0.0313512112968001,0.2882058800849648,4020218,0.035993436110031515,0.0338867951391774
0,2501.0,250,10,0.12153518028825745,1.0607945183561818,0.03840776893238268,1.4034705794118842,0.3889828661051977,0.4973207385797263,0.0361985576715464,0.006000420672257968,4020219,0.06862935613421428,-2.277435148538011
0,2501.0,250,15,0.2451650443458839,2.5918670162995183,-0.02123779670315411,1.6013829495149465,1.0709451824002043,-1.4636660782230697,0.03597675158110448,0.0018317179975591157,4020220,0.043334628837932376,-0.6254876645259452
0,2501.0,250,20,0.0728660260448297,0.7348263789930123,0.03584129501201019,1.061124226938314,0.27597101554125136,-1.0119084632668656,0.028706222740424062,0.2453952874142552,4020221,0.04019303018525715,-0.5352713030070952
0,2501.0,250,29,0.06824471160841758,2.230051078861897,-0.7564724416348853,2.3911409251265536,1.552907214947702,-2.1589937855504435,0.033731700997538534,0.2570141272450977,4020222,0.05573908537375308,-1.3336810747027448
0,2501.0,250,13,0.12690303534925304,1.5478457852826528,-0.13739645144601534,1.2970395790219342,0.7327750957753238,-2.3970717900180203,0.029015254566653707,0.636288748356582,4020223,0.03700285011011789,-0.04491140298194314
0,2501.0,250,15,0.060792303052647725,0.5731590426889892,0.03017313923475308,0.5813707794270692,0.20900478164391434,-1.4636660782230697,0.028346360351801474,0.652958672630603,4020224,0.07549553050913331,-2.3470243011643936
0,2501.0,250,17,0.1693842530083277,1.23684401638359,0.29449261889215345,1.3536323717750773,0.2720436718854032,-0.712707643166984,0.032410286306516385,0.19195118220430654,4020225,0.07203005570669775,-2.1731332470013167
0,2501.0,250,22,0.18709692894632046,0.16430113342602512,1.0085580759529842,0.7939900218326772,-0.7387839459918025,-1.9033047906683256,0.036840912035237726,0.07286149975325691,4020226,0.0612287861121907,-1.8001970451888667
0,2501.0,250,23,0.1433849113507596,0.9073780666529891,0.3729442887938639,1.8191792101117323,0.08091792623999361,-0.5414743867334509,0.0365137971239798,-0.1231840908348627,4020227,0.041529019303018534,-0.68930007025018
0,2501.0,250,22,0.08055236990930442,0.1999660979016028,0.3668814607898228,0.7556947923879787,-0.21026560945294212,-0.4426837126389184,0.027318953232283973,0.6937744126075841,4020228,0.03664658634538152,-0.1749499804987634
0,2501.0,250,17,0.07901039446944055,0.5646651303464272,0.1436677871427129,0.9382315527628317,0.11683299261657293,1.099468002385782,0.02703903170284826,0.6645101084438954,4020229,0.04383663687006088,-0.3980072499459237
0,2501.0,250,15,0.05179246373449475,1.1348228459533294,-0.30380899397388844,1.6752963319993643,0.7038831105952446,0.5430819992150967,0.029271926415338774,0.22611011373089454,4020230,0.030088094312734813,0.4507151731967277
0,2501.0,250,16,0.1019403263132548,0.6906142756796366,0.19698977628957268,1.0863419191060593,0.12482164358828304,0.3592984541263132,0.02916651945023495,0.3819882672506219,4020231,0.040419743490089394,-0.4447974509618549
0,2501.0,250,13,0.09726932179217053,0.3869083553335156,0.2986781292793704,0.4291019498917293,-0.08221585974347842,0.9776412577841302,0.02750356263764736,0.5953872294687235,4020232,0.059560823940925,-1.575308817551138
0,2501.0,250,11,0.1470537496641042,1.1811434926103972,0.11697736442458785,1.40434214955389,0.3770894078152453,0.2523487190495646,0.027196342975588983,0.4827902862252954,4020233,0.045763699961134864,-0.6957636225247069
0,2501.0,250,11,0.032022528587236844,1.2452891664969958,-0.4687912624332387,2.0716829285997544,0.8687671609391409,1.5338211835684223,0.02883037526449885,0.3749368847207888,4020234,0.03672755538282161,-0.01657517171752533
0,2501.0,250,18,0.1404714993402732,1.6804593654083326,-0.08323600518187088,1.9820470540711683,0.7583592642809905,-1.6858798410735365,0.0255862158310662,0.7394714528353976,4020235,0.035507621885391034,-0.06610938301856463
0,2501.0,250,25,0.0911732746816805,0.8158556460341662,0.12018169364245185,1.183478178537536,0.2467423824817061,-0.06408293727392282,0.029443040981128814,0.3660010695710527,4020236,0.054762058988642746,-1.2629201973696575
0,2501.0,250,18,0.024069381523640458,0.933118343285138,-0.3466541498637673,1.5127200302133206,0.6611803383392011,0.042790589484166135,0.03347491347879999,0.2283889761853899,4020237,0.059923565228656564,-1.6121933478554435
0,2501.0,250,14,0.1552146517587752,1.5849444347590802,0.0020325181314249665,1.4481807003884748,0.6398666041904023,-2.4338026261574925,0.027112032358825984,0.826306544173219,4020238,0.0354482445912683,-0.004853310233567845
0,2501.0,250,18,0.16415051103980002,0.6629736694142092,0.5728771881220488,1.2156518395980689,-0.18484795809519952,-0.8215446257946851,0.026064832807934243,0.3746177010040293,4020239,0.060742971887550186,-1.7184834076282782
0,2501.0,250,17,0.113460321015548,-0.5466861539045352,0.9033824797922242,2.7626589002131874e-06,-0.9457631962238814,1.0994680023857828,0.034428034719523264,0.1680222575035802,4020240,0.038363129939111285,-0.03629499404672097
0,2501.0,250,20,0.0848613063035066,2.129854109626504,-0.6186360233319641,2.302251531741485,1.3777788355235328,-2.5950864008431593,0.02843632594895712,0.7120227697380234,4020241,0.06267003497862418,-1.8471556687925867
0,2501.0,250,12,0.023785412306857625,0.42128405091268456,-0.09402499817774504,0.3817636910037768,0.2435859070306677,0.03953603075383303,0.0401412100012955,-0.14155927198901413,4020242,0.09518720041456147,-3.3988934950949434
0,2501.0,250,13,0.2374723013628216,1.8733000395847503,0.25990661010356025,1.1970224213366298,0.5472191192955966,0.9776412577841308,0.03162110808826705,0.08303916120024356,4020243,0.04767456924472082,-0.9038388802026622
0,2501.0,250,19,0.112233483072577,1.982190165408576,-0.3905725798942126,3.616301689369695,1.1312536622480804,-0.0945401961267356,0.02869791822376353,0.32507072149336136,4020244,0.04481636222308589,-0.9482161224554712
0,2501.0,250,22,0.1352714475999791,0.8912328863325164,0.32666662871528696,1.432007431338475,0.11027097428127394,0.2876268263757853,0.029615235134084726,0.38115410002190186,4020245,0.046751522217903865,-1.1276536046293353
0,2501.0,250,13,0.06417043357848587,0.717458561868439,-0.03651379863057732,2.8098034026619976,0.31800291305593337,-2.3970717900180207,0.02998630466566727,0.2424121558810433,4020246,0.04194196139396295,-0.5126794704245209
0,2501.0,250,16,0.01744234934870708,0.8796141967836473,-0.35588289425504765,1.9261046198348328,0.6433819746014069,-0.5928903682049141,0.03216809891897338,0.4478229391483115,4020247,0.04289199809992659,-0.4888600017391698
0,2501.0,250,10,0.13748135258133154,0.8697669438213582,0.20768061216539366,0.8441554571257224,0.17883653786672715,0.4973207385797263,0.03650893898173339,0.0019293435577281378,4020248,0.0571317528177225,-1.3655434207192099
0,2501.0,250,14,0.11993254272113975,0.2586055929129233,0.4919175951924834,1.551339111253063e-05,-0.2875870114273307,2.8689971750578738,0.02967630892232525,0.40621468013297896,4020249,0.07769788832750357,-2.6591896515902937
