start,end,N,SS,bsfs,ZngE,TajD,FulD,FerL,FayH,btree,Colless,path,iColless,ibtree
0,2501.0,250,19,2.210032626821489e-06,-1.6686886027528505,-1.7652059618311196,3.2107911004375262,1.1749415923954274,0.04651047276693684,-0.2589098098188709,0.03911614198730405,4010000,0.06364166342790517,-1.9864913186021724
0,2501.0,250,17,1.0433462154736413,0.07803032279936516,-0.09403524446357224,2.9116436479385497,-0.14597867121297697,-0.03539778980022233,0.008965072753188284,0.03634815760738808,4010001,0.05860538929913201,-2.0507725083168684
0,2501.0,250,23,-1.5824935755082463,-1.4310607427861983,-2.1893537231200866,5.786834989024753,0.6434485412041304,-0.08468676321391147,-0.2966877649488708,0.036421118718048366,4010002,0.047545018784816685,-1.0871981881974513
0,2501.0,250,15,-3.1232848154354443e-06,-1.432942521697916,-1.5802347697574697,5.559952192810514,0.9905504535545387,0.03492086413118041,-0.038149663956506034,0.03274387874076953,4010003,0.06166601891436715,-1.5780352366846022
0,2501.0,250,18,0.3920541730629661,-0.4563773099913757,-0.5005534369301633,1.7714610200418686,0.3132217510249524,0.009933884734682184,0.3941989138929559,0.031692526931547525,4010004,0.07183573001684156,-2.424688685402866
0,2501.0,250,16,0.6709279396528847,-0.012628082704352195,-0.551254095524021,1.3114872764575407,-0.2662261744521036,-0.10155761519057704,-0.09893860187110384,0.03835503303536728,4010005,0.040646456794921626,-0.333473517642169
0,2501.0,250,21,-0.743787590164101,-1.8883635013447533,-2.0722974650514976,4.981899252412821,1.282905853025568,0.035573665423894126,0.07562576015099462,0.03385431125423353,4010006,0.06312346158828863,-1.376997463531307
0,2501.0,250,21,-5.196424950553218e-07,-1.6295160922010377,-1.6517495677530711,4.222203761791026,1.1779916900846434,0.05521987118067985,0.20190652632262213,0.032382988173893734,4010007,0.05319665759813448,-1.020682935090499
0,2501.0,250,24,0.5057665212520628,-1.4515607983643954,-1.422419242399524,2.0786158445422434,1.0673272172905164,0.05410557358654214,0.6697646449841258,0.028290581681564973,4010008,0.1135833657209483,-3.1825469651254905
0,2501.0,250,22,0.8549427429906024,-1.2403869968735914,-1.2496973890685317,1.0179373653904886,0.8983554972093565,0.04225821482056843,-0.5281340658025264,0.039001165954139126,4010009,0.038929913201191865,-0.4880457254044959
0,2501.0,250,21,0.5870253053957586,-1.1904905845357168,-1.1625910993980058,2.7028127805474353,0.8835596698070245,0.0482735341452449,0.31002020548425085,0.03313947032369108,4010010,0.09641792978365073,-3.0080651364245963
0,2501.0,250,17,-0.493338556615389,-0.023453582876408488,-1.2609890264335026,3.8177314707149317,-0.6181246707806508,-0.2306140402281644,0.20459210621353985,0.03347583883922788,4010011,0.07037828734292008,-2.4886014896431288
0,2501.0,250,19,0.7331259231408614,-1.306698025886912,-1.2009898918344637,3.2107911004375262,1.0137512182812047,0.06960050270722977,0.3806179663273601,0.030793147777213068,4010012,0.07102603964244074,-2.053280338357068
0,2501.0,250,15,-0.809327099532045,-1.8557193722589864,-2.1095971822813597,6.563326231529597,1.2506283394481574,0.03308618614345776,0.4321927881300375,0.0310532452390206,4010013,0.044273869672237336,-0.24907985240343794
0,2501.0,250,21,0.4117251476680237,-1.469639751259331,-1.2957117164534686,3.462508271169229,1.1632377394800129,0.08465409730557844,0.7519625888751568,0.02845791769227447,4010014,0.07134991579220105,-2.015357348068028
0,2501.0,250,15,1.5482415520353283,-0.4956233026245359,-0.4717361450058425,5.559952192810514,0.3807500456288485,0.026466469620188195,0.2459379087650959,0.033437899061684526,4010015,0.04281642699831584,-0.6581707258377699
0,2501.0,250,11,1.749454741305179e-05,-1.6879571553051165,-1.9380325366891575,2.8152936480872786,1.1516801213803995,0.03785880985300261,0.8128349188830569,0.027283326855810336,4010016,0.033845057649954664,0.27327647767054314
0,2501.0,250,16,0.7142357156930642,-0.10321994776086173,-0.10781708412832164,1.3114872764575407,0.0741344002886464,0.0035139839445866065,0.2574237604888342,0.034030129735532,4010017,0.04892149242129809,-0.8287249341986085
0,2501.0,250,12,4.72985831489979e-06,-1.4903094275441708,-1.5280593527616626,6.029004287354431,1.1029952148523603,0.06754306963879021,-0.02875417091202057,0.03581710353960646,4010018,0.03601502785334888,-0.051087135714707695
0,2501.0,250,26,-0.13371373365393818,1.05338439244842,-0.20474101076517195,-0.1656517367507786,-1.421816585812229,-0.2522793778047716,0.22930021899862715,0.034139245152653624,4010019,0.08497862417411581,-2.5159673463541234
0,2501.0,250,19,2.210032626821489e-06,-1.561736841406096,-1.4650712605647824,3.2107911004375254,1.1962772266946795,0.07775392657924397,0.6389752431252009,0.028997711275208362,4010020,0.07999740899080192,-2.198971154990069
0,2501.0,250,22,-9.194991986519129e-07,-0.32282044038251434,-0.8960745735346972,4.669490060464006,-0.06365811567978916,-0.09073013508576032,0.8050999624861751,0.026084175411322717,4010021,0.06950382173856717,-1.909239760405308
0,2501.0,250,16,0.542088355991566,-1.1184736078769175,-1.040916241394981,5.120242565782451,0.8684760331936044,0.062219550702003634,-0.3371146458502261,0.03822735109171176,4010022,0.0420877056613551,-0.5665105620426212
0,2501.0,250,24,1.3292121726491865e-05,-1.8192679058219827,-1.783668437754113,4.112480397827427,1.3372169870537758,0.06764918343637663,-0.054868620049222765,0.0382024375417302,4010023,0.048024355486461966,-0.6602366884793076
0,2501.0,250,16,1.2794872113393594e-06,-1.3558867714732876,-1.5916408415429888,4.168053743451224,0.8840970887737962,0.012919399717060966,-0.0659805903040468,0.035383469361316235,4010024,0.060240963855421686,-1.092334445824107
0,2501.0,250,23,0.3381805681057608,-1.268050542531812,-1.114269689624479,6.489980475220107,1.0014813705329442,0.07100517987690888,0.4654147566541744,0.03199248607332557,4010025,0.08145485166472341,-2.3069145147076098
0,2501.0,250,23,0.7028278543120957,-1.4995722762264476,-1.2783256742269105,1.5679620718526166,1.204908309850987,0.09093617803256568,0.8307935787014162,0.027678455758517944,4010026,0.04705920456017618,-0.9198956310664248
0,2501.0,250,21,-5.196424950553218e-07,-0.4545518722643692,-0.7148039999298147,1.1834217993038445,0.19655585119725305,-0.030241123861338,-0.04772614153291828,0.037648289008568835,4010027,0.04760979401476875,-0.6629774153602864
0,2501.0,250,16,1.2794872113393594e-06,-1.8494562431604775,-2.0489362155576782,2.263676098788768,1.2683938388788727,0.0407645332185541,0.18482829976947926,0.033347098069698135,4010028,0.038087835211815,-0.22482690807303327
0,2501.0,250,18,0.4880631719674052,1.0070229865438045,0.3186003038022239,3.5001314505995715,-1.096033847902712,-0.16728374252281766,0.5965113873984882,0.030653631897316312,4010029,0.054179853052764064,-1.0788754451468936
0,2501.0,250,26,1.1689977540112422,-1.107762202710849,-0.8323037547310428,4.263144714567982,0.9443585651699988,0.08358067830665156,0.4971097546659397,0.0302759424795958,4010030,0.059884700090685326,-1.6364627344287948
0,2501.0,250,24,-0.94499972003191,-1.1272476973769583,-2.1037502541988338,3.4345255467323668,0.3057282811066808,-0.13347724871215405,-0.13107461036784968,0.03899468843114393,4010031,0.09459612644124887,-3.1466331291840244
0,2501.0,250,23,6.669880563534684e-06,-1.7688934766467377,-1.7737015528226296,5.786834989024753,1.2824649779794342,0.0602565060519857,-0.5697415336248045,0.03945736864508726,4010032,0.03928617696592823,-0.5030158390200871
0,2501.0,250,14,0.3385361408474544,-1.3391608135217858,-1.1931945107361248,3.9295571353009486,1.0737782711877242,0.09009586107836952,0.7352068510353788,0.02835682907583413,4010033,0.06401412100012956,-1.7526784546521883
0,2501.0,250,20,-0.6761723839405099,-0.4778974928676778,-1.4218561769342108,3.7376253494620153,-0.13948396147314227,-0.15325560988449444,-0.3824143114817935,0.042855754816501036,4010034,0.08696074621064906,-2.5543688411087624
0,2501.0,250,24,-0.4324692052113571,-1.6525435651735112,-1.733330970737866,6.146344951112613,1.155439127757068,0.04157964741468959,0.0003125639968680154,0.037151538706144224,4010035,0.06247570928876797,-1.4605647842221057
0,2501.0,250,22,-9.194991986519129e-07,-1.6269883726751648,-1.7635075154410291,4.669490060464009,1.1135763771655678,0.03327635795983412,-0.2665846705480633,0.039363907241870714,4010036,0.08249125534395647,-2.4758428980195784
0,2501.0,250,13,-7.123906620505881e-06,-0.6752673139826071,-1.0702087097078694,6.602163004121048,0.3065858390311959,-0.046096887755461724,-0.06621881410559638,0.0385466597573088,4010037,0.09049099624303664,-3.3128463065945697
0,2501.0,250,15,-3.1232848154354443e-06,-1.5771454784784362,-1.6060243032827797,3.5532041153723477,1.158141232259126,0.06405257542272247,-0.11432019389343075,0.03284987457160018,4010038,0.06069439046508615,-1.407783431306972
0,2501.0,250,17,2.7626589002131874e-06,-1.503924677440637,-1.69270894327764,4.723819293491316,1.0137432065321763,0.026344061476435088,0.5801822778115038,0.02695238431732796,4010039,0.06147169322451095,-1.096191374625752
0,2501.0,250,19,0.3192769917969545,-1.5041474314501508,-1.264388535498684,2.384458276296461,1.2279582425126694,0.10172829689182923,0.2036653379358626,0.03597859178650084,4010040,0.055188495919160516,-0.8198627760149866
0,2501.0,250,20,8.838931126173458e-06,-1.5480744663432913,-1.6805563533362362,6.112392255826454,1.0644337095250545,0.03380990984517152,0.3335286351396348,0.030685465877848313,4010041,0.07478300297966058,-2.4024974826095087
0,2501.0,250,18,-1.2138415987711182,-1.310980217538287,-2.151274021727617,6.093137096436125,0.5322170552094946,-0.10341718471979892,-0.17852000339407914,0.037530768234227234,4010042,0.03821738567171914,-0.12973377740348913
0,2501.0,250,13,0.5438055768340061,-1.3010639405416875,-1.3293433019728376,2.102545607051514,0.9609351240379208,0.0569237612675836,0.4565435399082015,0.030273587016688464,4010043,0.06292913589843244,-1.213103741907448
0,2501.0,250,32,-0.3601029452621292,-1.5812141308177723,-1.7869740798242568,5.144047793905561,1.0199637004997908,0.011173660322408362,0.2889859352662075,0.03310284147342057,4010044,0.07669387226324652,-2.0628292396445453
0,2501.0,250,21,-5.196424950553218e-07,-1.7437134785879709,-1.7084490898322495,2.7028127805474353,1.291240629936352,0.06970017729873931,-0.3878859990926528,0.04288120222826791,4010045,0.050200803212851405,-1.0227941170973658
0,2501.0,250,16,1.2794872113393594e-06,-1.5058319274288898,-1.4200785952575743,5.120242565782451,1.1597038489501643,0.08023016808135344,0.24915955680226184,0.035130596829003366,4010046,0.06540678844409897,-1.7539569869208542
0,2501.0,250,16,0.4129227011725246,-1.340267484394579,-1.19317467573209,4.168053743451224,1.0684036313156369,0.08482270155348642,0.34174049753618657,0.02872241654791208,4010047,0.09055577147298872,-2.9264685371072643
0,2501.0,250,19,-0.42494694949256295,-1.9155003597068991,-2.0802345655663124,4.037123924578592,1.3208471455389958,0.0435173207376396,-0.02709724333876177,0.038087835211815003,4010048,0.03423370902966706,0.5206005766203203
0,2501.0,250,16,-0.8492307553123611,-1.9088095340595703,-2.1821049848302185,6.072431388113677,1.2746078259182878,0.029294796844969467,0.23743737175008506,0.035694750327474774,4010049,0.03578831454851665,0.23660565590378274
0,2501.0,250,27,-0.5278239975777155,-2.0172266012869797,-2.1073072291760964,4.025210930445467,1.4056098311937328,0.04835095221436853,-0.15194908728493886,0.039701818024787325,4010050,0.029213628708381918,0.5095383317394675
0,2501.0,250,15,-1.6132030622533169,-0.276041527526926,-2.0796168495581866,5.559952192810514,-0.7139627791506142,-0.334593199774473,-0.6793716059856337,0.048478370961853284,4010051,0.0639655395776655,-2.7919280983123835
0,2501.0,250,13,1.0667410754531392,-0.8790150528623076,-1.0764973316122073,3.2274499563188974,0.5590846728158171,0.002976311841977724,0.14128122168367352,0.035591497503662285,4010052,0.06726907630522089,-2.1666836791698896
0,2501.0,250,20,1.4244761271085316,-1.0604322493654872,-0.9468010653520814,0.5712694743094278,0.8350739999321848,0.06020690245131445,0.2515274376111443,0.03175200803212852,4010053,0.035156756056483995,-0.5657714579636797
0,2501.0,250,16,0.31752960262083885,-1.3496390566418042,-1.0855811628601568,3.215864921119996,1.135192252719122,0.10739106048472576,0.4369418049716073,0.03236910776747543,4010054,0.048127995854385285,-1.1658214512432037
0,2501.0,250,13,-0.4863354125257592,-1.7667730579810033,-2.007574788506226,4.352354305586282,1.202622493219584,0.03703854736683388,0.9374477257591942,0.025312720415713037,4010055,0.059560823940925,-1.2755436136541352
0,2501.0,250,19,0.7042194715570849,-1.4136497872336669,-1.23770694551437,1.5581254521553956,1.1285520235428408,0.08656817622396018,-0.21341328766285927,0.034695968625234073,4010056,0.05628967482834564,-1.0392749715632148
0,2501.0,250,14,1.551339111253063e-05,-1.5736100546444844,-1.5667842104664076,2.8689971750578738,1.1781717866384054,0.07369300887672164,-0.17637165215645814,0.04175303363993608,4010057,0.04265448892343568,-0.4940135358344049
0,2501.0,250,17,-0.6753986803654998,-1.274093479292561,-1.9848986132280515,3.817731470714933,0.5759625477169273,-0.08076448623854976,-0.30161163972842986,0.04101268597965061,4010058,0.05891307164140432,-1.27500883274066
0,2501.0,250,25,-0.4200113987675464,-1.7957913399081862,-1.760999198660571,6.481201549262799,1.3170158105236598,0.06534500599669953,0.025890704662091545,0.04050719005052468,4010059,0.06062961523513408,-1.6430711887295544
0,2501.0,250,24,0.4073373749063146,-1.6434079848640062,-1.5137280531879735,3.4345255467323668,1.2590156707103708,0.07823921509297037,0.3016255991570663,0.035158001733983084,4010060,0.06098587899987045,-1.4140106155595822
0,2501.0,250,20,8.838931126173458e-06,-1.4294587919432848,-1.3270180961434963,5.320803287038308,1.0993801196710802,0.07196246150574415,0.17808322515041178,0.03343697370125663,4010061,0.0639655395776655,-1.805365282880051
0,2501.0,250,15,-3.1232848154354443e-06,-1.8295006528443458,-2.042866764284621,4.556578154091429,1.2517784722431888,0.03971829913961733,0.4786828854789073,0.026626667962171262,4010062,0.041294209094442286,-0.4419559794189863
0,2501.0,250,16,-1.543004202296952,-0.346880826188715,-2.03446600469944,5.12024256578245,-0.6063989208692441,-0.3051367378416436,-0.2312950786226585,0.031934188366368695,4010063,0.06837025521440601,-2.8487306232318605
0,2501.0,250,11,-0.7744833671869048,-1.6838598406957508,-1.9459786952643272,6.6597110416438525,1.1425564485831976,0.035137493954888965,0.4051129162070961,0.03436325948957118,4010064,0.030800621842207537,0.5081449091866659
0,2501.0,250,21,-5.196424950553218e-07,-1.7386380391929956,-1.819016819069735,4.222203761791024,1.2274294764184746,0.048738377406454564,0.4505352682355519,0.032529310791553315,4010065,0.06458090426221014,-1.3786739515940356
0,2501.0,250,20,-1.020931664263095,-2.0225371639433165,-2.2894122541487096,6.112392255826454,1.3420540028767325,0.02717147649678769,0.12906561056521182,0.03321026039642441,4010066,0.05499417022930432,-0.6328500220751315
0,2501.0,250,17,-0.4652466870934036,-1.1039586962478816,-1.5573416058989995,5.629907116267701,0.5824948025706937,-0.03957056711431441,-0.09766838454967584,0.04036380124603988,4010067,0.05298613810079026,-1.1069894502342503
0,2501.0,250,17,2.7626589002131874e-06,-1.3158809698649383,-1.4922779501912014,3.817731470714933,0.8812296155055372,0.020951046409919228,0.3135381612744176,0.03126484432353069,4010068,0.06480761756704237,-1.4666984784304151
0,2501.0,250,24,0.3426458401376241,-0.9422521961094767,-1.0660491438046225,3.4345255467323668,0.6181115764198198,0.010054408668182208,-0.12639055969865912,0.04113689782170155,4010069,0.1016107440514747,-3.1626824776129445
0,2501.0,250,21,-5.196424950553218e-07,-1.4468002739819448,-1.469471465778338,4.981899252412821,1.0443815372317036,0.048501570462064734,-0.10236759630294508,0.035248520965582765,4010070,0.07928488146132917,-2.2947037732940228
0,2501.0,250,15,-0.7099297637353973,-1.8360553326980065,-2.0606615424170847,6.563326231529598,1.2509240878811654,0.03784643173322464,-0.21017066351326202,0.0413242833083486,4010071,0.03378028242000259,0.1352804752730492
0,2501.0,250,19,0.6545341157309774,-1.3286368487272722,-1.3650086609121663,4.037123924578592,0.9564262793086796,0.04444053321420855,-0.3752507814682502,0.04030264980517605,4010072,0.08088267046681348,-2.4110914810707125
0,2501.0,250,15,0.4648932193833578,-1.364118383234486,-1.1375251898786207,1.5464560379341803,1.1299301178438537,0.10377087456233977,-0.03430504603548425,0.03509198082653193,4010073,0.06257287213369607,-1.4421462542458183
0,2501.0,250,18,7.942844380620404e-07,-1.905486588005704,-2.100899593437952,3.5001314505995715,1.3021271159259602,0.039447898015697605,0.06978596008922472,0.03503645920085873,4010074,0.04074361963984972,-0.3602318693727959
0,2501.0,250,22,-9.194991986519129e-07,0.029525117310059582,-0.8247446445835421,3.939179521449304,-0.466662331300555,-0.15328533929273674,-0.4693415963047527,0.04487535395036368,4010075,0.039048667789437316,-0.0677946138138535
0,2501.0,250,25,-1.0170167011851308,-2.0875818716781707,-2.2929073940098395,6.4812015492628,1.4020483906409962,0.033072514548031916,0.7166542792220602,0.026102393444746727,4010076,0.05551237206892085,-0.950768249240835
0,2501.0,250,17,0.34121722418444456,-1.4830309321544484,-1.3028801228825058,2.9116436479385497,1.187752311229425,0.09452484589311452,0.6780510510280082,0.026284348864994023,4010077,0.05891307164140432,-1.4204381401541426
0,2501.0,250,19,2.210032626821489e-06,-0.8322709819641299,-1.1296000455978268,4.863456748719657,0.4572273193667524,-0.02240976811545264,0.3942446095308329,0.029866007810042013,4010078,0.07403808783521182,-1.513994655882355
0,2501.0,250,29,-0.557152111131487,-1.9493434363722288,-1.9816616261479008,5.893579000991641,1.3819638187947223,0.053939509461743286,1.0413512168043508,0.02608128365998557,4010079,0.07866951677678456,-1.7297430400722402
0,2501.0,250,18,7.942844380620404e-07,-1.5167708842385468,-1.4844098977209883,4.364466665878424,1.1333060151630676,0.06615741229715953,0.010126626980536669,0.038161443427669625,4010080,0.06375502008032129,-1.6824492564552662
0,2501.0,250,13,-7.123906620505881e-06,-1.6758142459811367,-1.8051462178958928,4.352354305586282,1.1907700598964086,0.05483890514639146,0.3115704263471914,0.033397028976119535,4010081,0.041326596709418316,-0.16518243111008996
0,2501.0,250,17,2.7626589002131874e-06,-1.6292871491577687,-1.7367251613672103,3.8177314707149312,1.1480953956069009,0.04670677897000712,0.28085077426122995,0.035490348490737136,4010082,0.05502655784428034,-0.8450634222497364
0,2501.0,250,20,8.838931126173458e-06,-1.9276446244233112,-2.075168222885373,2.946036380673867,1.3344609692124132,0.04526120737113362,-0.22465300785884867,0.04549488275683379,4010083,0.02798289933929265,0.4989398529707579
0,2501.0,250,21,-5.196424950553218e-07,-1.8020810316301812,-1.8607787141525904,3.4625082711692303,1.2850117479527978,0.054939211098440036,0.2782143983262724,0.03477890054843028,4010084,0.05162585827179686,-1.1538977199259353
0,2501.0,250,15,-3.1232848154354443e-06,-1.2494114857954361,-1.496483259634026,5.559952192810514,0.8032102517124112,0.007636227300251028,-0.5800202171922988,0.04712397979012825,4010085,0.0578118927322192,-1.6648232858757124
0,2501.0,250,18,-0.352601342482818,-0.010497532140812643,-1.1598086340617273,2.6357962353207207,-0.5843914576075795,-0.21216599940578196,0.5072347917131604,0.031186781866921788,4010086,0.0581033812670035,-1.9348168014748044
0,2501.0,250,11,0.4220496437347335,-0.9053700649162496,-0.8763351730731651,2.81529364808728,0.6993477835814248,0.05422093563034009,-0.19582361152276526,0.043277050855752765,4010087,0.0818003195578011,-2.126245584690228
0,2501.0,250,10,-0.9070029838186549,0.2532633624511857,-1.5857388722842432,3.2538034726531526,-1.1071901345872024,-0.4070908350169009,0.26279341661388883,0.0331703156712873,4010088,0.08106620028501102,-2.464467646228625
0,2501.0,250,17,2.7626589002131874e-06,-1.4233345170510516,-1.8123853140224977,3.8177314707149317,0.8513935040910787,-0.01443584841037076,0.2472729368959985,0.0322395573075713,4010089,0.0699248607332556,-1.6166714950380623
0,2501.0,250,18,7.942844380620404e-07,-1.5282036990552277,-1.4458098672233946,5.228801881157276,1.1674994415040263,0.07586529344946011,-0.3158916007587613,0.0422901282549553,4010090,0.054735069309496065,-1.233679257403136
0,2501.0,250,21,-5.196424950553218e-07,-0.7971440314251688,-1.3954667516396944,4.222203761791024,0.2709345376933401,-0.07853219926172289,0.529356063584298,0.03143218033424019,4010091,0.09193764304529947,-2.3493832563934482
0,2501.0,250,18,-0.8829611255452715,-0.7336230692958922,-1.85408155670226,4.364466665878424,-0.037167874295725496,-0.17814218736724274,0.13454573286473712,0.03538886729714557,4010092,0.09554346417929784,-3.2739191255243494
0,2501.0,250,19,0.25424651595132075,-0.8295286291090849,-1.2101757924658791,1.5581254521553949,0.4121549343680104,-0.037764249304704664,-1.1242347996893265,0.04903947587585363,4010093,0.08717126570799327,-2.570626928520058
0,2501.0,250,19,2.210032626821489e-06,-1.9182427125619443,-2.084508929732954,4.037123924578592,1.322068284736831,0.043342396268394964,-0.4782113072044676,0.04159032443136601,4010094,0.03138359891177614,0.3437437296410335
0,2501.0,250,18,0.8136709925655022,-1.1680700323297737,-1.1847181501454265,4.364466665878424,0.8513461631431454,0.04325914024586006,0.4513995281287169,0.03145131847036239,4010095,0.09000518201839616,-2.5852460165218267
0,2501.0,250,27,0.9628751180746972,-1.400222842747504,-1.0717132644181904,0.9638696679238768,1.1816987229385314,0.10101107701205272,-0.18462539267549544,0.03979628190180076,4010096,0.06072677808006219,-1.4149489748617208
0,2501.0,250,17,2.7626589002131874e-06,-1.644211252933618,-1.6611814537333245,4.723819293491316,1.2055702695490813,0.06424769666109915,-0.13626192517348112,0.036938074880165817,4010097,0.048127995854385285,-1.1797858381192696
0,2501.0,250,14,1.551339111253063e-05,-0.8254411528264618,-1.0547509727933906,6.0506770557870935,0.499804182840845,-0.006843397752960251,0.3327539941917104,0.03042411581811115,4010098,0.05612773675346548,-1.0460628253212032
0,2501.0,250,16,0.5079866453345278,-1.402744632709413,-1.284890726795512,3.215864921119996,1.0997396566378252,0.08193497217328159,1.3213596884122767,0.023802198039469702,4010099,0.0571317528177225,-1.2767579355558385
0,2501.0,250,20,-1.0827819189970442,-1.9671831825566464,-2.1762627176944616,7.695570193402747,1.3314949404372884,0.03558015873807388,0.4392169531495793,0.033831177243536355,4010100,0.045796087576110894,-0.23648921972384
0,2501.0,250,27,2.5101831216189314,-0.9037114006904856,-0.8424052798577776,6.47428394046274,0.6832697977213406,0.039196505261781416,0.3801360059328093,0.030551237206892082,4010101,0.06980610614501015,-2.5368192533462044
0,2501.0,250,24,0.3959937830410725,-1.695937571643661,-1.5712970386159009,3.4345255467323668,1.294449751194396,0.07912681890233805,0.22850335618261144,0.031499654532106916,4010102,0.051723021116724964,-1.1035484993208842
0,2501.0,250,16,-1.0910721021530223,-1.1091020356296926,-2.0778460448621923,2.263676098788768,0.3262000105726213,-0.13650030042173025,-0.5539121038630369,0.03937362352636352,4010103,0.049245368571058434,-1.2782400228583322
0,2501.0,250,19,0.856656720524088,-1.1339297960190782,-1.1576356267156729,3.2107911004375254,0.8200565884403398,0.03927054334542243,0.5957344549068707,0.026157047545018783,4010104,0.08619963725871227,-2.6468552578271614
0,2501.0,250,15,-0.6313244031104044,-1.4034464623564462,-1.8012188351524678,5.559952192810514,0.8409510378579445,-0.014541062699990994,-0.16781366982670248,0.04459369737012566,4010105,0.09324394351599948,-2.8126694882474945
0,2501.0,250,18,7.942844380620404e-07,-1.7111287361221252,-1.7147326696253349,5.228801881157274,1.2578616510310119,0.06721551997830974,0.31973875392276035,0.033208101222092674,4010106,0.044921621971757995,-0.26652038777652515
0,2501.0,250,20,0.4535895899532261,-1.044616826112153,-1.1127740648801598,3.7376253494620153,0.7292724579359564,0.02666437394934171,0.11201908589853714,0.03203494983518304,4010107,0.03446042233449929,0.18983681404634367
0,2501.0,250,23,6.669880563534684e-06,-1.7830682766688586,-1.8229047935915768,2.974253044243328,1.2744638487963722,0.05455051860886663,-0.4524020713798899,0.04282182493414519,4010108,0.044727296281901814,-0.8621858956997861
0,2501.0,250,16,1.3749212636188601,-0.20630724248033805,-0.1276715594919511,1.311487276457541,0.19310799093497588,0.023670103072281345,1.3909221443185869,0.0225579738308071,4010109,0.04652480891307164,-0.9107032070510696
0,2501.0,250,19,-0.4638593691640807,-1.7646709526794253,-1.8197107421672356,5.689789572860723,1.2668288868662263,0.057793101033216325,0.566747705331954,0.02938802355825287,4010110,0.05340717709547869,-0.8657673405804289
0,2501.0,250,19,-0.7452080458123246,-1.9566356525325743,-2.1795537975377743,4.863456748719657,1.3209706315252938,0.034450402415125585,0.08497197201855203,0.04043362389650769,4010111,0.046476227490607584,-0.17315850828573273
0,2501.0,250,19,2.210032626821489e-06,-0.9858427418466492,-1.3265924811039054,4.037123924578592,0.5475092960156788,-0.024450553589973483,0.2015337983949077,0.03335384548948482,4010112,0.08709029667055318,-2.8803039550767737
0,2501.0,250,10,-0.5133428443531607,-1.6074072521602731,-1.822951370379526,6.01028620672658,1.1148297681330908,0.04469846397216379,1.0017863835096408,0.025397288077039337,4010113,0.04346417929783651,-0.2214753422967748
0,2501.0,250,26,-0.834859937888775,-1.9045377561293302,-1.9626200162205707,6.793885543892987,1.3440421528770747,0.05147277851503964,-0.3968484204575008,0.036792330612773684,4010114,0.05680787666796217,-1.3113452043387357
0,2501.0,250,16,-0.4132906298464476,-1.7838552374299017,-1.9113009541386197,5.120242565782451,1.256638916292977,0.051631209641252604,0.051551942972515086,0.035197240575204035,4010115,0.047545018784816685,-0.5668506061923909
0,2501.0,250,15,-1.120048109282638,-1.881938091673626,-2.171621010409729,8.570074308967763,1.2518770550541916,0.027359015668269492,0.918160038280612,0.02746469749967612,4010116,0.03902707604611996,-0.12835787056541104
0,2501.0,250,23,6.669880563534684e-06,-1.7429063432728502,-1.6726971040265033,6.489980475220107,1.3027746288998632,0.07262747042446234,-0.279475065515487,0.041753708381914764,4010117,0.052673057822688614,-0.9936687075142432
0,2501.0,250,20,8.838931126173458e-06,-1.3372021562988352,-1.4462714511522554,4.529214318250162,0.9222225165204059,0.030177211596194818,0.5468535567649545,0.02899616900782855,4010118,0.03178844409897655,0.4141483282606042
0,2501.0,250,17,0.721095177525277,-1.3009568660890891,-1.2297817606980397,2.005555825162166,0.9973303556639024,0.06666638220608201,-0.12544237757545382,0.04031718270933195,4010119,0.0575204041974349,-1.642690580127385
0,2501.0,250,13,-0.8321573169047847,-1.8359017551009016,-2.1649710436406666,5.477258654853665,1.2098362238245979,0.02280401247041868,0.3152726949144408,0.032238133676143775,4010120,0.037796346677030704,-0.05032347320221068
0,2501.0,250,22,-9.194991986519129e-07,-1.1645348282036625,-1.393506972799331,6.8604216775081195,0.7286559975552118,0.0004265127559566608,0.4106521486015336,0.032368182407047544,4010121,0.09091203523772508,-2.4348846388083882
0,2501.0,250,23,-1.0760165317861596,-2.0642018104409163,-2.2933175954886336,6.489980475220107,1.3798120497066957,0.030783562508255823,0.12798749421344394,0.033136128744368165,4010122,0.05570669775877704,-0.6659832162566689
0,2501.0,250,25,2.282730896660844e-06,-1.7869492025818232,-1.8167261187869082,4.517616203301785,1.2767395430141504,0.05378503919395868,0.5232215550796708,0.030504814958759768,4010123,0.048565228656561724,-1.2952448754474712
0,2501.0,250,15,-3.1232848154354443e-06,-1.160923307771026,-1.381171807858985,5.559952192810514,0.7510763751604845,0.008888271062142836,-0.6848351451675536,0.04583141951972111,4010124,0.07708252364295892,-2.489803991414296
0,2501.0,250,21,0.4298564450885369,-0.4164860768020581,-0.4761680862973876,1.94311728992564,0.2730150603925312,0.004411625667706801,-0.6341871302679364,0.051768744808455835,4010125,0.10595068445826317,-3.0488469845931694
0,2501.0,250,18,7.942844380620404e-07,-1.5796513657302926,-1.6945717903870237,5.228801881157276,1.1037194019107237,0.041410020026374235,-0.09247320374581687,0.032928950826346864,4010126,0.07970592045601763,-2.658252644105869
0,2501.0,250,19,2.210032626821489e-06,-1.6412650742024006,-1.5428328297827478,4.037123924578592,1.255564220782827,0.08113579965130707,-0.2309521600998136,0.041087738048970084,4010127,0.03381267003497862,0.11405929031845476
0,2501.0,250,18,7.942844380620404e-07,-1.7339943657554877,-1.7774368918293395,3.5001314505995715,1.2541704778109422,0.060753872100217626,0.13244006681623094,0.03190584920326468,4010128,0.04446819536209354,-0.3803045845937215
0,2501.0,250,11,1.749454741305179e-05,-1.4789941102274609,-1.4804079120103757,4.0967661126061365,1.1180069723433226,0.07842182040979112,0.2896530099575967,0.03342761727915245,4010129,0.04317269076305221,-0.4544424148068799
0,2501.0,250,13,0.6277669620489956,-0.5733934445427566,-0.6617374179674688,-0.14726309148325312,0.3851515834939069,0.00999293106364501,0.6812983962959481,0.027733324188594984,4010130,0.10271192296065984,-3.03755050095764
0,2501.0,250,22,-0.11064462599715158,-0.6702723097738021,-1.2030748335336814,1.748247904405193,0.21042387756520747,-0.07121926724954697,0.4075466541431224,0.033585956730146395,4010131,0.050934922485641486,-0.678868571933251
0,2501.0,250,26,-0.343961711852008,-1.9045377561293302,-1.9118019272783016,4.895829921899233,1.3707632570453292,0.060287817992200836,0.3754621432148441,0.03181759295245498,4010132,0.06566588936390724,-1.4360290795913648
0,2501.0,250,13,0.910623946396104,-0.27868689366318977,-0.537663630624981,2.1025456070515136,0.07802928581157108,-0.03811692122262289,0.6520104887539937,0.030064539683661337,4010133,0.04432245109470138,-0.3542045708940844
0,2501.0,250,13,0.4981987253856743,-0.1986431391033074,-0.6065493395311219,0.9776412577841308,-0.0572235973801621,-0.07158964570631438,-0.05127885908961187,0.03796476227490608,4010134,0.04650861510558362,-1.2214275002322854
0,2501.0,250,17,2.7626589002131874e-06,-1.6979380265266748,-1.7036256640339815,3.8177314707149317,1.2510419383480702,0.06856210871431184,0.02837752538442272,0.03372360409379453,4010135,0.046962041715248086,-0.4767137785272579
0,2501.0,250,17,0.5769487769634483,-1.2233515264546742,-0.8913343059960885,3.8177314707149317,1.0739535556190691,0.11229455816278597,0.16339858502748086,0.03215685321932893,4010136,0.06840264282938205,-2.222800119440428
0,2501.0,250,17,0.8338086201622196,-1.097989054737542,-0.8713057623151199,3.8177314707149317,0.9272842544173336,0.08744310893708357,-0.22816552867771875,0.034761164473562464,4010137,0.05327762663557456,-1.6002732660978631
0,2501.0,250,18,7.942844380620404e-07,-1.799733050951404,-1.906149943164841,4.364466665878424,1.270122641145741,0.051713728804953576,-0.015288050819649528,0.038342309329483834,4010138,0.037245757222438135,-0.4632006638095614
0,2501.0,250,12,4.72985831489979e-06,-0.7890450922272361,-1.088466058452316,2.4353233333940723,0.4434632048339299,-0.020972420049804825,0.16525907125264014,0.03363858660448245,4010139,0.09670941831843503,-2.4399802449753745
0,2501.0,250,17,2.7626589002131874e-06,-1.5934693000957312,-1.548782896826027,3.8177314707149317,1.1997555163726166,0.07370453924238353,0.9384133694938444,0.02487368830159347,4010140,0.06597357170617955,-1.7335324381554027
0,2501.0,250,21,2.9589947042960154,-0.1094219934060823,0.23910504953142245,1.1834217993038447,0.2610266826441425,0.06659537513896158,0.3176703899637345,0.03042963643430025,4010141,0.06198989506412748,-2.1682023957231493
0,2501.0,250,20,8.838931126173458e-06,-0.9629038059699262,-1.3982038800354808,2.946036380673868,0.4791637292673247,-0.04293775569919928,-0.2387207729020553,0.04011942196940254,4010142,0.06974133091505809,-2.0503761470476056
0,2501.0,250,22,0.5800404888644121,-1.6269883726751648,-1.5196717846316858,2.478558443419896,1.2406400849547363,0.07673048109612415,-0.21975007502793592,0.04080029796605778,4010143,0.055237077341624564,-1.314664560754844
0,2501.0,250,19,2.210032626821489e-06,-1.4822086086097914,-1.424849759245145,4.037123924578592,1.117589212092614,0.06750140907629405,0.2636560624014519,0.030157852252683193,4010144,0.07504210389946885,-1.3317277149561204
0,2501.0,250,23,1.1990935510096778,-0.9821920754190476,-0.5772133797988664,2.2711075580479716,0.925045804576165,0.1055607676977028,0.6309481340625824,0.028978818499805676,4010145,0.05980373105324524,-1.912908088454968
0,2501.0,250,22,0.741511529948801,-0.6727191539244448,-0.5489277647082703,1.7482479044051928,0.5543591197131603,0.04587939174859261,-0.3215091388241635,0.03837007014232043,4010146,0.05962559917087705,-1.9967757945200164
0,2501.0,250,21,-5.196424950553218e-07,-1.2412449784854651,-1.3962722119189075,4.981899252412821,0.8255333842820198,0.01725182443017746,-0.5142362222523771,0.04282639241830847,4010147,0.05019000734119273,-0.8405791109443955
0,2501.0,250,21,-0.7923453493997946,0.4082728248813488,-1.4776481080067168,0.4237263086820492,-1.2782556480209095,-0.3536755567599928,-0.44518249776048935,0.04382853996631688,4010148,0.054789048667789435,-0.9736922134487666
0,2501.0,250,14,-0.7867634869374412,1.0604961250281846,-0.9011784831286348,3.929557135300948,-1.7873581206290772,-0.4320127826615833,-0.2802695843351064,0.04255552676656446,4010149,0.06674007859394566,-1.9166750834531456
0,2501.0,250,17,0.4166116469063423,-1.5188487812164857,-1.4357438923010248,2.9116436479385497,1.1643737149106812,0.0778337366367462,-0.2252177563120596,0.04528286844649068,4010150,0.04663816556548776,-0.6375899823074677
0,2501.0,250,19,-1.0459414299935703,-0.6293368706908007,-1.911198064640813,4.0371239245785935,-0.2005413676468528,-0.21040498242309846,-0.7532733101569955,0.05047378453907797,4010151,0.04803083300945719,-1.6091097773111895
0,2501.0,250,24,1.3292121726491865e-05,-1.7416154731911877,-1.7158838434855883,6.146344951112613,1.2757690225710183,0.0632953337162886,0.07056158136530225,0.039338806840264286,4010152,0.03559398885866045,0.1738457292535787
0,2501.0,250,19,-0.5023670153741158,-1.7180509541436602,-1.762816565713121,6.516122397001785,1.2379194454073683,0.057880563267838636,-0.009698917039003031,0.037817938420348064,4010153,0.05198212203653323,-0.8717047281884645
0,2501.0,250,17,0.5021321421312696,-1.2352908094753532,-1.2087052118244623,3.817731470714933,0.9259389387723932,0.05562976753460611,0.2371688388537073,0.03247506153646845,4010154,0.06147169322451095,-2.2223754881404885
0,2501.0,250,16,1.5523579196997563,-0.34688082618871513,0.2472996339317872,-0.5928903682049141,0.5610480245257237,0.12736162270445553,0.0774956839894012,0.035013710757006516,4010155,0.04223344992874725,-0.4255391305690152
0,2501.0,250,17,0.4782312342295945,-1.2173818849443343,-1.2123732299985932,2.005555825162166,0.9016335694538012,0.0508577663242345,-0.02533313177915056,0.04077195880295375,4010156,0.051561083041844785,-1.2095898176369038
0,2501.0,250,16,1.2794872113393594e-06,-1.558937503496499,-1.5146397406335048,6.072431388113677,1.1778449345387838,0.07462866892216093,0.6289089112210361,0.02820961264412488,4010157,0.06736623915014897,-1.9041359839538
0,2501.0,250,20,8.838931126173458e-06,-1.1500529811343807,-1.2896322074971165,5.320803287038308,0.7694258963760899,0.017656388697437547,0.4446227908357252,0.030173479843126176,4010158,0.057261303277626636,-0.946283661986242
0,2501.0,250,20,8.838931126173458e-06,-0.6518671486543542,-1.046115279749438,4.529214318250162,0.2727808559190881,-0.04711443668089077,0.5028916603164907,0.029923997063522913,4010159,0.06510990197348535,-2.248071169320747
0,2501.0,250,16,1.2794872113393594e-06,-1.78073138001416,-1.8876530196916463,3.215864921119997,1.264825100730292,0.055388737027543225,-0.44991733525869815,0.03686358336572095,4010160,0.04388521829252494,-0.389397416887035
0,2501.0,250,21,0.4717149172961641,-0.6118904935085883,-0.8193185731295745,5.741594743034615,0.33886867826754186,-0.01503285565496906,-0.36651888534377336,0.03737530768234227,4010161,0.1023448633242648,-3.1369311006782388
0,2501.0,250,27,1.4984567285229826,-0.7146631110369762,-0.4942828295905037,5.249747435454103,0.6309012334994689,0.06064736279857004,-0.07338593762715809,0.035775359502526236,4010162,0.04388521829252493,-0.6334024472296412
0,2501.0,250,21,0.7502782378631272,-0.42409923589452025,-0.6682825668334246,1.1834217993038445,0.1826772424599652,-0.02846068646462932,0.17408800321139584,0.03727166731441897,4010163,0.06545536986656303,-1.915701924145216
0,2501.0,250,21,-5.196424950553218e-07,-1.723411721008072,-1.6603655519519305,5.741594743034617,1.2908600465157685,0.07395393167018621,0.29542869678518585,0.033719555641922534,4010164,0.0589778468713564,-1.608950521241307
0,2501.0,250,22,0.5188808993403309,-1.220812243668448,-1.2129061625568835,3.939179521449304,0.8930734031211232,0.04463330546158199,-0.2446230883630798,0.03608569174056932,4010165,0.06882368182407048,-2.0722381578091658
0,2501.0,250,21,1.5764039974501531,-0.497693107121655,-0.30013840345837123,3.4625082711692303,0.4659962268565383,0.05357976382509104,-0.01252394104796798,0.034738416029710235,4010166,0.03928617696592823,-0.3125721514909444
0,2501.0,250,13,-7.123906620505881e-06,-1.5448335567013296,-1.6799520438922877,5.477258654853665,1.0896682557714514,0.04739093638240857,0.16601816448332649,0.03640367923306128,4010167,0.06707475061536469,-1.7593251941061832
0,2501.0,250,16,1.2794872113393594e-06,-1.793226809677127,-1.9178783227105456,4.168053743451224,1.2650129290539014,0.052558994181077436,0.23910027606891784,0.034484713045731315,4010168,0.0317398626765125,0.26263671223764784
0,2501.0,250,24,1.3292121726491865e-05,-1.5611877620784589,-1.4699904358064837,6.146344951112613,1.1792747338760292,0.06870512589924507,-0.18294194752284895,0.03316197340682378,4010169,0.06451612903225806,-2.019084345803664
0,2501.0,250,16,-0.3072268500189021,-0.3749955429303905,-1.2672389050931792,1.311487276457541,-0.1786355662088643,-0.1531888248318297,0.06543878114289636,0.036857105842725744,4010170,0.036241741158181115,0.1273459167016057
0,2501.0,250,16,1.2794872113393594e-06,-1.6182907943955906,-1.709299257950568,5.120242565782451,1.152597677373604,0.05150363926702668,-0.1946123777926008,0.039086453340242695,4010171,0.049585438528306776,-0.4534690448156253
0,2501.0,250,14,1.551339111253063e-05,-1.4322509533793282,-1.4722964106349523,4.990117095544022,1.0488559624129674,0.05803574086605776,0.7317031722318817,0.02764282938204431,4010172,0.06835406140691799,-1.7809392004851168
0,2501.0,250,27,-0.17216693777913808,-0.968112466396626,-1.0861126334409428,5.249747435454103,0.6351918698714967,0.010308083707175534,-0.2149680799769435,0.040780055706697765,4010173,0.06250809690374401,-1.4858900751153097
0,2501.0,250,12,4.72985831489979e-06,-1.3015074911126885,-1.4818370146014872,4.831110636034313,0.8891572789789628,0.02906758665621236,0.05332997368176979,0.04155978753724575,4010174,0.05363389040031092,-1.0868369023441038
0,2501.0,250,22,-0.3958171930381431,-1.0837889712324476,-1.381188481779806,6.130111138493415,0.6342018845190948,-0.0146268786307489,0.4861287720260829,0.030948679510669406,4010175,0.06432180334240188,-1.6872211863010154
0,2501.0,250,24,-0.8137729761519276,0.4052458995425501,-1.0308063823886606,0.7227061423521209,-1.0456137306836588,-0.26591385847539434,-0.4574143383747256,0.042348052258662436,4010176,0.06668609923565227,-1.9910362551955243
0,2501.0,250,20,8.838931126173458e-06,-1.8801983546633088,-1.997039345387632,2.9460363806738674,1.3156365732529545,0.04905064640750273,0.3577286113324538,0.03174911628079136,4010177,0.040387355875113364,-0.15602087479817175
0,2501.0,250,14,1.551339111253063e-05,-1.3115785498602923,-1.4073168815045576,6.050677055787095,0.930505262242488,0.04160626065758901,0.3528839867925264,0.03288152610441766,4010178,0.05528565876408861,-1.2298231768531676
0,2501.0,250,18,-0.977424519485096,-1.719703347234636,-1.9294765803000773,7.8218075269938305,1.1579567572490397,0.029421557270041136,0.2014099089588328,0.03426969526852931,4010179,0.061795569374271275,-1.6261987471550217
0,2501.0,250,22,0.28106646550843123,-0.22984036265808486,-0.7658974531988396,3.2088689824346,-0.1119794949314052,-0.08739329999504061,0.26079086534131946,0.033019173468065814,4010180,0.04821436282765471,-0.9042672625151504
0,2501.0,250,18,7.942844380620404e-07,-1.622524421292847,-1.5975163180207717,5.228801881157276,1.20737269640455,0.06899272996703779,0.2639229749807883,0.03344830936649825,4010181,0.07585179427386966,-1.7251448449344142
0,2501.0,250,24,0.39953095322554666,-1.4401413229775142,-1.0406081392719628,2.756570695637305,1.2529826393051413,0.11877822355874612,-0.17089664283164835,0.043258286602631715,4010182,0.05515071036835514,-1.3948983973294595
0,2501.0,250,18,-0.7164105023078121,-1.9112029954140444,-2.1082308222518837,6.093137096436124,1.305503537941218,0.03937598778493983,-0.1362831659626854,0.039700018712844204,4010183,0.032063738826272836,0.4796550545093322
0,2501.0,250,27,1.5256149679829298,-0.6211776930764494,-0.6146119830224364,2.188406172932512,0.4509121468497082,0.020806178173930368,0.4928449190393542,0.028974770047933668,4010184,0.043043140303148084,-0.3016065024168069
0,2501.0,250,20,8.838931126173458e-06,-1.181683827641049,-1.6196453306776786,2.9460363806738674,0.6379187716621139,-0.03524823707065468,0.177729317955713,0.03163190395992573,4010185,0.07364943645549941,-2.172858683339062
0,2501.0,250,18,7.942844380620404e-07,-0.8822496619127463,-1.4881865913524073,3.5001314505995715,0.3373288319389757,-0.07707749448223418,0.3293373025637953,0.03188413477958756,4010186,0.0787990672366887,-2.8410524087705022
0,2501.0,250,15,-0.4909117577734342,-1.845887352478496,-2.0825504089966906,4.556578154091429,1.2520906511446974,0.035962167853941907,-0.8252325825313311,0.04783650731960098,4010187,0.039642440730664585,0.1795285511883391
0,2501.0,250,18,7.942844380620404e-07,-1.048025476754622,-1.2377584798219758,3.5001314505995715,0.673797869883188,0.0064821936583086435,0.39739826792596206,0.031137093175569664,4010188,0.06020857624044565,-1.4087082343598023
0,2501.0,250,23,-0.3206525888365632,-0.8995057419566779,-1.3931784180603943,4.3805440166340395,0.3955433483595938,-0.05624473336788798,0.1622763520241198,0.033088365190969166,4010189,0.0631882368182407,-2.4427671678603007
0,2501.0,250,9,0.84602191016827,0.13486146453782286,0.2902998178441105,2.2745822299074945,-0.026268965273216077,0.02615132113220152,0.0833883762837729,0.040142649450849985,4010190,0.0998186293561342,-3.217705490643457
0,2501.0,250,24,0.13797910978949507,1.129240639070843,-0.08153890076379731,1.4006609934471823,-1.4524042735818503,-0.25077868317427976,-0.3493851942563964,0.04280563112665717,4010191,0.06555253271149113,-1.9293178061179552
0,2501.0,250,22,0.5908356566755789,-1.3529418278031635,-1.2332258067909954,3.939179521449304,1.0475502010626507,0.06923723738363073,0.4488820399741809,0.03081912905076528,4010192,0.03633890400310921,0.1583360924368792
0,2501.0,250,17,2.7626589002131874e-06,-1.6471960736887878,-1.5830759556286162,2.9116436479385497,1.2494126116225317,0.07954424848612597,0.7760523169491668,0.02888975255862158,4010193,0.04372328021764477,-0.4152530490269625
0,2501.0,250,28,0.7291572859957901,-1.5909756895002631,-1.5417861098643568,3.209096715152142,1.1698536433593612,0.05786800248492985,0.4167315945830046,0.029522390637820094,4010194,0.07327697888327504,-2.2429532858760237
0,2501.0,250,29,0.5506235050092374,-1.420184132591377,-1.43717280323872,4.168027689589765,1.0102895822407834,0.040416770952558,-0.056387579008303684,0.03767604982140544,4010195,0.04694584790776008,-1.044995150457885
0,2501.0,250,16,0.8921363800664155,-0.9622807370898322,-0.7143116512838744,1.311487276457541,0.8399261280049576,0.08788439053490843,0.3841888626834456,0.0329058168156497,4010196,0.07805415209223993,-2.224775956572981
0,2501.0,250,24,-0.7137448921861481,-0.8874387142524454,-1.899503422432781,0.7227061423521207,0.11329852893193007,-0.1478166412876285,-0.37260107946355386,0.04622792244245801,4010197,0.040435937297577405,-0.06687439353952652
0,2501.0,250,19,2.210032626821489e-06,-1.704339189868435,-1.6701345451805445,1.558125452155395,1.2686674559955513,0.0718064946249261,0.4169550356974794,0.0326282086872837,4010198,0.052144060111413384,-0.8169653916853961
0,2501.0,250,17,-0.8174711595093347,0.28398295490608266,-1.5176629648566151,1.0994680023857826,-1.1348305140990762,-0.3487809925744899,-0.18395258247064755,0.039088612514574426,4010199,0.06307488016582459,-2.0262786746747743
0,2501.0,250,18,1.8409531067182328,-0.0362213654783453,0.35622839108584936,4.364466665878424,0.22885412126234414,0.07402644612008255,0.10722079521051556,0.03263924183084696,4010200,0.05709936520274647,-1.54492536993646
0,2501.0,250,17,2.7626589002131874e-06,-1.623317507647429,-1.5645611972258602,3.817731470714933,1.2290236056258774,0.07756136213843731,0.022386674997511957,0.03357516085848772,4010201,0.043949993522477006,-0.7144949087845482
0,2501.0,250,16,1.2794872113393594e-06,-1.874447102486412,-2.1007597614220663,-0.5928903682049141,1.2731834611309154,0.03674026777706384,0.4204499513587826,0.0306613550978106,4010202,0.03973960357559269,-0.3327258504348705
0,2501.0,250,14,0.9701427570547252,-0.6978731833920526,-0.7779661195546921,1.808437214814801,0.4803125506485127,0.01644279421187916,0.5207120312585078,0.031146089735285223,4010203,0.060240963855421686,-1.348472428418673
0,2501.0,250,13,-7.123906620505881e-06,-0.9117602251822596,-1.24625398152414,4.352354305586282,0.5143960682829828,-0.02270336424387839,0.8088320230267951,0.026016971110247443,4010204,0.08351146521570152,-2.374032658865173
0,2501.0,250,19,2.210032626821489e-06,-1.75644389411429,-1.7865512338185707,5.689789572860723,1.273675498773189,0.0620398784254335,-0.07558820922269655,0.039116141987304065,4010205,0.06626506024096385,-1.8820925053578448
0,2501.0,250,22,-9.194991986519129e-07,-1.0862358153830909,-1.3767068974279402,5.399800599478709,0.6395940222341664,-0.013305525386804743,-0.1855541099403777,0.037513691128148965,4010206,0.04606598436757784,-1.2538449182448022
0,2501.0,250,26,0.9421366944585148,0.6892665320152429,0.3886109957247632,2.365089092574228,-0.6555622026833771,-0.07442714131356741,0.6551576385277718,0.03004922917476357,4010207,0.05484842596191217,-1.2997562117977683
0,2501.0,250,17,0.3803795245337329,-1.5188487812164857,-1.3965019200888946,2.9116436479385497,1.1845235536815677,0.08517695311115367,-0.03010356353801759,0.0378870319989636,4010208,0.05275942479595802,-0.8260614657557659
0,2501.0,250,18,-0.6199892541936585,-1.3910099212550548,-1.938335148450244,3.5001314505995715,0.7420702675815375,-0.04605336635530529,-0.2302013687948329,0.040941993781577916,4010209,0.09583495271408214,-3.3617121701993797
0,2501.0,250,13,0.8933675065783366,-0.9954423322221368,-0.7186964301584855,0.9776412577841308,0.8859853761822801,0.1029056224784278,0.3294112126541376,0.029694816130882973,4010210,0.08208641015675605,-2.645959433069468
0,2501.0,250,19,0.5229737237892357,-1.2902439087566422,-1.5240893446793395,0.7317926280143302,0.8261897257598034,0.0068220543005411026,-0.05631637709722995,0.03934375494810785,4010211,0.046541002720559665,-1.026664556339657
0,2501.0,250,15,-3.1232848154354443e-06,-1.439497201551576,-1.3993856659112351,2.549830076653264,1.0909406160922863,0.07124252969893284,-0.4929538069107158,0.03985188064084296,4010212,0.05101049358725224,-1.1604864200367104
0,2501.0,250,14,1.551339111253063e-05,-1.6080878842213515,-1.6653268419530896,3.9295571353009473,1.1713920884845508,0.06276221207675986,-0.03440078313742349,0.03802305998186293,4010213,0.03850887420650343,-0.037254236465317725
0,2501.0,250,7,1.690525703800356e-05,-1.2990812996242669,-1.3657685962036956,3.319356447001475,0.9730062883117556,0.07587007268448104,-0.1318658205840404,0.04181241093405882,4010214,0.05033035367275554,-0.8735686410267367
0,2501.0,250,16,1.2794872113393594e-06,-1.7026349446206177,-1.7590119273895481,2.263676098788768,1.2328160239151698,0.06165128267136093,-0.4526368171511049,0.04230227361057132,4010215,0.045990413265967096,-0.6654218184183884
0,2501.0,250,22,-0.7885600841312482,-0.6604849331712304,-1.5325534066692466,6.860421677508117,0.026504295909638355,-0.13202660545662254,0.2630595355875586,0.03195411920635395,4010216,0.07203005570669775,-2.5588913055189013
0,2501.0,250,16,1.2794872113393594e-06,-1.4464786365297977,-1.678431514280457,4.168053743451224,0.9531709547811972,0.01748873857569832,0.06534435407275356,0.03356976292265838,4010217,0.08639396294856846,-2.5321715161268954
0,2501.0,250,23,-0.3869037512233285,-1.3223872759499409,-1.6921253809141499,4.38054401663404,0.7674778446170918,-0.019715225521253144,0.27467920738805185,0.03067356273730156,4010218,0.058799714988988214,-1.1094746164480358
0,2501.0,250,24,1.3292121726491865e-05,-1.7507510535006932,-1.741542664837877,2.756570695637305,1.2737390044422268,0.060701388100981316,0.19195701965577008,0.036819320291920365,4010219,0.06322062443321673,-1.7132233911993788
0,2501.0,250,16,1.2794872113393594e-06,-0.4968259821443172,-1.093565782382356,4.168053743451224,0.06283339615147379,-0.09200143443038113,-0.3319135224339145,0.04574570684170373,4010220,0.06726907630522089,-2.314147754290681
0,2501.0,250,19,2.210032626821489e-06,-1.6988544841583453,-1.6411963033070098,3.2107911004375254,1.2767626484306374,0.07588806557396775,0.05585650867342462,0.03847185978938796,4010221,0.05350433994040679,-0.9099853397513372
0,2501.0,250,23,-0.8451139439851574,-1.4759476095229134,-1.957637634705444,5.786834989024753,0.8205472811012104,-0.03421194992155845,-0.7431111835268268,0.05033237789869155,4010222,0.092790516906335,-3.145233983737928
0,2501.0,250,22,0.3980819979214836,-1.4141129315692351,-1.1837875961659678,5.399800599478709,1.1497318221167392,0.0911148328656428,-0.031506094411334666,0.03803115688560695,4010223,0.0675767586474932,-2.149790851904249
0,2501.0,250,16,-0.9947302554917908,-1.0653680318093088,-1.9172970668832596,4.168053743451224,0.35356033637840795,-0.1162166109198096,-0.8709484853116437,0.04917912117678926,4010224,0.06166601891436715,-1.4855196831353343
0,2501.0,250,13,1.4590681776024097,-0.04583233494353203,0.5926980859272016,-1.2721674407506367,0.3570089028297883,0.12921794455968014,0.12187321961585013,0.03031480761756704,4010225,0.06632983547091592,-1.839629909521496
0,2501.0,250,15,-0.9912349641367312,-1.8852154316004563,-2.1745545698482336,7.5667002702486785,1.2544894995457632,0.027569755707399796,0.5574982798629442,0.0295860862806063,4010226,0.030250032387614974,0.7070118543882151
0,2501.0,250,21,-1.609112901104449,-0.3555808040623606,-1.4427692371280492,4.222203761791026,-0.30549711112282857,-0.18241151220072732,-0.8880506571885364,0.04448438916958156,4010227,0.052241222956341496,-1.9633282418086344
0,2501.0,250,18,-0.4146750364883238,-0.39921323590797,-1.3560300840588475,0.9071258047630174,-0.19905014167980414,-0.1611405542380814,0.3232237569895276,0.030591181932029195,4010228,0.05027853348879389,-1.070514811895412
0,2501.0,250,18,7.942844380620404e-07,-1.5539275323927606,-1.554473118545038,6.957472311714977,1.1437071117948157,0.061544884638553225,0.2879743221448816,0.036588751318638604,4010229,0.06265384117113615,-1.3649262102487665
0,2501.0,250,18,0.6901122624724799,-1.3338458471716494,-1.1452850254644311,2.6357962353207207,1.0791115804435902,0.08779211886514368,0.5579881739588555,0.031014380101049357,4010230,0.0754955305091333,-2.764464003391529
0,2501.0,250,19,2.210032626821489e-06,-1.443815668639162,-1.3643183909225225,6.516122397001787,1.1008500006166737,0.07007668598461796,1.256123117629947,0.021810359718443667,4010231,0.07630522088353414,-2.254580093828946
0,2501.0,250,16,-0.9862426881390458,-1.9056856766438288,-2.178586857454537,7.0246202104449065,1.2724947572776806,0.02923681031123042,0.3111852779798481,0.02825125386337979,4010232,0.03718098199248607,-0.03233994447472049
0,2501.0,250,29,0.3882558629171853,-1.1183673445089657,-1.089198171980917,1.2921088372533067,0.8180813523265974,0.0390916309213266,0.3635847929530139,0.032570373660540775,4010233,0.0582005441119316,-1.3938459132465295
0,2501.0,250,9,1.1085547122109732e-08,-1.5448130981971138,-1.7499629294114185,5.258123210824516,1.079515489955152,0.04788418946195351,0.4969115214413853,0.032281815433778116,4010234,0.028922140173597618,0.6319142416465071
0,2501.0,250,16,1.2794872113393594e-06,-1.6495293685530084,-1.6896589294706759,3.215864921119996,1.2017773934386966,0.06247469145045548,0.18746614175050608,0.03436325948957119,4010235,0.05062184220753983,-0.6101261890088394
0,2501.0,250,24,1.3292121726491865e-05,-1.9494499252324329,-2.021807566654428,3.4345255467323668,1.3750460327459262,0.05308023815158293,-0.7409813918806624,0.048419484389169584,4010236,0.032549553050913324,0.25985634418457304
0,2501.0,250,13,-7.123906620505881e-06,-1.6394307211811905,-1.7194185675677895,4.352354305586282,1.1884324459282016,0.0629051415876934,-0.28523146706563457,0.04627380489700739,4010237,0.04108368959709807,-0.2593153088309373
0,2501.0,250,17,3.625868569748105,0.06609103977868576,0.27748259631625793,3.8177314707149317,0.05973503885003599,0.0368468221312256,0.751760038857902,0.026486591527399926,4010238,0.046476227490607584,-0.8615774073032992
0,2501.0,250,21,0.5911595160866794,-1.753864357377921,-1.701712512951555,0.4237263086820493,1.3074281114251818,0.07310318079589682,0.8043770322665116,0.02804443580774712,4010239,0.049115818111154286,-0.7468358483558586
0,2501.0,250,16,1.2794872113393594e-06,-1.5058319274288896,-1.6963280752784902,3.215864921119996,1.0183630354340008,0.02786832811498876,-0.0189552211388872,0.03540506110463359,4010240,0.09269335406140693,-3.0390850425399916
0,2501.0,250,24,-0.2639773367475545,-0.2616514630513344,-1.173127892334207,2.756570695637305,-0.2875958377157817,-0.15126758368439427,-0.2220043209422089,0.0454074361963985,4010241,0.07536598004922918,-1.8977125450797243
0,2501.0,250,10,0.9064092309033004,-0.1757853910356921,-0.09914227231134283,1.8755621056164395,0.17176023650665814,0.026293214101272826,0.6782263835262655,0.0286542062678868,4010242,0.03734292006736624,-0.20928658825234636
0,2501.0,250,25,2.282730896660844e-06,-1.6985278293181914,-1.6250255135523095,4.517616203301783,1.2669849620611622,0.0688900624828734,0.1678751385540206,0.031490015360983115,4010243,0.07144707863712918,-1.218786188568163
0,2501.0,250,8,9.120471661981978e-07,-0.9802735946134532,-0.9088421681359476,2.7476664446803647,0.7888903439910754,0.08002711463122883,0.6591658959775847,0.02821550130139325,4010244,0.0452131105065423,-0.7662096118193179
0,2501.0,250,11,0.6620306920115796,-1.0037056155410284,-0.6613360016766199,1.533821183568422,0.9304670976450816,0.1245814995117568,0.646336226641678,0.026976859049099626,4010245,0.0788962300816168,-1.6720840544499764
0,2501.0,250,16,0.6709841882377766,-0.7030005715832702,-0.5648677188473107,1.3114872764575407,0.5916014318328722,0.05604978351216843,0.13923972374302204,0.03563100327577591,4010246,0.03928617696592823,-0.057321318318367676
0,2501.0,250,16,1.2794872113393594e-06,-0.843574155291647,-1.2248990069371497,4.1680537434512255,0.4299908117271817,-0.03643873780162076,0.25784266420512353,0.03641293283734015,4010247,0.06232456708554648,-1.7963296971140323
0,2501.0,250,17,-0.6004393307261666,-1.8770272718368641,-2.074677724728208,4.723819293491316,1.2847346212780246,0.03998457635174391,0.5531621277578869,0.03140352975176139,4010248,0.050816167897396035,-0.3625112387500236
0,2501.0,250,19,0.9855329617056174,-0.29751217523035745,-0.8428990602837911,4.037123924578592,-0.06348564352130194,-0.08837572907282147,-0.3802284328661504,0.03704333462883793,4010249,0.07134991579220107,-2.1639180511224443
