start,end,N,SS,FayH,FulD,bsfs,TajD,FerL,ZngE,Colless,btree,path,iColless,ibtree
0,2501.0,250,21,0.06996329612583914,2.7028127805474353,1.7256302452504968,-0.6055787044910181,0.7195409016494417,-0.8275966677950177,0.02882497732866952,0.6717031988759079,4030000,0.03552921362870838,-0.053592264104707486
0,2501.0,250,15,0.07077146372911214,1.5464560379341803,3.633608638399586,0.431638977468852,0.15520900452317532,0.0516924651560742,0.0284201321414691,0.2385642218733245,4030001,0.04382044306257287,-0.9843689115626232
0,2501.0,250,25,0.04378842028263615,-0.06408293727392311,1.3172697169739664,0.3708393880290573,0.06873841716866211,0.1008471165967138,0.03734790277736255,0.004259340218163664,4030002,0.03995821997668092,-0.7165819258619165
0,2501.0,250,16,-0.0045809361653851716,2.263676098788768,0.9801154440461134,-0.02433039188279808,-0.012282280932033488,-0.00013265304138537288,0.03896924101937705,-0.025763988947243056,4030003,0.06069439046508615,-1.8219659652213445
0,2501.0,250,19,0.010427441972194584,4.0371239245785935,2.2854481272112888,0.3872151589532252,-0.14122693222841684,0.2728972186189997,0.030476745692447207,0.15098921464887327,4030004,0.04673532841041586,-0.9666357060430706
0,2501.0,250,18,0.030202296918268482,2.6357962353207207,0.9617074942292769,-0.7797510675940533,0.5699728929140093,-0.7764961248584461,0.03796638165565487,-0.17882531293596152,4030005,0.04434944077384808,-0.88159678495512
0,2501.0,250,22,0.06412744730736568,3.9391795214493035,0.7740561530908168,-1.0624563255717498,0.9286786299381036,-1.186556425559448,0.030648649187320007,0.3184017443276575,4030006,0.05065422982251586,-1.089302524824561
0,2501.0,250,28,0.04938627582395642,0.24339190875992398,2.1388958946527854,-0.17863860460465114,0.398149432010214,-0.3949570469759992,0.0324167638295116,0.3724034658781869,4030007,0.04564062702422593,-0.763195114514763
0,2501.0,250,23,0.05115409751177196,1.5679620718526164,0.6464902279132679,-1.1700243260880978,0.9133509387643436,-1.220801209124743,0.039258772060948514,-0.0904886844754707,4030008,0.10181046767716026,-3.1576681454362534
0,2501.0,250,21,0.0616048880516352,3.462508271169229,3.4013685086873973,-0.2768288711356782,0.5003121652791743,-0.5154571450040667,0.030213326423975468,0.3734622197623863,4030009,0.053245239020598516,-1.4117031234529376
0,2501.0,250,31,0.05267492129841103,1.5829631528878736,4.337516440149144,0.5546963273588074,0.036051741453480265,0.20727287061992908,0.036209353543205085,0.0167304045704994,4030010,0.04739927451742453,-0.8959111524818651
0,2501.0,250,21,0.038415348756572036,2.7028127805474353,3.6529005739449647,-0.5157332715278432,0.4903155074318407,-0.6068150541136136,0.04203912423889105,-0.5811640046380988,4030011,0.05415209223992745,-1.5859088683002731
0,2501.0,250,34,0.03135447352089781,3.2112814886188934,0.8082036799824951,0.12386269819292185,0.13383015435173,-0.05448093030127152,0.04025780541520923,-0.4149934686470872,4030012,0.04248175497689683,-0.5127915620302615
0,2501.0,250,25,0.08420793595418777,1.2449739600334222,1.3745789345781063,-0.9405517312156548,0.9999367565823576,-1.1967365360470814,0.027062165713545427,0.502767834340544,4030013,0.03820119186423111,0.06675869255937411
0,2501.0,250,25,0.04852250192566333,3.2085593059944393,2.623691179112845,-0.04627135185995785,0.3160788380524027,-0.2727331854421304,0.023111802046897268,1.0931292417708185,4030014,0.03229045213110507,-0.3505810064063668
0,2501.0,250,23,0.037048960485014035,0.8648165856572607,2.8421079755339766,-0.5720400363020394,0.5176608775429739,-0.6538092082399217,0.034874264081415265,0.1124066467705003,4030015,0.05319125966230514,-1.6069018427601796
0,2501.0,250,12,0.03647513293311809,2.435323333394072,2.6158371902933832,0.8397867196501945,-0.24161555831626705,0.5287153620496411,0.028021175611537063,0.7370472705539144,4030016,0.03845489484821005,-0.6331383725121936
0,2501.0,250,30,0.07115135609796583,1.7209402324106935,2.485605284737256,-1.0329932694761268,0.9906762602786412,-1.2340573278700229,0.03184782139309928,0.08115061756114779,4030017,0.06913136416634279,-1.941850351846221
0,2501.0,250,18,0.08736065748059699,3.5001314505995715,0.6111425518433709,-1.1719162695271594,1.0904283169438824,-1.3538532731008412,0.03431197909919246,-0.08465895684027312,4030018,0.05042751651768364,-0.8004522158119792
0,2501.0,250,28,0.04624077811853757,3.2090967151521417,2.558394897455845,1.0893586092602512,-0.2904989304213261,0.6941661688133804,0.03244650154871686,0.2060736402716695,4030019,0.053245239020598516,-1.2878518532799048
0,2501.0,250,28,0.02253510414318774,3.209096715152142,3.975282767109338,-0.4137415777545997,0.3570389494467818,-0.4615145768297947,0.03941167897396036,-0.3087382841366322,4030020,0.04396618732996502,-0.6358062438655505
0,2501.0,250,21,0.08525049998033804,3.4625082711692303,0.8375317907060709,-0.5357477390719353,0.7716935163834371,-0.8402852662824549,0.030210447524866495,0.6037382105014807,4030021,0.035707345511076564,-0.42249853801380255
0,2501.0,250,17,0.02399074581104636,1.0994680023857824,4.054181536613399,0.4598646110855441,-0.1044682095907574,0.27204367188540324,0.03179384203480588,0.42376762586773664,4030022,0.03324588677289804,-0.2260855650080128
0,2501.0,250,26,0.025112284462536803,5.528515129230484,1.959932116599383e-06,-1.3675605219421758,0.8713351316989939,-1.2748280445566589,0.0345401456944403,0.13345308401657846,4030023,0.034525197564451354,0.09596824637374872
0,2501.0,250,26,0.054780181326870514,2.99777429990548,3.215882072718128,-0.2055744274238251,0.4402061486067166,-0.439498835327606,0.02872781448374142,0.20046597079977924,4030024,0.06476443408040765,-2.2110621617503856
0,2501.0,250,16,0.019680629551034518,4.168053743451224,2.2481135461713766,0.5051936667752331,-0.15223003438142615,0.3278723756114941,0.028123245670855463,0.8444068095253433,4030025,0.0421848685062832,-0.7610939170934558
0,2501.0,250,23,0.04461698584724618,3.677398530438684,2.9316325978529982,-0.7523389640233289,0.6565477349994099,-0.8404440751978419,0.038806078202754085,-0.4224735738751604,4030026,0.04260590750097163,-0.7952154459036281
0,2501.0,250,41,0.10379615085727394,1.8069114423410924,1.4932294948609333,0.3908587107060553,0.4713974225138186,-0.21022135163704905,0.024006419945013027,1.124410360029925,4030027,0.036959666623483184,-0.15206389765794126
0,2501.0,250,27,0.018777134705565992,2.1884061729325133,3.903844374962599,-0.37556672022942506,0.3125753973477211,-0.409277412365923,0.03087511335665242,0.12168748548462376,4030028,0.060046638165565484,-1.807921311586557
0,2501.0,250,19,0.02325523638346841,4.863456748719657,3.2402860163863534,-0.6511101985457972,0.4678333935232296,-0.6430486349660256,0.029485684674180588,0.29524448086364913,4030029,0.04097033294468196,-0.8833414709406654
0,2501.0,250,25,0.02293644206893025,3.8630877546481095,0.7734208872211399,-1.3810257195048057,0.8626002016718496,-1.2718947033211685,0.032834564062702416,0.1977338157555693,4030030,0.06367405104288121,-1.7519429173774324
0,2501.0,250,31,0.06795318404151891,2.1253347393338755,3.7253639323614482,-0.4332128244607344,0.6559732914117801,-0.7110110666684589,0.04175646869000931,-0.6409624255274982,4030031,0.08329014984669862,-2.9727375538354464
0,2501.0,250,16,0.039859943292224885,4.168053743451224,1.3725706158836408,-0.9026691317366734,0.6770320143546019,-0.9091751610222232,0.033273857894922786,0.0877846908622904,4030032,0.07810273351470398,-2.2414666688485507
0,2501.0,250,20,0.04320513704239807,4.529214318250162,1.0331954259231295,-1.186833730008227,0.8622560058624392,-1.1816838276410488,0.03874998200688057,-0.0977408381542897,4030033,0.07439435159994817,-2.525270619440511
0,2501.0,250,29,0.018785437490361462,3.0176601486551817,2.519148962263863,-0.5174516442865384,0.3899758738939384,-0.5323724118035046,0.035278209612644135,-0.1745349811712705,4030034,0.03347260007773027,-0.01164449907201244
0,2501.0,250,16,0.020782373692076524,1.3114872764575407,0.6398286399578114,-1.6304626123233372,0.9464091351312542,-1.4214877772038637,0.03779229822515871,0.02969507561036149,4030035,0.06833786759942999,-2.0334723872342395
0,2501.0,250,23,0.06542705769862163,2.974253044243328,2.9542071764324285,0.4242691117200513,0.16483232250579785,0.0454809261846922,0.04068347121203708,-0.3415904033346105,4030036,0.08687977717320898,-3.0784335244499603
0,2501.0,250,23,0.033892286759478966,1.5679620718526166,2.3725929583051517,0.0003034461962523576,0.20003493069617506,-0.1600536741360558,0.04475968389687783,-0.5913008092633494,4030037,0.05147471606857537,-1.1772140440610233
0,2501.0,250,15,0.0679574643830781,1.5464560379341799,2.0038725628332923,-0.1632610871262311,0.44349800483206586,-0.4202444843074458,0.030541520922399274,0.38214089222300107,4030038,0.07420002591009199,-2.1027860488554557
0,2501.0,250,14,0.0923326136513215,0.7478772545717279,0.8254945259618869,-0.9687817268594702,0.9714947638359464,-1.1667716656374492,0.02856089369886494,0.26730797942099466,4030039,0.070313512112968,-2.0687835959075245
0,2501.0,250,30,0.07019421764304502,2.2792318065102517,1.5018157166609023,0.7461138170664807,0.0423715657717273,0.2831295161498037,0.033909832879906725,0.009890744154829852,4030040,0.05340069957248348,-1.3292004979529284
0,2501.0,250,26,0.021304187408403168,2.365089092574228,4.2574927103726425,-0.21307517735170406,0.24119805320322796,-0.28314234231806523,0.04455726130327763,-1.222339717944386,4030041,0.042319816902016666,-0.6602879915172363
0,2501.0,250,21,0.09111804982466372,3.462508271169229,0.7763251217876894,-1.018706604065782,1.0566616956025396,-1.2691598951578265,0.02792532135711304,0.5435244811870272,4030042,0.055641922528824966,-1.830160966940397
0,2501.0,250,26,0.014125219258203113,3.63045950723673,4.669340348118523,0.6653459808687846,-0.2642155994767957,0.4922145134278767,0.04133955175540873,-0.4696571380265323,4030043,0.03340782484777821,0.03161920270725477
0,2501.0,250,17,-0.0373044112883845,1.0994680023857824,1.613799165907194,0.9001141257473032,-0.6669147848371596,0.901840851226234,0.02830893466338473,0.7578045193911882,4030044,0.04646813058686358,-0.8009781880010239
0,2501.0,250,14,0.08853812267934941,1.808437214814801,1.4864120147116289,0.042540991855852583,0.4384582916374709,-0.3324081898772582,0.02745862482186812,0.6657184090707807,4030045,0.061172107785982636,-1.6961775236873158
0,2501.0,250,26,0.05255173934704418,3.63045950723673,0.7768107599258223,-1.247487541389382,0.974553412880126,-1.306956091065469,0.02833916310402901,0.5624968468453723,4030046,0.05733417541132271,-1.616349715860635
0,2501.0,250,20,0.06699285654077346,-0.22031949447871887,3.2280815338791258,1.554416615399978,-0.42256174777104977,0.982393254190178,0.037681190712671474,-0.10095950792358777,4030047,0.055488081357688825,-1.6201410848286957
0,2501.0,250,26,0.041155656310970186,4.263144714567983,2.0420064685180233,-0.4569003680967114,0.4897577641763268,-0.5851459795008768,0.04246587869504584,-0.42022698726352425,4030048,0.03745087878395301,-0.4316587056990408
0,2501.0,250,18,0.1413755136697996,3.5001314505995715,1.1006269924772978,0.060813193651747775,0.7562340717980852,-0.5792800692706972,0.037509484944385836,-0.010438927579879673,4030049,0.04564062702422593,-1.2389140541569756
0,2501.0,250,22,0.04781960663843464,4.669490060464007,1.4442365143038725,-0.4089897067264648,0.4927835969623661,-0.565058011296159,0.03745627671978236,-0.11716970279213605,4030050,0.06095349138489443,-1.8365576718870684
0,2501.0,250,21,0.1336731347942728,2.7028127805474353,1.5920715809801045,0.7283855573227318,0.3948144410933551,-0.01298864490156077,0.03982929235552632,-0.13927448375046886,4030051,0.03491384894416375,-0.2311725162905656
0,2501.0,250,27,0.08296684095057821,0.9638696679238772,2.256522490313052,1.6292896896897742,-0.3515612209910807,0.9701518659849572,0.029275459609699794,0.4048318237842738,4030052,0.044086021505376334,-0.8209544254674757
0,2501.0,250,31,0.0839803234223631,0.498219979995868,1.6890294025797905,0.7898198555810053,0.10763341915047106,0.2499406091201978,0.03441184091203524,0.04115613024793107,4030053,0.044982348749838065,-0.7173393066974754
0,2501.0,250,18,0.10234880414854043,0.042790589484166204,1.140736476995626,-0.4660633377373494,0.8102711309151569,-0.8393766063501922,0.025247618038134943,0.7163833052350502,4030054,0.058923867513063014,-2.0217692755693113
0,2501.0,250,23,0.07262747042446234,2.9742530442433286,2.3649844126327366,0.16847099637258126,0.3409869763635785,-0.2025780742024176,0.031671848685062835,0.15560052315365994,4030055,0.043962948568467435,-1.0161889096720924
0,2501.0,250,25,0.021989625740324825,-0.7186113859275948,0.4685237623425231,-0.2088257264171589,0.2418160215211703,-0.2815753227684933,0.0352730570375343,-0.11161465079227068,4030056,0.043129507276417504,-0.6153232355343551
0,2501.0,250,23,0.018372640240519256,2.974253044243328,3.550632631187629,-0.6606871973568369,0.4536518440784731,-0.6396344082178012,0.034143743432511406,-0.22894075492360594,4030057,0.037780152869542685,-0.4708345128271165
0,2501.0,250,31,0.016115589377427224,1.5829631528878731,1.1257164639520654,-0.2865241814180851,0.2530709696514476,-0.32514630110081305,0.03543205078378028,0.12699067847905196,4030058,0.06600595932115559,-2.0021082717751413
0,2501.0,250,29,0.09130214815184412,2.4424763781878904,0.9982272217969403,-1.1229607663148526,1.1593364623059121,-1.4064651876785403,0.029778098569392782,0.3109220062583676,4030059,0.05159347065682083,-1.2345735523250798
0,2501.0,250,13,0.027318804346655408,-0.1472630914832532,3.9965647554083055,1.295686503520772,-0.5159255508134277,0.9328844821750302,0.03678018525715766,-0.2910075692151512,4030060,0.03671675951116293,-0.23754631338415055
0,2501.0,250,19,0.05242875064304725,-0.09454019612673503,3.6376805597810873,0.19524045529494247,0.19519005644255905,-0.07538159397171335,0.03325560305739085,0.15674337439620198,4030061,0.04577989376862288,-0.8066662932867859
0,2501.0,250,23,-0.06073600079510496,0.161671099461905,1.210031865970826,-0.19865566374503268,-0.25497913701967195,0.12107985963600193,0.033938410187238525,-0.09192932425836686,4030062,0.049863046656672766,-1.0565644875521536
0,2501.0,250,20,-0.021740869215957033,3.7376253494620144,0.9339297615246476,-0.7153900444041826,0.2464688850962033,-0.4937129161210123,0.026025762034312363,0.8189962590638374,4030063,0.06520706481841344,-2.121158816086856
0,2501.0,250,27,0.030469582518247683,4.637479182949786,2.927399099779495,-1.0134863077141656,0.7200925779865907,-1.0055066335808365,0.03476368818382032,-0.04706537060528779,4030064,0.034201321414691024,0.017804324431904082
0,2501.0,250,20,0.018698253931281116,1.362858443097575,3.5687344194523085,0.8460939047262861,-0.33161671435066875,0.6160026154879362,0.04143995336183443,-0.4911008025289232,4030065,0.05768234227231505,-2.1780701963247457
0,2501.0,250,36,0.03867853473041927,2.420859628439933,3.703155739952815,0.7012840599211858,-0.1258224067816827,0.4021913094496951,0.030825812209411118,0.4237010937994709,4030066,0.05336669257675865,-1.1774792470825048
0,2501.0,250,28,0.05563803425717971,2.6159557538736986,0.7658938450348679,0.1936728800699497,0.2400948656977081,-0.11057487396432804,0.030296300409009307,0.473876587368165,4030067,0.04705920456017618,-0.6572835497975471
0,2501.0,250,20,0.013322966928353636,0.5712694743094276,4.331968688021768,0.8164395195822867,-0.3469873345808709,0.6160026154879361,0.032027302759424794,0.3544928158646473,4030068,0.036986656302629865,-0.4917171275640748
0,2501.0,250,28,0.1173904975259324,0.2433919087599245,1.901978041892608,0.5321395985684699,0.44138232999348587,-0.1287269275608177,0.033409070525277286,0.2162697253895226,4030069,0.05325333592434254,-1.0871032103241949
0,2501.0,250,25,0.03470191939260873,5.172144651955455,4.1218996587261225,0.7183230212998455,-0.16824052010098847,0.4368483349985142,0.031411003816755864,0.16796276425668927,4030070,0.04558556807876668,-0.9610797188584441
0,2501.0,250,18,0.05977794753993342,3.5001314505995715,2.429166102900711,0.039680371199468066,0.312563634869436,-0.23343742106609405,0.03874306157633013,-0.4244296886949516,4030071,0.05786587209051259,-1.5749470260765674
0,2501.0,250,23,0.03390826991758293,2.9742530442433286,2.105855094561289,-0.5022563766439686,0.4626560646782913,-0.5805727414589652,0.0339062342560205,0.28735204493484234,4030072,0.03527011270890012,0.13161680375948207
0,2501.0,250,17,0.056599420748585726,2.911643647938549,1.6187899450857124,-0.4029638862403745,0.5175310048716778,-0.5786302433379942,0.029025780541520926,0.5470521837469569,4030073,0.0534152739992227,-1.1870392165934285
0,2501.0,250,18,0.054713412716563936,2.6357962353207203,2.7770282805427238,1.8798188034962648,-0.6636801474743551,1.3042761717775126,0.02945422241963245,0.4933899800985375,4030074,0.0456989247311828,-0.6809449802500842
0,2501.0,250,13,0.07984280028261978,3.2274499563188983,0.9822790727600162,-0.6720016054435148,0.7452171850343083,-0.8644616429423292,0.03433676053186352,0.002686421937747591,4030075,0.08069374271278662,-2.9528735501618844
0,2501.0,250,21,0.060780449060055815,1.94311728992564,2.961676787330912,-0.4858336096479491,0.6041733807564834,-0.6854843647357229,0.04054929394999353,-0.4093169003745433,4030076,0.0829122943386449,-2.5369133331985965
0,2501.0,250,15,-0.010065935986694531,3.553204115372348,1.6786310776536426,-0.5327928656270133,0.21818699028539887,-0.3907484249659758,0.03446582027032863,0.13068439688234296,4030077,0.09037763959062056,-2.7269180989312
0,2501.0,250,21,0.05093103429895297,5.741594743034615,0.4486717730151059,-1.1752587928801814,0.9055193331747076,-1.213330061813103,0.022115343092801314,1.1001355149826877,4030078,0.08806192511983417,-2.9106708326886817
0,2501.0,250,25,0.047105947263486214,1.8995024086870933,3.7723269766858647,1.1153510409169165,-0.3019797974202361,0.7109545921157724,0.03173238861151803,0.08772335976926385,4030079,0.04566653711620676,-0.5879854713217532
0,2501.0,250,22,0.06457904904896686,1.0179373653904888,3.0592098459740296,0.022345189296259657,0.3660255659144147,-0.2836709339722286,0.028802555133686108,0.2251793906617307,4030080,0.05558794317053159,-1.6365259488607913
0,2501.0,250,24,0.032244503902374294,4.790435248922488,3.842706547420656,0.666683656343559,-0.1568307373521423,0.4052458995425503,0.03971126441248867,-0.3425772736042205,4030081,0.054411193159735714,-1.7179010090805829
0,2501.0,250,26,0.04562664433378634,4.263144714567982,1.9570634277155412,-0.9799607939616998,0.7918986332276085,-1.047789849227737,0.038517707192405985,-0.2891122254145425,4030082,0.050729800924126614,-1.485324322566839
0,2501.0,250,26,0.050344453461962986,1.7324038852429764,3.0367938021240803,-0.0888554407412212,0.35194099731813994,-0.3195541283613829,0.030728372547261004,0.2727031066926125,4030083,0.0671611175886341,-2.121537582613085
0,2501.0,250,19,0.01734667653342714,4.037123924578592,2.1868232642978924,-0.7331726807761594,0.4768753118532665,-0.6841839277917006,0.028786112190698283,0.3738631914670269,4030084,0.038649220538066235,-0.3246845601841934
0,2501.0,250,25,0.07094516769224954,0.5904455113797497,1.5858070488444829,-0.7011152359105716,0.7945388268776981,-0.9314724162561864,0.028318552803589726,0.5312785955109568,4030085,0.045439823811374534,-0.9238768111275828
0,2501.0,250,19,0.07131087529539959,5.689789572860723,1.1266436405096407,-0.6971724459316525,0.7630335041009875,-0.8980874504852094,0.034351114133955175,-0.04672111782642542,4030086,0.06584402124627542,-2.50304689540592
0,2501.0,250,22,0.04063579374889016,2.478558443419897,1.1710705400489254,-1.5315679273876843,1.0357510788516668,-1.4679435028833785,0.0288962300816168,0.5114846239691546,4030087,0.0633825625080969,-2.301104316124233
0,2501.0,250,14,0.01712180838581104,2.8689971750578738,2.486088811933976,-0.6126380255113382,0.3999247011099496,-0.5668574309999564,0.040703135121129684,-0.2795363393397132,4030088,0.03306775489052986,0.2302525493084285
0,2501.0,250,27,0.018987503760814484,2.1884061729325133,4.8212706472254565,0.9214977541602044,-0.36950105567702174,0.6855407046384653,0.04147675746976173,-0.5775458451442224,4030089,0.04845834952714082,-1.1321809686801976
0,2501.0,250,23,0.07754229154143462,2.2711075580479725,4.0801556382332125,0.3543950879834337,0.2728947707791077,-0.07027994066262573,0.02777237984194844,0.5327592280805866,4030090,0.04863540182234313,-1.104187164821724
0,2501.0,250,28,0.0352478848902443,2.0228147925952547,3.311907674860852,0.7846985434623881,-0.19732388760628491,0.4904597895638854,0.03253538346936132,0.01528585029409902,4030091,0.046981474284233715,-0.7701403300649622
0,2501.0,250,31,0.1324627148827387,1.04059156644187,1.8909081280416544,1.6470544844524801,-0.043110586600159526,0.7359818042102132,0.03607656432180335,-0.007709848417386403,4030092,0.05024398669948612,-1.0583192430653765
0,2501.0,250,15,0.08350264138716054,2.549830076653264,0.8381398387392281,-1.0495184067235015,0.977619674844685,-1.206806066746646,0.030755279181241095,0.3619293129113363,4030093,0.060742971887550186,-1.6630410679090462
0,2501.0,250,19,0.047317068930676026,4.037123924578592,0.7533211665842282,-1.156812612497251,0.8650740907785051,-1.1695803831346632,0.03198152411133367,0.2135272421385632,4030094,0.0321285140562249,0.07378066866848114
0,2501.0,250,26,-0.05753752567532655,1.0997186779117252,1.3288244476180209,1.8809349956034398,-1.337858876515575,1.86515303423768,0.032286641823460825,0.45027488242197705,4030095,0.039170506912442386,-0.3520169890508254
0,2501.0,250,24,0.0872147260273522,4.1124803978274285,1.1995701779322634,-0.8064550581708572,0.9422073920603148,-1.0929892712163136,0.03948769990355688,-0.0555467076200388,4030096,0.04106749578961005,-0.6271516829929313
0,2501.0,250,14,-0.15795733646132348,2.8689971750578738,-0.7056964855321274,-1.3384188175812972,-0.14141344229732758,-0.4289461126924869,0.0395182882065898,-0.21846766016723695,4030097,0.07990024614587382,-2.841170270724532
0,2501.0,250,19,0.08891022050662452,-0.09454019612673516,1.727718548119713,0.0029737143333491,0.5005846212224678,-0.3989792308670218,0.031976292265837536,0.07963924859450877,4030098,0.043075527918124114,-0.4666938178001016
0,2501.0,250,25,0.08387031152693313,3.2085593059944393,2.1017448297002588,-0.22224224530040512,0.6209867349901461,-0.5910501291912045,0.029368369535489627,0.6510597652694258,4030099,0.045180722891566265,-0.5764024896715545
0,2501.0,250,15,0.02489211756315593,3.5532041153723477,-0.6764279252763611,-2.2045993764052194,1.2556067714037935,-1.8983247913077763,0.03675184609405363,-0.008626345032668993,4030100,0.03585308977846872,0.2961850565782744
0,2501.0,250,15,0.006495751794369371,3.553204115372348,1.9345127219813856,0.4559778497333634,-0.1979639158939913,0.34337571864394445,0.03658181111542947,-0.07596534596782319,4030101,0.036941313641663434,0.007294384432168509
0,2501.0,250,19,0.03763791496580576,3.2107911004375262,3.335784623670369,-0.17761153449580794,0.3043516683299231,-0.31670864521567244,0.03478025003238762,-0.2216661938278302,4030102,0.05198212203653323,-1.5674385394664851
0,2501.0,250,14,0.06758188131133497,7.111237016030168,1.551339111253063e-05,-0.8910243668827732,0.8034205121544155,-1.0012780836684856,0.0353622928438319,-0.15985368119178636,4030103,0.0646456794921622,-2.3636070743668043
0,2501.0,250,27,0.03694352054105576,3.4129426779411487,1.6782490369546816,-1.2021731214658573,0.8590511588468427,-1.1966323769668021,0.033625818410116894,0.08669903661044498,4030104,0.06280768234227233,-2.083924702857672
0,2501.0,250,26,0.05667012579077385,1.7324038852429766,4.280543934227062,0.021297848850041518,0.3323704606253106,-0.2574399051110171,0.025626700349786244,0.7776825641088958,4030105,0.051107656432180334,-1.4923658103513984
0,2501.0,250,19,0.024771248450255325,6.516122397001787,-0.7648785944706005,-1.9171715549358088,1.1307061679704824,-1.6961121313033003,0.02758345208792158,0.6120741136934309,4030106,0.0577147298872911,-1.452237990920472
0,2501.0,250,20,0.03914831666283019,3.737625349462014,1.6702572406596408,-1.14245388260147,0.8160518687210511,-1.1263298462543796,0.0373105324523902,-0.16627002706039498,4030107,0.05865397072159606,-1.2765596957750731
0,2501.0,250,21,-0.06642873321513171,1.1834217993038445,1.035554775849449,0.2828195755941898,-0.5313353128972341,0.542771968848181,0.03099854615594997,0.4090515111576476,4030108,0.05083236170488405,-1.0589396116778709
0,2501.0,250,17,0.015590716283200409,2.005555825162165,3.9121454863392167,0.440447403766931,-0.14059740863321515,0.2929374171715919,0.037134713971091735,-0.020945004997372646,4030109,0.03493004275165176,-0.14945038694549506
0,2501.0,250,17,0.029198546218712183,7.442082761820463,2.7626589002131874e-06,-1.1425353284133548,0.7469073223340333,-1.065156026430674,0.03929795428046497,-0.4702275822414995,4030110,0.051026687394740255,-1.638968265134646
0,2501.0,250,12,0.08859362836240206,0.03953603075383277,1.5718240907546286,0.29789619400883577,0.2890601771936035,-0.11089936137129934,0.03826596709418319,-0.0185854991697324,4030111,0.05377963466770306,-1.1414600160508503
0,2501.0,250,22,-0.08046873995715602,3.2088689824346,0.3803377732987834,-0.5510629698183213,-0.18343448995833952,-0.08302971361951299,0.02823930129118625,0.5797594606709323,4030112,0.04437103251716544,-0.6584273086816681
0,2501.0,250,18,0.03814324097194927,0.04279058948416623,3.6829427025220154,1.8908989561355023,-0.7616965340274549,1.3871640791984503,0.033021872435980475,0.17580817849657207,4030113,0.06202228267910353,-2.1942633425498834
0,2501.0,250,23,0.07963608525305536,2.974253044243328,6.669880563534684e-06,-1.6358963330381584,1.3249488497479085,-1.7452688099432037,0.031036588751318636,0.2700727966305056,4030114,0.064451353802306,-1.405943678574217
0,2501.0,250,23,0.03180648462691022,5.786834989024753,3.1223046160181824,0.3414956157708212,0.0094829647390783,0.1352546596581224,0.04388521829252493,-0.6974607745999957,4030115,0.033013775532236465,-0.07884107530363006
0,2501.0,250,22,0.04873117311685183,2.4785584434198964,2.0131277145260893,-0.4068075740315776,0.4969774818518662,-0.5675048554468014,0.031156885606943907,0.36843463290050493,4030116,0.05017921146953405,-1.187645960379266
0,2501.0,250,21,0.10715952765018208,2.7028127805474345,0.9790954695376798,-0.6853436800204007,0.9762063604911322,-1.0661423193588335,0.026000314622545487,0.8726780233638312,4030117,0.04087317009975385,-0.4505996730172186
0,2501.0,250,18,0.003698240438971653,0.04279058948416594,3.605302865703516,1.8400524411419092,-0.9273844296151716,1.498634023661091,0.028679233061277367,0.527613668619918,4030118,0.044900030228440635,-0.568612989129253
0,2501.0,250,18,0.0037804235598376695,0.9071258047630176,2.263798800701432,1.6947052759444954,-0.8520444366814943,1.3785894680859396,0.032661830116163575,0.19220382243893072,4030119,0.06627315714470787,-2.0557628448092253
0,2501.0,250,22,0.09312195171720357,1.7482479044051928,0.5089800727200163,-1.3455704448890646,1.2457754542071855,-1.5584767364571652,0.03432479919678715,0.08855668438605915,4030120,0.06299391112838451,-1.9425858452928764
0,2501.0,250,19,0.0250725072583989,-0.09454019612673513,2.192294512477523,0.54687991732702,-0.14103484291639795,0.33871368714007954,0.02804497560133006,0.5559971437545834,4030121,0.04147234097681047,-0.5553750379105586
0,2501.0,250,32,0.08236649147218346,4.089364642588524,4.3104156290037725,-0.22506033920393625,0.6390559307153818,-0.6090876843558998,0.020908518868099125,1.137309874438435,4030122,0.05513181759295245,-1.800175061552723
0,2501.0,250,26,0.1175855745937486,0.4670334705804733,1.5856991784413332,1.0788426069742405,0.14560063093088238,0.33799989018559,0.026679297836507326,0.7544453701226604,4030123,0.039843243943516,-0.5513938601812154
0,2501.0,250,32,0.048263132705834384,0.9253151886374154,3.1720466772295293,-0.4867573023403692,0.5630220154289591,-0.6596816258074469,0.03303941572742583,0.34068748482679406,4030124,0.040743619639849724,-0.4143441114528228
0,2501.0,250,24,0.054717714144726766,4.1124803978274285,1.7221642793619558,-0.8580558627409516,0.7754835997861084,-0.981078412424874,0.028934285529213625,0.3053375317354069,4030125,0.031545536986656304,0.15692855781854168
0,2501.0,250,24,0.0886073457972222,4.1124803978274285,1.3267340656494824,-0.4690785862475991,0.7738641471215666,-0.8166379668537795,0.035979401476875235,-0.035079044952912884,4030126,0.056138532625124166,-1.5884530852160732
0,2501.0,250,20,0.030518353309931218,2.1544474118857218,3.6696236421395128,0.6855889093199571,-0.18082381142332585,0.4288534403234816,0.04143023707734163,-0.17969048529409526,4030127,0.055010364036792325,-1.2412700769368084
0,2501.0,250,23,0.036409634160855006,2.974253044243328,3.7176699099852746,-0.3779831776219397,0.41251329491600064,-0.4884365413151818,0.025668657032823373,0.7486134151536749,4030128,0.04328928617696592,-1.142427789810969
0,2501.0,250,25,0.07691231246090242,4.517616203301783,0.7697301085098249,-1.2609920364553224,1.1242083523884108,-1.4310531751957052,0.027594247959580258,0.8101488674818814,4030129,0.04790128254955305,-0.95211610047106
0,2501.0,250,27,0.03659742951467921,1.576137920428195,2.9902816327895803,-0.11980087865316355,0.2866864851319613,-0.28047528095364194,0.035815304227663346,-0.2670383684449124,4030130,0.05616012436844151,-1.5808667828055882
0,2501.0,250,23,0.02446222347813372,5.0836895028293965,6.669880563534684e-06,-1.493188861992502,0.9245029551035678,-1.3649116760163025,0.034015828710737384,-0.007845158822753967,4030131,0.07328507578701904,-2.2287495616001802
0,2501.0,250,21,0.04479159499995743,-0.3359691819397459,3.3071684216834782,0.4320005824594238,0.034617605738861426,0.15196313543512058,0.023610571317528174,0.8165076110244538,4030132,0.0444358077471175,-0.7825641192421209
0,2501.0,250,26,0.0482076878926991,1.7324038852429764,4.200845721902714,0.5086433218064031,0.024810551648706887,0.19449461577957292,0.02883885773508782,0.35353416772254576,4030133,0.04266528479509436,-0.4589612179819343
0,2501.0,250,32,0.034754251600664136,2.5073399156129703,3.809527051498368,0.6741227002610881,-0.13899986260393404,0.3991772917142209,0.03620125663946107,-0.18198627509663529,4030134,0.06688042492550847,-2.1234701031062024
0,2501.0,250,20,0.033422667899849136,-0.22031949447871868,3.0599161728056328,0.19613895898010544,0.08948027761637757,0.009744724110125731,0.02729916080090973,0.6044624294514728,4030135,0.04040894761843072,-0.3288092930134908
0,2501.0,250,25,0.043333361271988544,2.5540308573407673,2.9597486930738865,-0.4282425885296863,0.4853053691553714,-0.5689447858752963,0.032916612687308375,0.0418293394208351,4030136,0.07075614285097379,-2.614545771614611
0,2501.0,250,14,0.057303470678484174,3.929557135300948,1.551339111253063e-05,-1.6762305909419335,1.148562492660346,-1.5942967523906046,0.04802543507362785,-0.8477019223184885,4030137,0.06322062443321673,-1.3456207925862915
0,2501.0,250,23,0.052752413322169456,4.3805440166340395,3.342727923351793,-0.24887550039763545,0.4416029460019142,-0.4577244746005874,0.037321328324048886,-0.049537643570674535,4030138,0.04241158181111543,-0.6584853724842594
0,2501.0,250,16,0.027972703875719044,2.263676098788768,3.7081659028012033,0.20095212980867674,0.048198439270231576,0.043601350778998585,0.0367146003368312,-0.12390951884203798,4030139,0.04226583754372328,-0.8539129969505441
0,2501.0,250,22,-0.0923107411813644,2.478558443419896,-9.194991986519129e-07,-0.3652766614514643,-0.3495025499268241,0.12739888333577407,0.031448374141728214,-0.05397578317572884,4030140,0.0575204041974349,-1.628753346687284
0,2501.0,250,19,0.03513066423996588,5.689789572860723,2.9664332194972367,-0.6857829911025269,0.5528191934264894,-0.7253192206173753,0.03959709806969815,-0.4868276238946395,4030141,0.060046638165565484,-1.948712628766071
0,2501.0,250,16,0.06310094601483725,4.168053743451224,3.3141156600748287,0.22184674717902994,0.22715187458920116,-0.09072451809789472,0.028999870449540093,0.6212710244422849,4030142,0.0483115256725828,-0.8745615947344821
0,2501.0,250,18,-0.03518464862077197,1.7714610200418692,1.216820402954723,0.3038267669499076,-0.3525342746445765,0.4068002086680469,0.027282149124356662,0.6866745515535592,4030143,0.03083300945718357,0.2445406779182521
0,2501.0,250,16,0.09619965947308858,5.12024256578245,0.8370006564715241,-0.6245535145860489,0.8388930722251052,-0.9247944481009316,0.03563226513090486,0.019947360505055384,4030144,0.06940665889363908,-1.926423270299761
0,2501.0,250,16,0.03291315655028638,1.3114872764575407,3.2362955518139214,0.18877634984762195,0.08109970062249912,0.01236277662158145,0.03271443545442768,0.2324700388205429,4030145,0.04457345511076565,-1.1151848783839993
0,2501.0,250,25,0.06659274844524933,1.8995024086870944,2.881380456150152,0.7486048194062321,0.0076509056802663315,0.3086373437662482,0.03927734398002568,-0.2349168269266871,4030146,0.06957399490434857,-2.3072040674478416
0,2501.0,250,28,0.04174814418169195,2.0228147925952547,4.469034677567811,0.5724636555665483,-0.045304625805170806,0.2786858309381729,0.040672366886902456,-0.4759992606798814,4030147,0.0501943256898562,-1.5030350890414852
0,2501.0,250,25,0.09822668934671794,2.5540308573407664,1.4928901105978418,-0.47118386056666,0.8379489190372622,-0.8695774549716438,0.03480589022757697,-0.018971094945741864,4030148,0.07617567042363001,-2.778706128431089
0,2501.0,250,14,0.03846415585272788,1.808437214814801,1.7586264679549075,-0.4480254899953775,0.42726833065394015,-0.5220362525500291,0.03718329539355579,-0.23206830581978746,4030149,0.05071900505246794,-2.2139258106727397
0,2501.0,250,15,0.05900721095648516,1.5464560379341803,2.114981947797347,0.1488245054469238,0.2369834462499133,-0.12856123081957566,0.023814862427377,0.8634228579418141,4030150,0.04440342013214147,-0.4548694842113392
0,2501.0,250,21,-0.034214218150545136,3.4625082711692303,0.351424365442428,-0.3891051524805862,0.004285107118335715,-0.1652518267508048,0.036430178190768936,-0.16974673402427365,4030151,0.0657144707863713,-1.7809027647939308
0,2501.0,250,31,0.03501440531400028,1.5829631528878731,3.3719250117582167,0.2433881059336557,0.09045677480577144,0.031036559423167832,0.03378490922214202,0.08664428842438265,4030152,0.046551798592218335,-0.9010481483749699
0,2501.0,250,13,-0.0005319977688559019,4.352354305586282,2.861806443819212,-0.03247767097648342,0.01370837646762212,-0.024002220063564044,0.04949151444487628,-0.9890394333248406,4030153,0.042492550848555515,-1.1764474491554486
0,2501.0,250,28,0.08825050215099202,1.4296738313168116,1.2430800603987675,-0.03073926322370315,0.5592015328967115,-0.461514576829795,0.026684450411617145,0.3871296249327147,4030154,0.04848425961912165,-0.8142776274483887
0,2501.0,250,25,0.03843780707679608,3.8630877546481113,3.2361067705562854,-0.6008698667625537,0.5464480536129582,-0.6905241741127898,0.02592088785248521,0.8254578199637816,4030155,0.04084078248477782,-0.3096273561059146
0,2501.0,250,32,0.10759144359502464,3.5620230669300064,1.6827362715103695,-0.18124651383356105,0.7748655028218194,-0.6994340083765198,0.03462033618344345,0.11358267112344812,4030156,0.0616174374919031,-1.5492326326435657
0,2501.0,250,19,0.04510135898691054,4.037123924578592,0.74455731550946,-1.2319723948311745,0.8914040471902509,-1.2216850873805178,0.03312713218465259,-0.012387773457413218,4030157,0.051075268817204304,-1.5344125445540906
0,2501.0,250,35,0.06704415083698824,2.5625111176757,3.2194353663598845,-0.06994593711672849,0.4666997328695337,-0.4049340030324667,0.03607170617955694,0.0291008146434639,4030158,0.061520274646974994,-1.8162736500291599
0,2501.0,250,23,0.097121660218804,0.16167109946190475,2.3972015016969963,1.6341763504080733,-0.27998561598561544,0.9077812608636924,0.031007902578054157,0.339685949000763,4030159,0.05496178261432828,-1.4315863485393727
0,2501.0,250,20,0.010059070532064935,1.3628584430975743,1.4918120397675534,-0.12985581698540366,0.1248353406158646,-0.15368131617432731,0.044878438485123295,-0.6198853615922906,4030160,0.052934317916828615,-1.1401026354787227
0,2501.0,250,23,0.009206299067889591,3.677398530438684,1.8615955026022288,-0.3228159076688776,0.2230116246776247,-0.3136140077090284,0.02758777043658505,0.5842771344827282,4030161,0.05120481927710843,-0.9568190771224158
0,2501.0,250,28,0.08646521966953807,2.6159557538736995,0.9648278909944564,-0.17215931378265342,0.6228639366510456,-0.5724437932527874,0.02618685887243991,0.8537885158369852,4030162,0.050934922485641486,-1.3144936962688698
0,2501.0,250,22,0.04306106236119274,3.9391795214493053,1.0533778997097625,0.12743951553712246,0.18541952013363988,-0.09526393437272716,0.04016873947402514,-0.2504837856394578,4030163,0.051548127995854384,-1.044037652092104
0,2501.0,250,21,0.04829984602795488,4.222203761791024,0.7169182581902145,-1.437033383624559,1.0263545692100526,-1.4188853573095832,0.030645161290322583,0.2826934215933655,4030164,0.05632206244332168,-1.297062564433502
0,2501.0,250,14,0.07896535422725133,0.7478772545717279,1.1942783350185124,-0.5005338562197813,0.664367519406987,-0.7323510129689198,0.035857138230340715,0.04334929860861125,4030165,0.07523642958932504,-2.3598476552851864
0,2501.0,250,21,0.05650038280589891,3.462508271169229,2.272029718654894,-0.4089731727011849,0.5394615131432241,-0.6017396147186387,0.033077471175022674,0.05168093513690277,4030166,0.0609642872565531,-2.0577841951406346
0,2501.0,250,22,0.03356069979713856,1.0179373653904888,2.653448983072746,-1.1225236341621962,0.7812201699749227,-1.0935763478350191,0.0314483741417282,0.2734421701560052,4030167,0.04075009716284493,-0.5403298873218751
0,2501.0,250,23,0.01519199177782823,2.2711075580479725,3.828126361322584,0.3040397052130095,-0.06908859588161602,0.1825039930651907,0.02895701914357181,0.3171995700098495,4030168,0.04862190698276979,-1.181569453286036
0,2501.0,250,18,0.1017735223024782,1.7714610200418692,1.541240327957584,-0.05262646432139629,0.5940656669550864,-0.4963921618497594,0.033537375307682346,0.30450445855760794,4030169,0.06056484000518201,-1.5831628600761132
0,2501.0,250,21,0.03085506779123756,1.94311728992564,3.896144588821171,0.6107151328958187,-0.138903061819296,0.3651315900240626,0.02578937450682495,0.8926778026483344,4030170,0.048818931640540665,-1.5467072994288282
0,2501.0,250,33,0.039236152503820274,2.8687790991042648,3.5964258640059086,-0.01949492859062557,0.2591651892323636,-0.21645438004285344,0.03875717925465302,-0.5719999475902086,4030171,0.06095888932072375,-1.663722071032906
0,2501.0,250,18,0.04185175430102918,3.5001314505995715,3.21394832037017,-0.2689810237507145,0.3717225545011785,-0.4077878470204809,0.029296911146891712,0.26387822721117826,4030172,0.04354514833527659,-0.7384277949041904
0,2501.0,250,14,0.05484038004755491,2.8689971750578747,1.551339111253063e-05,-1.4332814337842434,1.0124496751327017,-1.387429774929401,0.03327287645204473,0.2531404907215577,4030173,0.07245109470138619,-2.6594295305227686
0,2501.0,250,20,0.09173946085613764,3.7376253494620144,1.1358300835184856,-0.6520374943238205,0.8626251116655659,-0.9602679020943706,0.031680976103828806,0.33999622173085825,4030174,0.06294532970592047,-1.8661030073214973
0,2501.0,250,21,0.04508102570976722,0.42372630868204897,4.24803388936152,0.5251410802011997,-0.0121180383088247,0.2280947263597424,0.03015934706568208,0.08973307142910006,4030175,0.03755343956471045,-0.188812739349926
0,2501.0,250,20,0.024451562833213786,1.3628584430975748,1.2022223087226585,0.38507757581953145,-0.05975710799778872,0.2074375147768031,0.02655379582847519,0.7738103960681625,4030176,0.049860733255603064,-0.9934186396191343
0,2501.0,250,23,0.06714524719479889,1.5679620718526166,3.7062015967660384,1.4788179083658093,-0.3758929565029453,0.9195935942154594,0.025278533488793883,0.6562331338627672,4030177,0.06907198687222006,-2.3032549836360285
0,2501.0,250,29,0.06303249415224073,0.7169250667860149,1.071427793721108,-0.10121263236669033,0.4439544332252023,-0.3991026612216605,0.04339670509996977,-0.4861970630504577,4030178,0.05451645290840783,-1.3380886467810058
0,2501.0,250,22,0.005619932784370061,3.2088689824346,1.5628692240582958,0.5244703470445216,-0.2404370886605245,0.41123280481034735,0.032381137453037966,0.25967885059143025,4030179,0.0620762620373969,-1.9439011604835572
0,2501.0,250,19,0.059804732429529724,4.863456748719658,0.4508675175768222,-1.2511937591581823,0.9843752742074432,-1.303955673031867,0.03030185257157663,0.3154678235792958,4030180,0.0857300168415598,-2.852862878584512
0,2501.0,250,21,0.057587940624578116,2.7028127805474345,2.3523248361765092,-0.2808805804189944,0.4791770993227558,-0.5002308268191422,0.03822818154337782,0.01182074330838633,4030181,0.060095219588029526,-1.5734813197709092
0,2501.0,250,20,0.025511868159691732,4.529214318250162,3.0727236382272327,-0.4737805599547888,0.39147473632452495,-0.5095283393743463,0.04387712138878092,-0.2715184822376535,4030182,0.08145485166472341,-2.5896972133434524
0,2501.0,250,20,0.11273350632040148,2.946036380673868,1.0217453542901256,-0.4599198053205864,0.8831104837390942,-0.8970062090810337,0.030782114633649806,0.3531475793851947,4030183,0.07164140432698536,-1.9562942266141692
0,2501.0,250,20,0.013811629383165241,6.112392255826454,2.0493954924539413,-1.1995754512407688,0.7007590346444236,-1.0577963454899313,0.043978332685581024,-0.5963793255308273,4030184,0.02571576629097034,0.7456819669645252
0,2501.0,250,27,0.019618610926559917,1.5761379204281942,3.7977231698340463,-0.5846132975583691,0.4278525673140533,-0.5900158870896076,0.025812929135898437,0.6763563998004472,4030185,0.040797598998143114,-0.3957225323615656
0,2501.0,250,16,0.06213836955476897,1.3114872764575405,1.8093684293346275,0.11351901641999748,0.27738029879444703,-0.17506866832292114,0.02495789610053116,0.8557048983219621,4030186,0.06160124368441507,-2.577655215683265
0,2501.0,250,17,0.00942415764148732,3.8177314707149317,3.1440549790115537,-0.3675937109898262,0.2404707217719868,-0.3428294036795784,0.038356652416116084,-0.1472228583273051,4030187,0.05402254178002332,-0.8081480883529639
0,2501.0,250,14,0.04207225077695401,6.0506770557870935,1.551339111253063e-05,-1.1919678389748798,0.8236212454291663,-1.1391894019759552,0.041541164658634534,-0.4825448340955403,4030188,0.06976292265837543,-2.234141618661819
0,2501.0,250,18,0.018265198612476642,1.7714610200418692,1.8952738408874752,0.6240404012432549,-0.21975218683267772,0.4325240420055795,0.031027335147039776,0.6039625013027299,4030189,0.04493781577924602,-0.2997882056847261
0,2501.0,250,24,0.010758370310094521,3.4345255467323668,2.5040387890800306,-0.6100714135934089,0.3835646503707517,-0.563125613265008,0.03153396998130772,0.4020134636821936,4030190,0.04126182147946625,-0.26247849855220634
0,2501.0,250,17,-0.042926220933479836,2.9116436479385497,0.33921778745411885,-0.6801030371747091,0.11363735235731877,-0.3696927904761069,0.032432459365999984,0.07808614711578367,4030191,0.09123591138748542,-2.815010944435799
0,2501.0,250,19,0.025159969493021205,5.689789572860723,1.6136674840556502,-1.1119450631703949,0.7167537005695548,-1.0324627403824136,0.03522800880943127,0.15204372282766082,4030192,0.10218292524938463,-2.9127989871590967
0,2501.0,250,20,0.0498343503444647,2.9460363806738683,1.9140052917235864,0.7190327484832151,-0.08769050788440827,0.3682276511857007,0.032063738826272836,0.15390620347618425,4030193,0.05094571835730016,-1.0904073575288786
0,2501.0,250,32,0.017419947697326483,5.671389369564079,0.5258286050586419,-1.1738516078586196,0.7335806892410079,-1.0897301281455989,0.031189273221919937,0.3249725660359433,4030194,0.08615105583624821,-3.1770660963656248
0,2501.0,250,17,0.053951940625023384,2.911643647938549,0.8510202827589606,-0.6827521614115816,0.6466663588343556,-0.7965221584653904,0.024290711232024875,0.8785614884188427,4030195,0.06096968519238244,-2.1503230687117028
0,2501.0,250,18,0.022312717315128967,4.364466665878424,3.273129678433545,0.0801132089005444,0.08302416532368627,-0.033363161774175115,0.030213017970499512,0.2555670679296383,4030196,0.04854903484907372,-1.1433057104156428
0,2501.0,250,21,0.04611595976302648,5.741594743034617,3.0269674072966275,0.3997089476291384,0.05906374745435852,0.11897277936778405,0.032385910364718634,0.28873139131396564,4030197,0.040797598998143114,-0.4987395821670537
0,2501.0,250,13,0.023695468191204286,3.2274499563188974,0.9254195319026144,-1.0039613306811348,0.6276972953045211,-0.9044835202222704,0.04090195909084367,-0.3290655817737228,4030198,0.030590102344863326,0.2841918952871324
0,2501.0,250,20,0.10556031028562007,3.7376253494620153,1.103977916147241,-0.34053928742527506,0.7802090587674322,-0.7652110153032491,0.03340782484777821,0.28152196904053506,4030199,0.0434209958112018,-0.6246535879370915
0,2501.0,250,28,0.018925302202665504,2.6159557538736986,2.7808212639542957,0.694331493233236,-0.25005233135414673,0.49449357925199394,0.025991061018266613,1.0638565726691187,4030200,0.037796346677030704,-0.3998935003600133
0,2501.0,250,19,0.078881217603265,2.384458276296461,1.8061796676382773,-0.3737278580919544,0.6386282332384019,-0.6649874578063855,0.03571746664075659,-0.029047382738136774,4030201,0.06917994558880684,-2.6313659926340898
0,2501.0,250,29,0.12269534651077872,0.7169250667860151,1.1841819333692938,0.6917555793843616,0.3942167672230058,-0.022811600755277568,0.02961994605989942,0.36360066478053255,4030202,0.03646845446301334,0.044315292067081895
0,2501.0,250,28,-0.015361276736026669,0.8365328700383684,1.0041401191947017,0.5850220457185962,-0.403308830580096,0.5711355833260614,0.02986407997581725,0.6588078088112767,4030203,0.04045213110506543,-0.1903418831360437
0,2501.0,250,27,0.03990904561020371,2.8006744254368323,3.7654902826360095,0.8485370168577623,-0.20325444204491405,0.5214218597744299,0.03682009142561028,0.09911115986074258,4030204,0.07127434469059031,-2.4611760466654515
0,2501.0,250,19,0.029124924129233114,0.7317926280143299,4.191833792672742,1.1564148670283767,-0.4331615245018524,0.8241101424830416,0.04763755482760535,-1.14240154400983,4030205,0.046994429330224116,-0.9704917373645728
0,2501.0,250,20,0.08144066911982549,0.5712694743094278,1.3303889355670675,-0.6071235627935436,0.7804463410694422,-0.8759189780765884,0.0392681838464971,-0.3952243727997585,4030206,0.03652243382130673,0.17065380751650625
0,2501.0,250,23,0.011603772783485835,0.16167109946190467,3.3199411354185497,1.5460261917852849,-0.7390710547459408,1.2385265947131714,0.03266695815520145,0.09993543444683273,4030207,0.04155331001425055,-0.4673036481799338
0,2501.0,250,17,0.05724222456459471,1.0994680023857824,1.1992183207511675,-1.0618098173271249,0.8593607622994487,-1.1218676207789005,0.033428067107138235,0.14721337843412255,4030208,0.052241222956341496,-0.946832348067333
0,2501.0,250,18,0.04830312928901307,3.50013145059957,2.825038011792961,-0.21327479268728067,0.3789618322118584,-0.3906386247954591,0.03242809949475321,0.3864919778831479,4030209,0.04942350045342661,-1.0974977369182155
0,2501.0,250,27,0.05621604044123915,2.1884061729325133,2.4542271236161604,-0.6404600306944258,0.6808446554241075,-0.8164583439273272,0.03465042967569201,-0.18757940845661647,4030210,0.043269853607980316,-0.8184897363512761
0,2501.0,250,24,0.016650223182621382,4.112480397827428,1.019853614695855,-0.6173682770509782,0.4225113464933606,-0.5973840394256531,0.027367534654748026,0.8228360936758408,4030211,0.045206632983547095,-0.5033294462322274
0,2501.0,250,28,0.06876934276545628,2.6159557538736995,1.839112091288228,-0.15618976758020084,0.5055577346312884,-0.4715990510500669,0.03369391544673316,0.2018745864245637,4030212,0.06868765384117112,-1.790071534380236
0,2501.0,250,25,0.02770722201926776,3.2085593059944397,3.9131674946859087,0.7334428913265759,-0.21823826478197114,0.4832695559619207,0.04250643125497382,-0.7135037948152666,4030213,0.055393617480675394,-2.1108931109993323
0,2501.0,250,16,0.10494402876093777,1.3114872764575407,0.8680664349930973,-0.5898923118325942,0.868366466671499,-0.9341660203481568,0.029238819075585495,0.34625842699476583,4030214,0.08430496178261432,-2.7990283134223186
0,2501.0,250,25,0.043531532131464094,5.826673100609129,2.8708766130069527,-0.8871169749737601,0.7272829774337362,-0.9557882939036852,0.03240704754501879,0.3449022547469248,4030215,0.07232154424148206,-2.7630576205130217
0,2501.0,250,23,0.033604589913607416,3.6773985304386847,2.7435755858826933,-0.07474392103719253,0.23753874860734464,-0.2214778075652448,0.03575592693354062,-0.18271669068074534,4030216,0.06543917605907501,-1.7742690181277392
0,2501.0,250,17,0.028239787984664918,2.911643647938549,2.7626589002131874e-06,-1.6825782264157547,1.018945093692613,-1.5039246774406367,0.02868953821149701,0.5137360533340533,4030217,0.056710713823034074,-1.0391504913233849
0,2501.0,250,16,-0.04330434339632462,2.263676098788768,1.2794872113393594e-06,-1.1425748263461994,0.3508055209654683,-0.7467345754036541,0.039545277885736495,-0.21321521123982667,4030218,0.11011789091851276,-3.294298646585489
0,2501.0,250,20,0.06439280347932312,0.5712694743094275,2.9275876651855453,0.21439954948901754,0.2571334063365407,-0.11677866191654755,0.040817227855704345,-0.44426744237544985,4030219,0.059226151919505976,-1.7408060545576889
0,2501.0,250,19,0.06464430941196486,4.863456748719657,2.210032626821489e-06,-1.6594884580325744,1.2227169484275795,-1.6632038970427607,0.028744008291229438,0.5776881953552866,4030220,0.06995724834823164,-1.8906798000904381
0,2501.0,250,20,0.03307230613979553,2.1544474118857213,2.502589761493783,-1.026557627797692,0.7212312243678404,-1.002442364103262,0.03273038390119618,-0.1648367736651365,4030221,0.053180463790646455,-1.9695793224350064
0,2501.0,250,19,0.02859043269543005,5.689789572860723,3.5441255909100287,-0.4394362513369064,0.3885691109851072,-0.4922192279385513,0.03277128364574925,-0.04449434519738666,4030222,0.04281642699831584,-0.6077257351899503
0,2501.0,250,21,0.031986478747766736,3.462508271169229,2.401237642249717,-0.7132174872586365,0.5557631696582287,-0.7413141980804461,0.030986850628319733,0.1795571387145216,4030223,0.04231441896618733,-1.3429561063524935
0,2501.0,250,18,-0.07769386788872944,5.228801881157274,7.942844380620404e-07,-0.7486766545531846,-0.047096844120255325,-0.2705940692203079,0.029701467158958418,0.5063249487597611,4030224,0.04373137712138878,-0.5545672826855806
0,2501.0,250,24,0.026421516842643204,1.4006609934471832,2.2279506968761993,0.28230231474437634,0.009710581382397393,0.11062343456100532,0.044799011715063015,-0.7172486943933001,4030225,0.05818435030444358,-1.8484652162976731
0,2501.0,250,22,0.0867493493634982,5.399800599478709,0.9768213043004008,-0.6862144141468257,0.8649144617201941,-0.978574672754804,0.031812734810208576,0.3334838288335272,4030226,0.060321932892861765,-1.6582918320090476
0,2501.0,250,27,0.1176913072636903,1.576137920428195,1.7081910370735944,0.4191918962422039,0.4981091469420105,-0.22230657644486976,0.02722641718949531,0.5500477990603857,4030227,0.07418383210260396,-2.8157302114345084
0,2501.0,250,21,0.08052313172011143,2.7028127805474353,1.1661599660371145,-0.5193456388406794,0.7358171859364072,-0.8047571905176311,0.036861154294597735,0.03006320159544365,4030228,0.07173047026816945,-1.7719276582221275
0,2501.0,250,21,0.02688197350203044,1.1834217993038445,3.7436624555627613,-0.4151727760624039,0.3713197579293172,-0.4697781904492934,0.03693483611866822,-0.1879846065887903,4030229,0.03381267003497862,0.1545937953043664
0,2501.0,250,26,0.031966859159977365,4.263144714567982,2.1793958135294047,0.0059304587538994025,0.1906844778835605,-0.1503464167483183,0.036454059967468436,-0.1267831332171143,4030230,0.056119639849721466,-1.7302079965239254
0,2501.0,250,19,0.14868579885794686,-1.7472058444088665,1.6265703184869755,1.9623316287834345,-0.1744446625425582,0.9502583738151114,0.026214535561601242,0.8380609835225924,4030231,0.044200997538541266,-0.6866168940239611
0,2501.0,250,18,0.019693130337524057,3.5001314505995715,3.67383304770968,0.6352316331069457,-0.21756323527193847,0.4353822457097498,0.03581710353960645,0.02935078720040173,4030232,0.0456989247311828,-1.4507111205696732
0,2501.0,250,17,0.031922291201800984,2.911643647938549,0.985742660805448,-1.2153134667889682,0.7992251529706084,-1.1367917245547494,0.052423403290581684,-1.1222768193864106,4030233,0.09674180593341107,-2.864637567328004
0,2501.0,250,19,0.11373977711329475,-0.09454019612673534,1.5279139714253918,0.30788720783568285,0.4832279798150375,-0.2591192352597275,0.028776395906205468,0.5722128607122632,4030234,0.03821090814872392,-0.12794369794170612
0,2501.0,250,36,0.09240998099922937,3.845170105593165,1.0686406325720752,-0.2984407986878935,0.7540245373334132,-0.7340419776633245,0.033808621583106616,0.2145941837418576,4030235,0.06056484000518201,-1.8244787306612995
0,2501.0,250,17,0.07942440370687005,1.099468002385782,3.2023869419445754,1.1745750411894154,-0.16723465840303692,0.615298058729932,0.027121928574513104,0.8792692843295801,4030236,0.05399015416504729,-1.9444075850823082
0,2501.0,250,23,0.052880278587001235,5.786834989024753,6.669880563534684e-06,-1.620557030704772,1.1588959165106314,-1.6058832763923514,0.03244591268299002,0.1938224386128506,4030237,0.05667832620805805,-1.26726409921446
0,2501.0,250,18,0.027695711731854356,0.04279058948416623,4.010801436675794,0.4875795740021215,-0.0969133757182544,0.27818104198038457,0.035338936390724184,-0.11220705220013692,4030238,0.040792201062313765,-0.8561249414604089
0,2501.0,250,22,0.07616179742151527,2.478558443419896,3.0260278782444314,0.37183837736450104,0.2516413293509355,-0.04632705135986972,0.026756796772342828,0.6405896349701672,4030239,0.049391112838450574,-0.965918770450862
0,2501.0,250,22,-0.05086373689663515,1.0179373653904888,1.0065765058728129,0.7295908203639283,-0.6776526451583205,0.8467710636247785,0.030695984932284974,0.4274413684509752,4030240,0.043354061406917985,-0.6394610161488992
0,2501.0,250,23,0.05515787861681768,2.2711075580479725,2.0464781036996063,-0.6560334473116566,0.6685022244720388,-0.8097320084832477,0.029490722747621313,0.3587316243837321,4030241,0.09597260007773027,-3.1810342802992797
0,2501.0,250,21,0.0457826759153667,1.183421799303844,1.684281837193181,-0.5479516826963817,0.5496865210429079,-0.6677203268533112,0.0330795322050666,0.20103622833728804,4030242,0.08307423241352506,-2.5604088664706417
0,2501.0,250,22,0.0119423571667864,2.4785584434198964,2.242044447699871,0.21678963706541124,-0.043128865739641566,0.1249520391851313,0.0268622878611219,0.6616521577522729,4030243,0.05596579867858531,-1.3152336997195535
0,2501.0,250,21,0.06980542482957926,2.7028127805474353,1.684269147540195,-0.5057748535302947,0.6667539812144737,-0.7438519177779334,0.03701904391760591,-0.2631461331184413,4030244,0.037116206762534014,-0.3474173513625425
0,2501.0,250,22,0.05676801151830964,0.2876268263757851,2.725267221349968,-0.5171577897741044,0.601482246139205,-0.6971875954308738,0.03623177573818848,-0.1092484435850338,4030245,0.046427646068143535,-0.7263294058708938
0,2501.0,250,25,0.027677863373419504,3.8630877546481113,3.520074180772705,-0.19463113355479014,0.2685749115788578,-0.29704906308962864,0.03654762418851032,0.02777073494552033,4030246,0.06555253271149113,-2.1243261460541456
0,2501.0,250,18,0.0937195764576066,1.7714610200418692,3.243377667016895,1.0736335622188249,-0.03104453267483445,0.4668224864556226,0.0242671566029514,1.0521617341906249,4030247,0.0560548646197694,-1.8196517969505317
0,2501.0,250,27,0.018166385835489757,5.249747435454103,2.225863459727032,-0.8610536430183914,0.5646243745644072,-0.8164583439273271,0.04344673981284941,-0.5088134234376587,4030248,0.03652243382130673,-0.0705921630060331
0,2501.0,250,25,0.097727592367298,1.8995024086870935,1.460539912853772,0.08848264971346337,0.5412728291028321,-0.3965231080112145,0.02456924472081876,1.0271645525980104,4030249,0.03885704106749579,-0.2948737559378838
