start,end,N,SS,FayH,TajD,FerL,FulD,ZngE,bsfs,Colless,btree,path,iColless,ibtree
0,2501.0,250,14,0.07071067211278566,-1.6587164441286026,1.2093376439681152,-0.3126827056713456,-1.6356701478828457,-0.9133450793278276,0.036707313123461593,-0.03457985527251069,8010000,0.049941702293043136,-0.644757167154603
0,2501.0,250,21,0.11062392554032956,-0.13213891552424048,0.7087196463908434,-0.3359691819397461,-0.622041372298538,1.0512031095839425,0.04729131580083777,0.2801186908703321,8010001,0.05509133307423241,0.27343592469125977
0,2501.0,250,17,0.0647270757781228,2.475178596472322,-0.9157234393931,-0.712707643166984,1.746545124939292,0.9637206861849692,0.028355356911517037,0.5015245605339018,8010002,0.0582005441119316,-0.021078414704390692
0,2501.0,250,12,0.14871352398952514,1.9362298435846168,-0.2369900477113488,-2.356251271886407,0.9641157460651004,1.1785795235619776,0.03518734435951692,0.4978088177236961,8010003,0.06422464049747376,-0.3577058655740952
0,2501.0,250,13,0.07688086675871922,0.03593819836209213,0.3724408075417807,-0.14726309148325328,-0.28232524614318466,0.7976358897969487,0.030340717709547868,0.6722354827614448,8010004,0.0915921751522218,-1.8563504480907742
0,2501.0,250,13,0.13292755062359446,-0.7258885896927573,1.0421489468239913,-0.1472630914832532,-1.1227846690219494,-7.123906620505881e-06,0.03441184091203524,0.4667390512211922,8010005,0.05959321155590103,-2.978522925738332
0,2501.0,250,23,0.13986861656788513,0.04315861044725943,0.8036245388467684,-1.2446198729288067,-0.6254596081956804,1.1368049454050848,0.03520996428108748,-0.17246120231945888,8010006,0.05063803601502785,-1.080560928372025
0,2501.0,250,14,0.07340010080169221,-1.5555056451060718,1.1709251194790555,0.7478772545717276,-1.5632667057714242,-1.0078553016934302,0.03027162413093233,0.2369976580587504,8010007,0.048710972923953884,0.5042953942803928
0,2501.0,250,19,0.12096998850874005,0.4237198218670875,0.4641974172600131,-1.7472058444088665,-0.19604511959369272,1.4399359208512328,0.033286371291618086,0.444749779723039,8010008,0.0451159476616142,-0.1344239444521544
0,2501.0,250,18,-0.25603124016802903,-0.8380954302382578,-0.9944979706048942,0.04279058948416623,0.4496732642306012,-0.8529500820994766,0.04012825495530509,-0.4043866234819045,8010009,0.07578701904391763,-1.822973170927566
0,2501.0,250,10,0.11521724251140485,0.6714330295094728,0.2026372240440874,0.4973207385797264,0.1044097132822686,0.8890283031526757,0.028400699572483482,0.4545601024761278,8010010,0.062087057909055575,-1.4923219840494355
0,2501.0,250,13,-0.01184773409560212,1.1620352173009878,-0.6473798113068245,-0.1472630914832532,0.9838214168949552,1.3272867145427631,0.027331548415885767,1.034496385513804,8010011,0.0515610830418448,0.12560211870148738
0,2501.0,250,13,0.10608323077348616,-1.2403267746717752,1.1657137601746888,-0.1472630914832531,-1.4284062773415005,-0.22874959614300056,0.041445351297663774,-0.8241595149534271,8010012,0.037116206762534014,3.194620087606862
0,2501.0,250,20,0.11781375184117855,-0.5209071257110759,0.9437756589529792,2.1544474118857218,-0.9708115175965936,8.838931126173458e-06,0.027707604611996367,1.1862742576689498,8010013,0.06943904650861511,0.7486306654525552
0,2501.0,250,15,0.05717253296876251,0.9734126030017971,-0.19301834487535596,-0.4602920395039865,0.5498481340342345,1.1307494093871728,0.0367545450619683,0.14466786935619644,8010014,0.08142246404974737,-1.8777821118751343
0,2501.0,250,17,0.14792114254158775,0.3470584966033438,0.6335869011752119,0.1933801796093993,-0.3637231489657674,0.6772882134167664,0.03337775063387189,0.4521066712740453,8010015,0.06662132400570021,-0.8270678406673303
0,2501.0,250,14,0.09285185978432822,-0.4251957655499842,0.6982833053246124,-0.3126827056713458,-0.7289032300112331,0.3239925195773152,0.032506369564278624,0.130223829661925,8010016,0.050816167897396035,0.21657318690764155
0,2501.0,250,8,-0.09965052986565293,0.5354120808636413,-0.6896590314860377,-0.5065713299685084,0.7560195500804633,0.7815051009510323,0.03673475263059407,-0.03000125573926532,8010017,0.12375307682342272,-0.5047135850467087
0,2501.0,250,13,-0.08218646612920126,0.9078158697428584,-0.8762833540998551,-1.2721674407506365,1.0638651714548375,0.4562057418181358,0.03635185904909962,0.06470329240553488,8010018,0.0916245627671978,-1.5086288881239098
0,2501.0,250,10,0.140091758010091,-0.6401656625910072,0.9708179125644392,1.8755621056164389,-1.025126800999511,1.331586504129518e-05,0.025575419959407524,0.9682916587303796,8010019,0.05907500971628449,-0.26766214380574466
0,2501.0,250,9,0.12464687905857745,0.6110843927080084,0.25663807932292376,-0.7089587510095278,0.03605707849459107,0.8344438777582588,0.0349624303666278,0.7107032061820465,8010020,0.05541520922399275,-1.5850609868780092
0,2501.0,250,11,0.17717649168095978,1.5010484259216104,0.101942869747483,-2.3105962099881503,0.5163981045336821,1.5190428557130502,0.034768104676771605,0.1882904229284264,8010021,0.0450187848166861,0.7419649383586503
0,2501.0,250,10,-0.0865216987764186,-0.37824445179511457,-0.2148187665207996,1.87556210561644,0.02122679168787415,-0.5061080622126668,0.03404586086280607,0.0005894207098281534,8010022,0.06448374141728203,0.12597314389310915
0,2501.0,250,12,0.13441414668284005,-0.8186369053790519,1.0775065225231666,0.03953603075383266,-1.1859144688076992,4.72985831489979e-06,0.037687038476486585,-0.006484524679853899,8010023,0.0385736494364555,1.3780435383210263
0,2501.0,250,15,0.11155585953727104,-0.2669350118979763,0.7274822223938386,1.5464560379341799,-0.6889863583075058,-3.1232848154354443e-06,0.030310180815427606,0.11319796551386195,8010024,0.08602150537634408,-3.0443961505885913
0,2501.0,250,12,-0.1346485627042611,-1.1672864985456046,-0.08001299115698836,6.029004287354431,-0.403735017877272,-1.5888280274552065,0.032225676901153,-0.28564201835465336,8010025,0.11808524420261693,-3.170563260404597
0,2501.0,250,23,-0.255642622294028,0.7269435928138788,-1.8897585226705484,-1.2446198729288072,1.8173309289497608,0.18193931004662994,0.03316491773545796,0.5966352116562883,8010026,0.10637712138878093,-3.1385189017825974
0,2501.0,250,7,0.10769458203573387,-0.3841529544337007,0.6239704793921079,1.5276143141084957,-0.6431651397871601,1.690525703800356e-05,0.035748729685768164,0.4522375557043577,8010027,0.05486461976940018,0.2748350957696558
0,2501.0,250,15,0.14378668905131756,0.029644623643086,0.7471987845943783,-1.4636660782230697,-0.5841114806489459,0.7942470976170097,0.03344830936649825,0.7138098290501802,8010028,0.06393315196268946,-1.4559680099807888
0,2501.0,250,18,0.07251633127416914,0.042596200841372535,0.3820235030223042,-1.6858798410735367,-0.2877432914453294,0.2834637741215429,0.03628627412877316,-0.3121046792919929,8010029,0.06432180334240188,-0.876326599089423
0,2501.0,250,17,0.06571851895196712,-1.082013028540195,0.9162526661288216,0.1933801796093993,-1.1755943943719571,-0.3233410022073437,0.025438672251730937,0.7444393762133447,8010030,0.07500971628449281,-3.1450635478789506
0,2501.0,250,8,0.06212883480202885,-1.5489206791849564,1.0263901794633028,4.374785332004801,-1.4181657073515082,-1.1863000619847446,0.0499983806192512,-0.2558980045092392,8010031,0.060532452390205986,-4.119645818035391
0,2501.0,250,11,0.0671600225421258,-0.16048098060443036,0.40353895200984186,1.533821183568422,-0.3850111095267933,1.749454741305179e-05,0.04258971369348362,0.2160140377951152,8010032,0.04203912423889105,1.1476542103345573
0,2501.0,250,19,0.03367296032959385,-0.09308000961018073,0.23827294499539006,3.2107911004375262,-0.2289533538542328,-0.6523764657168347,0.040703135121129684,0.6054123276150966,8010033,0.05669452001554605,-1.3906065152056861
0,2501.0,250,9,-0.10488011652130302,-0.1720172311828063,-0.3850490119493552,3.7663527203660045,0.2383708213450175,-0.6351248450039068,0.028322969296541,0.5860321587736874,8010034,0.06001425055058945,-0.9330697530375724
0,2501.0,250,18,0.09136708462281624,0.12715526045660452,0.443471522325408,-1.6858798410735365,-0.3020343099661807,0.5459642832521311,0.0402335147039772,0.1393095465219257,8010035,0.0831066200285011,-0.8087528783497212
0,2501.0,250,20,0.06558218945424192,-0.4625393607835642,0.6148101119163639,0.5712694743094279,-0.6834979951610224,8.838931126173458e-06,0.033517133048322316,0.306414046002513,8010036,0.08020792848814612,-1.5675841862857214
0,2501.0,250,9,0.0657694098967494,-0.27295437665768624,0.4296796903733132,-0.7089587510095279,-0.4485549101936399,1.1085547122109732e-08,0.0367275553828216,0.01545057731880441,8010037,0.08913071641404327,-0.7417247448062242
0,2501.0,250,18,0.03032557159956755,1.9597125356844496,-0.8406990864353101,0.042790589484166135,1.4786265977318995,3.644294112657066,0.0330062184220754,0.8605887389302951,8010038,0.04689726648529602,0.5273898167898844
0,2501.0,250,10,-0.019086225200132544,1.0500342725026903,-0.611132169328246,-2.2591619954937,0.90121454118647,0.6565421615543681,0.02965233367487545,0.7662828633814613,8010039,0.03577751867685797,0.6409099615235461
0,2501.0,250,15,0.017516216193595283,0.02571171978047615,0.07976029316911007,-0.4602920395039866,-0.05318241250248559,0.6467929279959601,0.02934317916828605,0.9572793059419394,8010040,0.056905039512890276,0.1411702157585778
0,2501.0,250,11,-0.06009144728476139,0.2617358908378473,-0.420165999511808,0.2523487190495645,0.43854912695573206,1.749454741305179e-05,0.034852018042845864,0.3289437298617923,8010041,0.04278403938333981,-0.40662566215058826
0,2501.0,250,12,-0.010986297537267329,0.5482896428598785,-0.3301389286380084,0.0395360307538328,0.4824781531276454,0.5515664823533645,0.02734054497560133,0.8398532453743055,8010042,0.03501101178909185,0.4047807205654306
0,2501.0,250,15,0.05737087653500283,-1.0000669761887198,0.8138736257692032,1.54645603793418,-1.0560484301124662,-0.7602795076476815,0.034849073714211684,0.6571477703925732,8010043,0.08585956730146391,-2.715936988601303
0,2501.0,250,12,0.0553534365248947,-0.94344876437443,0.7486307831533915,4.831110636034313,-0.9739939279152188,-1.256748923299338,0.032733082869110856,-0.20375800874673114,8010044,0.055771472988729115,0.4632800720860445
0,2501.0,250,20,-0.008251941453893795,2.251981345871345,-1.2144518836790266,-1.0119084632668651,1.904959610634672,1.2432060145200143,0.032949000302284405,0.8001788788396353,8010045,0.04594183184350305,-0.11296812865529182
0,2501.0,250,15,0.0924033089221934,-1.377980353085228,1.1922180239290587,-0.4602920395039865,-1.5115986799418362,-0.7694157018424501,0.03621745044694909,0.01774636510524482,8010046,0.04210389946884312,0.12026126461321195
0,2501.0,250,15,0.20450461326662525,1.429403792646181,0.3556771506971623,-0.4602920395039866,0.29749295966832434,1.2783910271702392,0.03453445116873021,-0.3212726297993318,8010047,0.03604741546832491,-2.0380652623893525
0,2501.0,250,14,0.07486464117683934,0.3218132628326309,0.22565878631852065,1.8084372148148005,-0.04968998734694555,1.551339111253063e-05,0.0306566768867585,-0.3151166598020192,8010048,0.044597745821997666,0.09334045398729876
0,2501.0,250,15,0.09387848919610553,1.0716384888163208,-0.0484795134768998,0.5430819992150968,0.4744693157171445,1.6923999803081655,0.033734939759036145,1.1289720994443104,8010049,0.059226151919505976,0.6589048750026404
0,2501.0,250,15,0.08500261460685271,-0.4010083493126805,0.6550402867753558,-0.4602920395039866,-0.6857090183806761,-3.1232848154354443e-06,0.028700053670904817,0.9632933864091364,8010050,0.047302111672496434,0.07879573905475212
0,2501.0,250,9,0.06735497908423127,0.5669902930703591,0.021652072256549647,-0.7089587510095278,0.2054360259972737,1.3341146863589943,0.035043399404067886,-0.43870685058204495,8010051,0.04268687653841171,0.5020707483920676
0,2501.0,250,9,0.07505027487414345,-0.6143002218960962,0.6399826914554975,-2.2007292414680393,-0.7496730390872979,1.1085547122109732e-08,0.02600185688992529,0.5069065957829361,8010052,0.0711879777173209,-1.242913746669687
0,2501.0,250,11,0.08786940767871405,1.441925712377865,-0.29834540223088396,0.2523487190495643,0.8114047564080196,3.1304785795539263,0.034087964762274915,-0.22076849930628198,8010053,0.051636654143455536,-0.015243553952414557
0,2501.0,250,16,0.07842098822869499,-0.14091807387169175,0.4954646348653998,3.215864921119997,-0.4530919783239333,1.2794872113393594e-06,0.03714859437751005,-0.4707740061717103,8010054,0.03102733514703977,1.8568586884022087
0,2501.0,250,8,0.16276173344010106,-0.4563332174956159,0.9211882212269014,1.120547557355928,-0.9089888320747,9.120471661981978e-07,0.03677466464096857,0.025669946397255103,8010055,0.05573908537375308,0.1268752309433714
0,2501.0,250,19,0.05493600136888716,0.11270009384098074,0.2520073308047479,-1.7472058444088665,-0.15490982676801804,3.486772927782896,0.029060944237780613,1.6019897170718365,8010056,0.03748866433475839,2.271668417817085
0,2501.0,250,10,0.1270208148849259,-0.3194394868015482,0.750428458722032,0.4973207385797265,-0.7230414541567094,1.331586504129518e-05,0.03717558405665674,0.3797307947246693,8010057,0.06736623915014897,-1.3149580934942746
0,2501.0,250,19,0.040903171725039086,-0.056893932845385325,0.26040437787300674,2.384458276296461,-0.23169570670927755,2.210032626821489e-06,0.037936693008593515,0.376022181178953,8010058,0.037828734292006734,1.034371896699952
0,2501.0,250,16,0.1358856431640963,0.0016425658733210185,0.7327544170254259,-1.5450791905361416,-0.5842939897850852,0.7882171455875037,0.028497052727037175,0.7937065259671623,8010059,0.06056484000518202,0.09360861502491467
0,2501.0,250,16,0.1341228525384291,1.3690010109469448,0.02363988595828718,-1.5450791905361416,0.5402946798819307,2.719789560332478,0.029963170654970117,0.7166556770591626,8010060,0.04351276072030055,-0.18214984465702536
0,2501.0,250,14,0.17041924365348454,0.16350445720084542,0.8025211644401287,0.7478772545717275,-0.57375299691533,0.6263794489753025,0.030878352118150026,0.606704952353962,8010061,0.06772250291488534,-3.2849272740715234
0,2501.0,250,17,0.13224326641892853,0.7836399930909719,0.3233720614035428,-1.6187954659433672,0.06310621902351615,1.3433256896644077,0.03171993183652725,0.8950437378822758,8010062,0.0588806840264283,-1.0972472893125476
0,2501.0,250,15,0.03410269692043924,-0.0048811143639222315,0.18328867519044376,-0.4602920395039864,-0.14822527038055572,1.0921367884283006,0.034185127607203,-1.0521160879802551,8010063,0.04048451872004146,-0.4195859405101911
0,2501.0,250,16,0.08746688749198721,-0.5138395756939459,0.7351022710705448,-1.5450791905361416,-0.7967162940555216,0.31512709018494844,0.03687098624914404,0.147759299199321,8010064,0.03700285011011789,0.1834869778805072
0,2501.0,250,18,0.05518596566154363,-1.3111540773796309,0.9829264736275792,0.9071258047630172,-1.3252712360591388,-1.051562479980729,0.02990096587065107,0.9563979012124332,8010065,0.09266096644643088,-3.7120400722287146
0,2501.0,250,11,0.14727624719036506,-0.7271285478067765,1.0726151555373789,-2.3105962099881507,-1.1430143122594656,0.2515972552751702,0.031318823681824065,0.3653392626386113,8010066,0.05708317139525845,-0.1592280660712878
0,2501.0,250,17,0.1534013174475625,0.11798202825226395,0.7812876110380683,-0.712707643166984,-0.5756454225828244,0.6504561295650417,0.035612881634063134,-0.6116592617533249,8010067,0.08187589065941184,-1.14023277221681
0,2501.0,250,8,0.07396518049898305,-1.4253903360284057,1.0164601409663547,2.7476664446803647,-1.3621562510710592,-0.930024993078485,0.03178844409897655,0.2247334839743146,8010068,0.039771991190568734,1.1131986774693077
0,2501.0,250,28,0.08454260776643388,2.3940590999579974,-0.7435088870464148,-0.9428900137969624,1.6098364280140811,2.908412257524691,0.03256574685840135,1.3538102277487352,8010069,0.06139072418707086,0.371450971646298
0,2501.0,250,18,0.1526654198987714,0.3474809021601357,0.6714372358470968,0.04279058948416594,-0.3934968284996294,1.0840413512168592,0.027684933281513148,0.8002585480336499,8010070,0.05182018396165306,0.29613367936950324
0,2501.0,250,16,0.08367456818545319,1.4202433009840474,-0.2749288867793447,-0.5928903682049139,0.7995748453884925,1.0567518164152585,0.02695945070605001,0.7224921799128101,8010071,0.06519626894675476,-1.2357377038891395
0,2501.0,250,11,0.19032096092467865,0.133568058482917,0.8492602311905282,0.2523487190495646,-0.6226553568700095,0.5291804670145661,0.02729466252105195,0.9691722427817779,8010072,0.0641598652675217,0.8443597197679509
0,2501.0,250,16,0.12428833641628576,-0.6140297248709666,0.9851487268757176,0.3592984541263136,-1.0372533150676333,1.2794872113393594e-06,0.03640367923306128,0.4121255197119672,8010073,0.06088871615494235,1.410107092072766
0,2501.0,250,11,0.011330258644976374,0.9089978543623762,-0.40016806207144,4.0967661126061365,0.680290688908314,1.749454741305179e-05,0.030311208993680817,0.5727545656665717,8010074,0.03669516776784558,-0.39984487863056056
0,2501.0,250,14,0.025882422629872982,0.3735038478828717,-0.05509335687414165,0.7478772545717278,0.19510260264881316,1.4251621843253977,0.03563447337738049,-0.1378537385792716,8010075,0.1050114436239582,-1.7827916206628938
0,2501.0,250,24,0.07116133988896083,-0.20083717287456532,0.5294066269493517,0.722706142352121,-0.5083121314079766,1.0809666210100797,0.039896143714643534,0.2968866297502562,8010076,0.05962559917087705,0.009039203473029013
0,2501.0,250,20,0.01318466623359567,1.6581306656720447,-0.7840481525331443,1.3628584430975743,1.3145171425101958,3.868826584970361,0.030795995040068105,0.9537956967821952,8010077,0.03634969987476789,-0.1735119635603801
0,2501.0,250,17,0.04356902474948881,-0.388903149906206,0.4388001437394378,-0.7127076431669839,-0.5099793659690883,2.7626589002131874e-06,0.031718270933195146,0.2536496026778092,8010078,0.051399144966964634,-0.6454350570615773
0,2501.0,250,22,0.14312430010671054,-0.2349587583610976,0.9594541642438521,0.2876268263757852,-0.8660198418252321,0.4050661719672029,0.031286436066848035,0.9174485061236278,8010079,0.053763440860215055,-0.6317123757236259
0,2501.0,250,14,-0.025602828558253958,0.03330687943092486,-0.14993995043470087,-0.3126827056713453,0.13304250941045162,-0.10837429126551114,0.0364360668480373,-0.24796796717242575,8010080,0.06277799369521096,-2.093358313501571
0,2501.0,250,10,0.06217683075603146,0.4729219918090524,0.054352803866119286,1.8755621056164395,0.1438121498269822,0.9826265288631966,0.04215479429237688,-0.1952295420310654,8010081,0.044608541693656335,0.5918698849547923
0,2501.0,250,20,0.0768306459612256,-0.5467211916811953,0.7227735593309053,2.1544474118857218,-0.8047495734365844,-0.6203084159092944,0.033000035331943615,-0.17379147822579472,8010082,0.04914820572613033,-0.8622044834273492
0,2501.0,250,17,-0.1952271454078744,-0.28587841722168816,-0.9246174706013178,1.0994680023857824,0.6212677002402717,-0.4216370494975951,0.04002029623871831,0.18641158258621385,8010083,0.05203070345899728,-0.1743490870578414
0,2501.0,250,14,0.0008520962182674218,-0.8023973321328218,0.4117026971374372,0.7478772545717279,-0.653052004942125,-0.7037557205103161,0.030301852571576623,0.5160710964929267,8010084,0.08336572094830938,-2.8048850780388186
0,2501.0,250,18,-0.1037150985329383,-0.4380991429811791,-0.3520621478373581,0.9071258047630172,0.1009724123218278,-0.3744185476380151,0.03570086798808135,-0.5227215387729783,8010085,0.05871874595154813,-0.19599712799258767
0,2501.0,250,16,0.17854053738254355,1.121508398170732,0.3900616405998579,-0.5928903682049141,0.14668864549847502,1.3872548834615273,0.035566999179513746,0.5934710380642115,8010086,0.04248175497689685,0.24764811223212255
0,2501.0,250,16,0.07866453167039901,1.5047089504123692,-0.3451923321696058,-2.497268012867369,0.8901667104450018,3.1298303622775747,0.03963839227879259,-0.2783039043960981,8010087,0.07624044565358208,0.2484123228498503
0,2501.0,250,27,0.09102193993702813,2.1038393868275787,-0.5523712942867429,-1.4852033420933957,1.3316288154323264,2.523797833852216,0.03021764477263895,0.9136959667916906,8010088,0.047123979790128265,0.3132639922672568
0,2501.0,250,22,-0.257672245564325,-0.7828383113247386,-1.0989730111128213,-1.9033047906683256,0.5531497655476341,-0.8515905536129075,0.03787731571447079,-1.3530099313008626,8010089,0.04916439953361835,-1.2800848315049709
0,2501.0,250,23,-0.2361751357233865,0.37953889283919023,-1.5932919041795481,-1.2446198729288072,1.4346113283525057,6.669880563534684e-06,0.04484389169581552,-0.27980679493257143,8010090,0.06574685840134732,-3.1503593375155416
0,2501.0,250,12,0.1849698686359836,0.2626425206077359,0.7842027015292902,0.0395360307538328,-0.5193280401822611,0.6597593306220347,0.02601085344964086,0.6496054272268962,8010091,0.06228138359891178,0.04449487100723881
0,2501.0,250,13,0.05742700240028512,0.4802618632582594,0.04908305034588144,0.9776412577841306,0.154277051456174,0.4962484333175842,0.03323778986915404,0.5643971701484104,8010092,0.03737530768234227,0.6877916758537034
0,2501.0,250,14,0.20480931446262127,1.314906276207229,0.3967942792582973,-1.373242665914419,0.21578930039493333,1.1897146963166834,0.024600706975366902,0.7676946983595666,8010093,0.040797598998143114,0.3085322107500662
0,2501.0,250,16,0.06586110502081616,-1.2090827299525633,0.9741764223048616,3.215864921119996,-1.2715426212482617,-1.3442778804443891,0.04902045457816931,-1.7317267412355357,8010094,0.06279958543852833,-0.3407476128821673
0,2501.0,250,17,0.12001909893482587,1.311456163846268,-0.014735656073225948,-1.618795465943367,0.5496320021161961,1.235497486252522,0.02942414820572613,0.7185208997732815,8010095,0.03704063566092327,0.15581534119228846
0,2501.0,250,14,-0.103130270417179,0.09222119818627454,-0.5826818573418412,-0.3126827056713456,0.5019552858829329,1.551339111253063e-05,0.03897309668782658,0.38115724750039465,8010096,0.07306645938593083,-2.274361175851164
0,2501.0,250,10,0.10237329116265358,0.5504134742930443,0.20301162403562534,0.4973207385797263,0.056251179727619206,0.6608676918603097,0.024825106879129418,0.9670831057322472,8010097,0.03701904391760591,0.0
0,2501.0,250,14,-0.013700109509330916,0.8523828737866839,-0.5038332760065768,1.8084372148148005,0.7467478758786912,2.9719420932990346,0.03801380637758407,-0.3915949119193464,8010098,0.033926026687394736,2.010793133419432
0,2501.0,250,22,-0.06438670015902563,1.8093006922772008,-1.3193781686000765,-1.172994251653622,1.81082765897807,0.7417471256766202,0.043037742367318735,-0.06310737209689975,8010099,0.05709936520274647,0.11769675440134705
0,2501.0,250,10,0.10025470124945753,-1.1255723088707326,1.0267136289481733,1.8755621056164395,-1.2615414202677906,-0.6180366673516421,0.033440212462754235,0.3131551189175415,8010100,0.046184738955823285,-1.451683500145455
0,2501.0,250,25,0.12573574050651015,-1.0837383724006462,1.3248062337734443,-0.7186113859275951,-1.5172640141277465,2.282730896660844e-06,0.03557548165010272,-0.08770138803332274,8010101,0.04826834218594809,-0.030246269068361517
0,2501.0,250,13,0.09482500771904867,-0.7051072242042835,0.8380642898340344,-0.14726309148325326,-0.9517821024622009,-7.123906620505881e-06,0.030870795007988942,0.5280538090759961,8010102,0.0861348620287602,-2.4605148733476785
0,2501.0,250,12,0.11913022208618647,-0.6581865075524307,0.9211100739945279,0.039536030753832926,-0.9971125323762168,4.72985831489979e-06,0.034272574167638285,-0.053921227071071366,8010103,0.06228138359891178,-1.4016925399228837
0,2501.0,250,12,0.06168266910326354,0.2711865331569107,0.16918397348287625,-2.356251271886407,-0.02613114501430725,0.7685116934432585,0.03448066459385931,0.05380041066824212,8010104,0.04352895452778857,-0.6619434493920392
0,2501.0,250,20,0.08889968659044009,-0.8743436525945737,0.9616113786540628,1.3628584430975743,-1.131601654005491,-0.4103425486824442,0.035367275553828216,-0.032994818948127363,8010105,0.05691583538454894,-1.189459136237785
0,2501.0,250,12,-0.3015840254255839,-0.1517805745702578,-1.4176177608152372,-1.1583576205662869,1.0681494661395907,-0.3380875253370377,0.03618911128384506,0.0837461235293093,8010106,0.0398367664205208,0.3026511981133934
0,2501.0,250,11,0.06498639286250042,0.3951737143721644,0.11512379658768455,-2.3105962099881507,0.06569349750344447,2.551681806814817,0.03464395215269681,0.33665699958982764,8010107,0.07222438139655395,-0.7249123635573381
0,2501.0,250,20,0.15489677812895594,1.3304319070267352,0.19625731352086914,-0.22031949447871887,0.3945866899412577,3.6651153689412537,0.029042437029222882,1.6434866907096537,8010108,0.04025780541520922,0.1893868949673204
0,2501.0,250,24,-0.08837779308790296,-0.05544444577225096,-0.4978623783929511,0.722706142352121,0.3755552635366581,-0.3026607288706755,0.03888942868247183,-1.0623227784998115,8010109,0.07649954657339032,-1.9328001837898423
0,2501.0,250,27,0.1220819130296828,0.3536668986810187,0.559452810434838,-0.2606668370847597,-0.29917236454574714,1.7526794678394382,0.02742421298095608,0.4579655433617898,8010110,0.05632206244332168,0.2159875753287782
0,2501.0,250,21,-0.1610550340677929,-0.7625214195014004,-0.5354963582956166,0.4237263086820493,0.11135962027532216,-1.2555143366461408,0.030339098328799063,-0.552936718817501,8010111,0.06775489052986138,-3.5134923957285182
0,2501.0,250,7,-0.3293601697585781,0.026638109351818883,-1.3490015369014403,-2.0558699516774643,1.080004432666256,-0.8774078874120975,0.042640608517017384,-0.8918921844985404,8010112,0.05913978494623656,-3.3684054706399147
0,2501.0,250,11,0.14551338217460594,-0.6584128034443035,1.0297565481085365,2.81529364808728,-1.0815545931189787,1.749454741305179e-05,0.04509165695038217,-1.1092124034877309,8010113,0.05774711750226714,0.5798207484440311
0,2501.0,250,14,0.03638717132070105,0.5465327146495967,-0.08833463200605171,1.808437214814801,0.2916405254640418,2.4473330382613776,0.03189370384764865,0.13121507050653486,8010114,0.041958155201450964,0.6910784915354111
0,2501.0,250,9,0.06004021989931476,-0.4846539832875732,0.5086321461749487,-0.7089587510095278,-0.5944090038765053,1.1085547122109732e-08,0.03212388725408547,0.19775997607626244,8010115,0.06276719782355228,0.26502913170122605
0,2501.0,250,12,0.03727214740594974,1.9838761838363208,-0.8129919164292471,-1.1583576205662869,1.441900238259056,2.4051471886467835,0.029084078248477783,1.324497733778547,8010116,0.040290193030185266,0.1715506130100946
0,2501.0,250,27,0.0827225414025477,2.6630738976852584,-0.8977053390991276,-2.7097398471020315,1.8447598873489943,1.6675687935215011,0.03052802608282593,0.756635308597008,8010117,0.04328280865397072,-0.3433519165413046
0,2501.0,250,15,0.12190691440043595,-0.261454736023848,0.7795668075402642,1.5464560379341803,-0.728314437429466,0.30817663312775645,0.03253875717925465,0.411023626812632,8010118,0.0572289156626506,-1.4070961585643902
0,2501.0,250,9,0.13046063274601108,-0.6626120180208248,0.9122064004481156,0.7828117394489833,-0.9849215772854684,1.1085547122109732e-08,0.03424018655266226,0.16719489292079442,8010119,0.05981992486073325,0.4978061658801798
0,2501.0,250,18,-0.22448319464557925,0.6168202516537769,-1.5683180307233766,-2.550215056352388,1.5072086347736022,-0.26970219039464755,0.04112507377178967,-0.043925945959093216,8010120,0.05961264412488665,-1.1298344817178037
0,2501.0,250,15,-0.0030123429122743506,-0.3550707427207224,0.16500156374944322,-1.4636660782230697,-0.2760415275269256,-3.1232848154354443e-06,0.033241838321026035,0.32124281314539754,8010121,0.08045083560046637,-3.263414065973977
0,2501.0,250,14,0.1176159061277252,0.34471113570920403,0.4361753320550504,-1.373242665914419,-0.20828800340053544,0.904904748748527,0.031004201136342613,0.8929918085662045,8010122,0.04851664723409768,0.5137548494345371
0,2501.0,250,19,0.1540695853002542,0.3224890730012279,0.7034446553796676,-1.7472058444088665,-0.4291451122725168,1.1617898446414396,0.03491384894416375,0.20899978516837306,8010123,0.04407954398238114,0.14721907092237627
0,2501.0,250,12,0.07838871756320492,-0.8684769785825714,0.8250387993384011,-1.1583576205662869,-1.0048187338632155,4.72985831489979e-06,0.03716037169204678,-0.4288371892994528,8010124,0.07559269335406141,-1.8479899172454743
0,2501.0,250,9,0.21726526053002046,0.7494535945057184,0.6033608802735808,0.7828117394489833,-0.1850765474116891,0.7017261830210907,0.0420002591009198,-0.0804493501957136,8010125,0.07222438139655395,-1.2968185438282562
0,2501.0,250,17,-0.5894293093203535,-0.656726699128462,-2.897582655713004,1.0994680023857824,2.045027200456273,-2.083859190613288,0.03711157996039458,-3.1361162459593768,8010126,0.08381914755797383,-2.9019154325550724
0,2501.0,250,13,0.07443655268559743,-1.5891645828365557,1.181200452714061,3.2274499563188983,-1.5812170815012758,-1.2686568237339813,0.03834693613162327,-0.10036502625861132,8010127,0.04135898432439435,-0.2625227369645848
0,2501.0,250,12,-0.07784174684655577,-1.3204629397425227,0.2784156967220343,2.4353233333940723,-0.7505140847922395,-1.1670028702652695,0.031628819425166106,0.3781919347501713,8010128,0.054378805544759684,-0.5771463251659733
0,2501.0,250,8,0.15499862411659254,-0.5555547965523799,0.9366349477777096,1.120547557355928,-0.9599065196023806,9.120471661981978e-07,0.036593956471045484,0.5989908013009145,8010129,0.05505894545925638,-0.28891021950576484
0,2501.0,250,17,0.05671926552784165,1.7810207126457245,-0.6032365109766428,-1.618795465943367,1.2122622097638949,1.6687357844361346,0.02809805530365188,1.1386825741006341,8010130,0.044565358207021635,0.3839554996328197
0,2501.0,250,16,0.14835274791799266,1.138150670278304,0.2185743811443668,-1.5450791905361416,0.29038608662259363,1.2736207292874742,0.028624174115818118,0.8837473368220958,8010131,0.041358984324394346,-0.284945617962426
0,2501.0,250,14,0.08029675456829416,-1.5457604194472925,1.2018142544351385,0.7478772545717275,-1.5839534035175449,-0.8242580430376499,0.028214239446264326,0.2097040733918471,8010132,0.0506866174374919,-4.3648074684741145
0,2501.0,250,18,-0.034188178280271285,1.9025067350908933,-1.170615576570251,0.04279058948416623,1.7187157088822025,1.293736913791382,0.04111376381100439,0.8730832795344414,8010133,0.04048451872004146,1.3902814582031495
0,2501.0,250,19,-0.019620694633607497,0.4785697371980252,-0.3581369274932913,-1.7472058444088658,0.4840583884574638,1.3346234577831149,0.033504987692706316,0.4147466914515013,8010134,0.08745465733903356,-1.307579192302157
0,2501.0,250,20,0.100065162680569,0.5002108533039955,0.3130002061097798,0.5712694743094279,-0.04297335340098805,0.7479973532249033,0.03497862417411582,0.021072500564086855,8010135,0.06731765772768494,-2.364007373932058
0,2501.0,250,14,0.13202165781780886,-0.07562838781074922,0.7243816841872827,-2.4338026261574925,-0.6082308264921973,0.9752364910251756,0.033284751910869284,0.8554078086631517,8010136,0.034541391371939366,0.858200183996478
0,2501.0,250,23,0.09704973600733613,-0.8230036734472349,1.003168924328192,0.16167109946190467,-1.1475647423437871,-0.3550991056115281,0.03474602221201522,-0.7285709305291127,8010137,0.08371118884138706,-2.0815913381724687
0,2501.0,250,15,0.012644402347818266,-0.31393643674785343,0.2270430128071415,0.5430819992150967,-0.3088149267952258,0.19462194378436248,0.0446023726241371,-0.4450681534316688,8010138,0.04644383987563155,-0.05830128204127176
0,2501.0,250,12,0.05549408613774735,-0.3221605004945685,0.4369023341432716,3.633216984714192,-0.4769439320037652,-0.5785881007978653,0.026993277770580533,0.2284905164627325,8010139,0.04704301075268817,-2.377104571297287
0,2501.0,250,10,0.1480364701845763,0.08891848546552221,0.6452000375709356,1.8755621056164395,-0.4778707378784936,0.4066332294586162,0.03019065509349225,0.6966924340504234,8010140,0.0691475579738308,-0.92453144851024
0,2501.0,250,15,0.00198343566240285,-0.12357744241416088,0.07350028467043894,-0.4602920395039864,-0.10889719125859584,-3.1232848154354443e-06,0.038762577190482365,-0.21015113721371312,8010141,0.08540614069179946,-0.9427435260464476
0,2501.0,250,16,0.08680584100736205,-0.19228273355664355,0.5670115738003261,2.263676098788768,-0.5311884137174762,1.2794872113393594e-06,0.031710713823034066,0.880817515712238,8010142,0.07824847778209612,-0.170817393014432
0,2501.0,250,16,0.1096061460735576,0.8190106286860355,0.17268166074244085,1.311487276457541,0.19667036415034247,0.9349135563438676,0.03465474802435549,-0.18439379266496408,8010143,0.05721811979099192,-1.527172938411054
0,2501.0,250,15,0.11358888109123395,-0.7640927444321356,0.9916512949440692,1.5464560379341803,-1.1019311890880858,-3.1232848154354443e-06,0.03834693613162327,-0.9451661107010654,8010144,0.05360150278533489,-0.3700155027895805
0,2501.0,250,17,-0.07992557278375845,0.737847988425036,-0.8175004493608331,0.19338017960939952,0.9555676248192913,0.4463765421331473,0.034434512242518464,0.18291237832611046,8010145,0.0425735198859956,0.10327843761639104
0,2501.0,250,7,0.05878271666443392,-0.12009765600542445,0.2969456850934373,1.5276143141084957,-0.2818553907243471,1.690525703800356e-05,0.037588140580756206,0.5849309548287891,8010146,0.0568402642829382,-0.12230684891632125
0,2501.0,250,31,0.14913259090541953,0.10321663472492823,0.8804714783152703,-0.5865231928961376,-0.6627779709725035,1.0178152449115945,0.030230599818629363,0.2811259939922812,8010147,0.049650213758258836,-0.13719356878226438
0,2501.0,250,14,0.1572650082839812,0.5476571637640714,0.5391852356375982,-1.3732426659144188,-0.20828800340053566,1.0467560651175452,0.03125867525401144,0.4549255489710586,8010148,0.07345511076564322,-1.916907830142448
0,2501.0,250,8,0.07581011697401438,-0.8684321151270548,0.7509919800117669,-2.133690217292945,-0.9344476758385402,9.120471661981978e-07,0.03230340717709548,-0.1997366809055412,8010149,0.04773934447467289,1.8962495333996583
0,2501.0,250,12,0.08995324128664424,-0.1957322066925895,0.544024514888973,-1.158357620566287,-0.5116218386952619,0.7021472481643076,0.03195732237706587,0.5030549716008326,8010150,0.0824264801140044,0.9449218776066918
0,2501.0,250,9,0.03403688522461155,-0.8002622942809644,0.54807284191744,-2.2007292414680393,-0.7496730390872979,1.1085547122109732e-08,0.040063479725353034,-0.7138786527536196,8010151,0.08589195491643994,-2.0805906952685222
0,2501.0,250,11,0.09654681120288776,-0.29700668959541904,0.6132804503545471,1.533821183568422,-0.6062660984325462,1.749454741305179e-05,0.028412035237725095,1.0249559650311544,8010152,0.0658116336312994,-0.7398012827188328
0,2501.0,250,17,-0.3986908956446095,0.08965677679647545,-2.234058031676738,-1.6187954659433672,1.8211656438185373,-0.33501664589143565,0.03293010752688172,0.40322138196393903,8010153,0.04400667184868506,-0.168826623653268
0,2501.0,250,18,0.1538570751513289,0.12135137097890895,0.7945764912933863,0.04279058948416633,-0.5849964766790376,0.8321539222885751,0.040095867340329064,0.02115484367701336,8010154,0.06322062443321674,-3.7829897479451264
0,2501.0,250,16,0.058125701420026536,2.0234950724715812,-0.7215063785212777,-2.497268012867369,1.4024793266266429,4.21395483637918,0.03705952843632595,0.3618536532620403,8010155,0.04135898432439435,-0.15776133854273336
0,2501.0,250,9,0.14917034915829752,0.3388512558146961,0.5010993286097161,2.2745822299074945,-0.26506105039906697,0.4183320959657295,0.03530897784687136,-0.4135831545794225,8010156,0.07010299261562379,0.10838869170442772
0,2501.0,250,31,-0.002842193223534582,0.34855156052647884,-0.20273874478096032,-0.04415160645013482,0.31115953827275705,0.2824077149394782,0.03223030370329243,0.4213998336133069,8010157,0.035691151703588546,0.2914056420326522
0,2501.0,250,13,0.11898058208872295,-0.8863568727689719,1.0523760079348974,3.2274499563188983,-1.1955517186218427,-0.4880780810738689,0.037703232283974604,-0.23206921639755146,8010158,0.06147169322451095,0.3921772221668765
0,2501.0,250,13,0.15824776875752086,-0.060993318577189176,0.8348135454094966,-0.14726309148325345,-0.6898207239025859,0.5634774140383201,0.02582912294338645,0.4682246073949217,8010159,0.058022412229563426,-1.9982441486871112
0,2501.0,250,15,0.12827870146590514,0.5091042887955012,0.42061036221093945,-0.4602920395039865,-0.12856123081957574,0.8184514306949321,0.03027064268805427,-0.6094309641778551,8010160,0.06276719782355226,-0.8976083635265026
0,2501.0,250,20,-0.007606538211689799,0.1986822167111515,-0.14648378938243695,1.362858443097575,0.19952980315013608,1.4026862652542105,0.0306645938593082,0.28225168016252905,8010161,0.07025521440601114,-1.2872304997726272
0,2501.0,250,12,0.07215325139340456,1.2993545297839628,-0.2959798231246999,0.039536030753832926,0.7560483059161199,3.092246519736044,0.030088094312734813,0.5209739166631236,8010162,0.04568273092369478,1.0477552375615542
0,2501.0,250,14,0.020117459153157432,-1.0274916003212795,0.6260587658080374,2.8689971750578738,-0.9150835097263172,-1.3165432332428293,0.030160966446430886,1.0258757744135223,8010163,0.029213628708381918,0.8877803578702521
0,2501.0,250,6,0.027881548271173576,-1.7424698981929276,0.9472709430345112,4.027334623147056,-1.4169238384034586,-1.2700491080145282,0.036941313641663434,-0.6219579999691274,8010164,0.03167508744656043,1.0864649367875476
0,2501.0,250,23,-0.2659597508501437,-0.2039645533596804,-1.4644123587396858,-1.9477653591241624,1.0873287278105526,-0.3073814728581178,0.03900394203542279,-0.5194940734976272,8010165,0.04778792589713693,-0.9692556284918366
0,2501.0,250,16,0.11273741889546646,-0.8126356633311859,1.0244048465101072,-1.5450791905361416,-1.1497121820343348,1.2794872113393594e-06,0.03743360538929913,-0.30236504193101243,8010166,0.050168415597875375,0.010499369245446474
0,2501.0,250,9,0.1942005140827836,1.4536651227404784,0.15193665278730148,-0.7089587510095279,0.4500945057233708,1.2562828880187444,0.02939870079395925,0.3048775659910847,8010167,0.07209483093664983,-1.1834888301429107
0,2501.0,250,11,0.02926698230046766,-1.238276520401206,0.7602889750191686,7.9411835061627105,-1.0979438515564417,-1.6424309379407962,0.03816880424925508,-0.4134690473551226,8010168,0.05104288120222827,0.06789079898401007
0,2501.0,250,11,0.16781448038367572,0.6943280574145426,0.4604228894045862,0.2523487190495646,-0.0900044576524558,0.8565861416001883,0.0328780560028131,0.6622774040723652,8010169,0.05114004404715637,-3.1984134853551467
0,2501.0,250,19,-0.002303172178387805,-0.6845617441977726,0.3407800342878109,1.558125452155395,-0.555293343604586,-0.3790533851190185,0.02627355299333535,0.3122217880291286,8010170,0.06012760720300558,-2.308724211581683
0,2501.0,250,12,-0.3953816894635336,0.3050931775525097,-2.112005605977843,1.2374296820739523,1.8040917081480223,-0.4274160401240209,0.03541180852442026,-0.7922092760081695,8010171,0.04005268385369435,0.05197005783200173
0,2501.0,250,23,0.042131604762078036,0.4252857076037073,0.02670073388080137,2.2711075580479716,0.15651685969130308,1.8540580023641415,0.04447791164658635,0.18685104467054345,8010172,0.0624028371550719,-0.7062487012225567
0,2501.0,250,14,0.15938193482623933,0.36682530162720417,0.6419703022915739,-1.373242665914419,-0.3634382364964389,0.8771840276855846,0.031221660836895974,0.4787673447087803,8010173,0.03557779505117244,0.2948352876203152
0,2501.0,250,16,0.08053169805679647,1.2201077419257051,-0.18949830425761494,-0.5928903682049141,0.6496296894328903,0.7406095438137068,0.0357127434469059,0.3332703168095887,8010174,0.03651703588547739,0.5430446309751191
0,2501.0,250,14,-0.07726116179071645,2.4905689367137915,-1.6656002762333189,-0.3126827056713457,2.3361758193722784,0.9846270161684962,0.03289109517247877,0.4421718600572008,8010175,0.06326920585568079,0.297970582542232
0,2501.0,250,12,-0.013221063608148195,-0.0015291106424263872,-0.06472364647964343,0.0395360307538329,0.05093086985568567,4.72985831489979e-06,0.033331482612477564,0.3822312531459105,8010176,0.07076693872263247,-0.33051513160682044
0,2501.0,250,20,0.01914081615450669,-0.575688897237812,0.4078603975133253,2.946036380673868,-0.5648823207610162,-0.7111037048615756,0.028294630133436968,0.8519659484760461,8010177,0.07301787796346677,-1.6154018869286542
0,2501.0,250,15,0.01069815610408547,-0.2394369217766148,0.1787538658843197,-1.4636660782230697,-0.2399907883317959,0.9881583994401236,0.028738610355400093,0.9797118567810802,8010178,0.060046638165565484,0.6604812517000248
0,2501.0,250,11,-0.00830086924896307,-0.189013042224079,0.0545945091136968,1.5338211835684223,-0.11868565991801633,1.749454741305179e-05,0.0335940536338904,-0.0835078442598827,8010179,0.05182018396165307,-3.149329690854157
0,2501.0,250,13,0.13124528740856356,-0.6620626915142448,1.0013502780351264,0.9776412577841308,-1.0645710293420352,-0.3607582958156487,0.050449108261001,-0.624920841830329,8010180,0.051280390378719176,0.9410296211424348
0,2501.0,250,11,0.10038061473230576,-0.1241674476339682,0.5452751059383828,0.25234871904956463,-0.4833466601515723,1.749454741305179e-05,0.03466014596018483,-0.07038719486845274,8010181,0.059463661095996885,-0.5485953410806316
0,2501.0,250,15,0.1748398536408124,0.7794753108914676,0.5296593816484243,-1.4636660782230697,-0.1056198513317659,1.2407354057826925,0.03222027896532366,0.3283223643570207,8010182,0.04811504080839487,0.2342332410373775
0,2501.0,250,10,-0.05487526194805212,-0.17472967836858494,-0.1686574499170539,-0.8809206284569866,0.06500727673755559,1.331586504129518e-05,0.027221790387355872,-0.009958496979764943,8010183,0.06487239279699443,0.4084320447610018
0,2501.0,250,6,0.02402454628289868,-1.7736549091179958,0.9477047976691976,4.027334623147056,-1.429197372700148,-1.338476294860515,0.03214470786371292,-0.1361626185883091,8010184,0.034751910869283587,-0.4512876633772837
0,2501.0,250,13,0.03726860045606888,-0.9447615451678824,0.6667427536172306,3.2274499563188974,-0.9117602251822596,-0.7420696958113476,0.032160901671200934,0.4654769913309512,8010185,0.09398885866044823,-2.0955393059295817
0,2501.0,250,25,0.08456023970436652,1.82678403517884,-0.4500530121353338,-0.7186113859275951,1.1287455807864324,2.6315599202547766,0.038228181543377815,0.7901065013530738,8010186,0.048743360538929914,0.5163091103073529
0,2501.0,250,24,0.07381649956008657,0.06749136722632029,0.4047429855683169,-0.6332035598380021,-0.2959098892119789,2.738151365363158,0.030948165421542807,0.9105729167890738,8010187,0.05440039728807703,-0.9820899380403568
0,2501.0,250,19,0.15032814526363264,-0.019858293016412027,0.8592428080922143,-0.9208730202678008,-0.6951533392118805,0.6801063069030703,0.03690568726518978,0.1251517728741063,8010188,0.040937945329705926,0.2699244671154085
0,2501.0,250,7,0.14880930436875986,2.0465143489967628,-0.39319075167867773,-0.2641278187844843,1.102238878762429,1.1674091934615047,0.028107822997057358,1.1811900519879468,8010189,0.032679103510817466,-0.7578036334765356
0,2501.0,250,13,0.16736362241845745,0.1655416359997734,0.7666574881489578,-2.3970717900180203,-0.5442866247027995,0.852439366924933,0.03213571130399735,-0.21343363871824675,8010190,0.058459645031739865,0.017639375634433185
0,2501.0,250,15,-0.05091231415930349,-0.42286497897538056,-0.054394482137061516,0.5430819992150971,-0.1285612308195759,-3.1232848154354443e-06,0.03660725852719634,0.5586032767506628,8010191,0.041056699917951384,0.10486118910983376
0,2501.0,250,15,0.09906021486413297,-0.7832414730746781,0.9243849569032278,-0.4602920395039864,-1.0560484301124662,-3.1232848154354443e-06,0.03213930992788358,-0.09345121335787156,8010192,0.05913978494623656,-0.21684162392704184
0,2501.0,250,12,-0.08403032981207194,-0.40802397795947404,-0.21107557616329195,1.2374296820739528,0.004693660933690048,-0.518868321943007,0.03865785723539319,-0.5088705254374863,8010193,0.06555253271149113,-1.084574278962899
0,2501.0,250,37,-0.07505162585373007,0.1677308334617306,-0.5747477330741844,-0.9565358403861944,0.5340573637700582,0.15264549841180766,0.039577665500712525,-0.2502100403140604,8010194,0.05454074361963985,-2.292867694814181
0,2501.0,250,19,0.07849249656049913,-0.5484192631633829,0.7267149034642539,-0.9208730202678004,-0.8075898062687248,0.3394903492055501,0.03396489182536598,0.4044087410137868,8010195,0.07138230340717709,-1.1578343826593172
0,2501.0,250,16,0.17360008470797628,0.3841700850517845,0.7406432066170258,0.3592984541263132,-0.4343488338294829,0.8027748329849986,0.032036749147126134,0.1791142805127839,8010196,0.0658116336312994,-3.7264147250657618
0,2501.0,250,20,0.08486130630350659,0.18108287321231134,0.3914615539744136,4.529214318250162,-0.23803024019210986,8.838931126173458e-06,0.03481884527356738,0.5269632529555086,8010197,0.05481603834693613,-1.7259906978206505
0,2501.0,250,22,0.046322630494978936,0.268926183818525,0.13076451880400328,-0.4426837126389184,0.007503519954273459,0.9590426593303458,0.027885736494364557,1.7515704682304287,8010198,0.04897007384376215,0.3977118561366007
0,2501.0,250,17,-0.10543072080540213,-1.4107664352105145,0.1457903962713968,1.0994680023857826,-0.6950382527896171,-1.3985154040234136,0.03166699054281643,-0.4122237585531603,8010199,0.07407047545018786,-1.3790621565372063
0,2501.0,250,24,0.06077790567075439,1.9399972205303893,-0.6534096663625729,-1.9891132620281249,1.3370750911120874,4.1549978517670265,0.032031351211296806,0.5161370506713852,8010200,0.059031826229649774,0.7265721856358413
0,2501.0,250,20,0.05872247499424527,-0.455876025528223,0.5721256622547907,1.3628584430975748,-0.6465953409032427,8.838931126173458e-06,0.035211815001943265,0.1943943709390453,8010201,0.07390853737530767,-0.4372993955249983
0,2501.0,250,14,-0.028691677349473362,0.1410154749113538,-0.2206598120446805,-0.31268270567134576,0.23302821518336705,0.1748651797417574,0.04199234212837012,0.040203286978584565,8010202,0.05711555901023449,0.031189430972139286
0,2501.0,250,15,0.07430445850276726,-0.5533600186134481,0.6759727036449289,1.5464560379341799,-0.7643651766245961,-3.1232848154354443e-06,0.03603816186404605,-0.040345127611532916,8010203,0.03928617696592823,0.8279957173394187
0,2501.0,250,14,0.04239178685880424,0.5474527184705306,-0.05760115338513384,-0.3126827056713456,0.26750604476023443,0.5841045172673209,0.03888538023059982,0.3474774977907681,8010204,0.048646197694001816,0.16251359447665972
0,2501.0,250,16,0.009382221158978741,0.5426387790172704,-0.2269857071780149,-0.5928903682049143,0.4028449535892952,1.041751190040341,0.030388836451797976,0.9554495430984852,8010205,0.0590750097162845,-0.9967320915410008
0,2501.0,250,15,0.11227485496489208,-0.27125475876346583,0.7334957738650033,0.5430819992150968,-0.6955410381611659,-3.1232848154354443e-06,0.027426911948870748,0.5141728266969583,8010206,0.06719350520361013,-1.049043989434905
0,2501.0,250,14,0.09065504922160753,1.7869023105618334,-0.4359325235779195,-0.31268270567134576,1.0708394739012446,1.8286695950151528,0.026173819702774225,1.4625482278680568,8010207,0.04362611737271667,1.0282156309522783
0,2501.0,250,12,0.08152989225024726,-0.1265718888958904,0.4675197306996764,-1.1583576205662869,-0.4230005215947702,0.5344846715888569,0.03082491255343956,0.3125973432149248,8010208,0.05764995465733904,0.3042542991215575
0,2501.0,250,18,0.09017542937025874,0.12071266543830113,0.44015232780193386,1.7714610200418686,-0.3020343099661809,7.942844380620404e-07,0.04039707215960616,0.6594889649822411,8010209,0.05802241222956341,-0.2721368522162506
0,2501.0,250,16,0.09887863733183284,0.33794495057652385,0.36090129335948,-1.5450791905361414,-0.15007780899698742,1.3024669749233897,0.03334536301889586,0.3714917499434952,8010210,0.044133523340674524,0.07253230930174491
0,2501.0,250,8,0.008433995314428937,-0.4501645418745946,0.257081615598964,-0.5065713299685085,-0.3794448817868191,9.120471661981978e-07,0.026552446344517856,0.5606275701266435,8010211,0.07147946625210519,-0.5169715545521351
0,2501.0,250,19,0.1289484879115096,-0.1433104257796554,0.8023020477437273,1.5581254521553956,-0.7006380449219703,2.210032626821489e-06,0.031666990542816416,-0.2111697855024336,8010212,0.039464308848296416,0.8227065008107428
0,2501.0,250,11,0.0671600225421258,0.0968428074515654,0.2748189633359998,-1.029123745469293,-0.18014537905850336,0.4155535641289101,0.03499481798160384,-0.0017197462261401462,8010213,0.08501748931208705,-3.8119040407512608
0,2501.0,250,10,0.10311101443599864,-0.8354441984506668,0.8957176789676959,1.8755621056164395,-1.0426389950193835,-0.5291676578901462,0.03014639201969167,0.6418687219213279,8010214,0.05599818629356134,-1.0298561201477794
0,2501.0,250,18,0.11938125594802655,0.3549787498107474,0.48215730677141294,0.9071258047630174,-0.23915382847443475,1.2412282087853033,0.03582070216349268,0.35053270916254337,8010215,0.06616789739603576,-1.8031655296172264
0,2501.0,250,3,-0.1026115604380408,0.2264767401453065,-0.3735259299498117,1.5999106058689658,0.378246724968901,1.7886284734303187e-05,0.030552316794057958,0.9583255605510352,8010216,0.05360150278533489,0.35469419812489866
0,2501.0,250,14,0.027986035168720683,0.15427034477591778,0.06711416137876007,-1.373242665914419,0.008922322933729175,0.6353159207271787,0.039172820313512116,0.054706053340841616,8010217,0.058524420261691926,-0.7660030794536746
0,2501.0,250,17,0.104537332450949,1.0394988163642775,0.039943950917800265,-1.618795465943367,0.3944213228473655,1.3257721075890214,0.04178002331908278,-0.4760166067868081,8010218,0.052014509651509264,-0.8493023778517057
0,2501.0,250,23,0.029033406695870543,1.449720675073613,-0.5858104873411714,0.16167109946190467,1.075516394458785,1.5445140049907158,0.034145379170641504,1.0263881096099938,8010219,0.03602312475709288,1.0654115040061287
0,2501.0,250,13,-0.020747912985380926,-0.978915267579374,0.38924240793826936,-0.14726309148325334,-0.7043741338225642,-0.3840067094833193,0.035086582890702586,0.0666486101171899,8010220,0.09891177613680527,-0.8947285501105269
0,2501.0,250,23,0.008726804324770342,1.769790241287775,-0.8729542561940902,-1.2446198729288072,1.4393362616932126,3.024512641946277,0.028712866353752475,0.9766300844987418,8010221,0.04959623439996545,-0.05250625673109943
0,2501.0,250,20,-0.16745448121298204,-0.4193039793557781,-0.7403354795628609,-0.2203194944787186,0.4183098248212589,-0.5264397861828969,0.04031043528954528,-0.5164404125006515,8010222,0.053763440860215055,-0.1263976288734314
0,2501.0,250,17,0.02597363215873501,-0.10084727821552937,0.19432639515052785,1.099468002385782,-0.1965731866762576,2.7626589002131874e-06,0.027914075657468583,0.6618770222454294,8010223,0.04134818845273567,-0.07519264379246254
0,2501.0,250,17,-0.016048305440359338,-0.0888825522665785,-0.04243421040738978,-1.618795465943367,-0.002559837590219854,0.3002346922207564,0.03331507849580139,0.18569349544857536,8010224,0.0668696290538498,-0.18168544210941528
0,2501.0,250,9,0.15160155524576974,1.3144332102976837,0.029824468671660463,-2.2007292414680393,0.4924392425990416,1.3452168116711682,0.026325733039685623,1.065047698390481,8010225,0.03663039253789351,-0.14376787886434866
0,2501.0,250,9,0.09058885291146614,0.08521432615987072,0.3638978212580589,-0.7089587510095278,-0.2556511088711402,0.5724980899726154,0.03386664939327201,-0.3072351601577414,8010226,0.09806969814742844,-2.704836544235782
0,2501.0,250,13,0.07632011235370892,-1.5525893795768413,1.1722882994602712,3.2274499563188983,-1.559386966621308,-1.2537166444065515,0.02897766179927081,0.5792144015113233,8010227,0.041164658634538165,-0.15750043361586946
0,2501.0,250,17,0.1330277049740581,0.7659985723487235,0.33673553014328494,-0.7127076431669838,0.045197294492497285,1.9060260919789265,0.03677073886945632,-0.024499461711030828,8010228,0.06461329187718616,-1.7785185859458292
0,2501.0,250,6,0.1161349835961075,-0.8746154274901473,0.8628242373544893,4.027334623147056,-1.018033973761047,-0.6120105032307736,0.041236631112262674,0.08134419933792335,8010229,0.03718098199248607,1.2378635403630176
0,2501.0,250,9,0.09650831121139856,-0.2533996020357721,0.5577849651933687,-2.2007292414680393,-0.5426543254729079,0.6960600960864903,0.025375696333721984,0.1347651663163173,8010230,0.04508356004663817,0.1406019104005022
0,2501.0,250,10,0.13279018920211166,-0.3311739112919814,0.7831333991593235,1.8755621056164395,-0.7536877936914863,1.331586504129518e-05,0.026246923176577275,1.4404090369260063,8010231,0.05654877574815391,-0.545080569709206
0,2501.0,250,17,0.12423545616864735,1.3922107861878483,-0.03306184474763753,-1.618795465943367,0.5973891341989129,3.1709944994567225,0.03155550240664893,0.41821484081818816,8010232,0.05034654748024355,-0.2443352359440069
0,2501.0,250,12,0.0700122517310921,1.7795126404303827,-0.5480411206914597,-1.1583576205662869,1.1490645817530831,2.0013493658465134,0.029868578255675036,0.19955215012230804,8010233,0.04178002331908278,0.2458207721181543
0,2501.0,250,10,-0.19945010754231693,-0.6080620484190677,-0.6264385219234766,-0.8809206284569866,0.2576414109561534,-1.040056463900763,0.04191546243625528,-0.8879638408596079,8010234,0.06911517035885477,-3.7687687815302686
0,2501.0,250,12,0.1441033422349108,-0.18880462895001526,0.8087817746181863,0.03953603075383266,-0.7196892788442425,0.4490350322924041,0.03551301982122037,0.05238877788846988,8010235,0.051755408731700994,0.23140993966503845
0,2501.0,250,10,0.1195300862632683,-0.9523013540365264,1.0303034641611557,0.4973207385797262,-1.1958706926932683,-0.32661195607168714,0.03259813447337738,0.3808995178335268,8010236,0.05470268169452002,-0.550754745040948
0,2501.0,250,16,0.03708818697949813,1.8130804629938555,-0.7274229707149775,-1.5450791905361416,1.3212590338173578,1.1718476100586253,0.030804670294079545,0.6972273341970963,8010237,0.04382044306257287,0.3175265250710623
0,2501.0,250,20,0.09332530882269596,1.839566672204884,-0.4197670895473768,-2.5950864008431593,1.0983730247146288,1.8813629274396864,0.0345656820831714,0.932204404977966,8010238,0.04974737660318694,0.2215995849743462
0,2501.0,250,19,0.08761772303942801,-0.3060813991068481,0.6530074903095381,0.7317926280143295,-0.6485333406761156,2.210032626821489e-06,0.028063868376732738,0.6469924085058225,8010239,0.04974737660318694,0.27342048720819145
0,2501.0,250,14,0.02255392177726588,1.9238806572341915,-0.8593177552268059,-1.3732426659144188,1.4638867310775332,2.5487853597346737,0.03160059593211556,1.1745646068532012,8010240,0.04793367016452908,0.26698662330792466
0,2501.0,250,16,-0.03039654098601148,-0.18347211891145812,-0.07022731876557019,0.3592984541263132,-0.018875797535835518,1.2794872113393594e-06,0.03889032833844338,0.1397262364370016,8010241,0.043269853607980316,1.2300385412612027
0,2501.0,250,10,0.062176830756031476,-1.1765395639216325,0.8747292559126532,1.8755621056164395,-1.1608463046535231,-0.9123231907459372,0.027055803860603703,0.5825098911751143,8010242,0.053763440860215055,0.05248508183910083
0,2501.0,250,8,0.004672241722481912,2.43478912610569,-1.1750506031831127,-0.5065713299685085,1.88130044444221,3.212855433555796,0.03702983978926458,0.4416578619982177,8010243,0.1098587899987045,-1.0620745719550009
0,2501.0,250,13,0.12888724324390485,-0.2763605480481721,0.7944714418487971,-0.14726309148325328,-0.7443960111025054,-7.123906620505881e-06,0.03315844021246275,0.008108144343285712,8010244,0.07300168415597874,-0.6759425626724185
0,2501.0,250,12,0.07491936044617316,0.9473566073751654,-0.10526944027589373,2.4353233333940723,0.4632126494101474,1.9817363140936357,0.03186015953213776,0.5217364044665022,8010245,0.0569374271278663,0.3427441139354323
0,2501.0,250,12,0.06623033991883226,0.024179900091126763,0.3159229751836728,0.03953603075383296,-0.24190478665028706,0.9910517447876774,0.033855853521613334,-0.24851845237446146,8010246,0.04718875502008032,-0.30771673728554955
0,2501.0,250,14,0.07019142597977895,-0.1578494700297544,0.4448402013792373,-0.3126827056713455,-0.4186027638194269,0.6042445143615062,0.030459306207460114,0.4787828805305186,8010247,0.05088094312734811,-0.057612802377771936
0,2501.0,250,13,0.08241651921843626,1.0983177436380671,-0.13626416968016505,-1.2721674407506367,0.5508574717755914,2.0652311648565425,0.0434497848022916,0.04880697984322599,8010248,0.04755581465647537,-0.8311942620890748
0,2501.0,250,11,0.10503594758945617,0.8914998367745687,0.05961973747152372,1.533821183568422,0.3074350594560267,1.3138052102155413,0.02945113788487282,0.3245194915922793,8010249,0.07983547091592175,-0.6785316261708121
