start,end,N,SS,TajD,FayH,FulD,bsfs,ZngE,FerL,Colless,btree,path,iColless,ibtree
0,10001.0,250,69,-0.9446970055976012,0.04642678637183607,5.6599831242527125,4.153081334719942,-1.0968605980542787,0.8420518163843406,0.030187626983148964,0.2005750807264789,9060000,0.050216997020339424,-1.2510111166376887
0,10001.0,250,97,-1.3610321908658016,0.04127909864863665,4.741923448160128,-1.7511877512920016e-05,-1.4561124754158523,1.0494817024343972,0.03837170313131081,0.03814242776013039,9060001,0.053366692576758634,-1.1149263060454917
0,10001.0,250,102,-0.08742573439031473,0.046784058777645014,3.291401209598144,2.278632552619848,-0.3513793187926426,0.3863359142119412,0.031251692988964665,0.27614719685440897,9060002,0.04478307495213829,-0.5757977316700055
0,10001.0,250,111,-0.7921783604922936,0.02242682759342188,3.620097327281092,0.7153020378162278,-0.8420461755487841,0.6021770183993093,0.032737401217774305,0.3762565746307869,9060003,0.06805717493630435,-2.1804155065954154
0,10001.0,250,92,-0.9189150236126458,0.01383033452033537,3.759566839411343,2.302992417822972e-06,-0.8998680322959665,0.6064659608680415,0.04136230613105855,-0.3600721429784998,9060004,0.07835516639613481,-2.445932432382154
0,10001.0,250,100,-1.5224371761272948,-0.04231703419948416,4.148541910174648,-1.1835520923189156,-1.1146447162729944,0.5369367986331522,0.04404008997868307,-0.5719726016633755,9060005,0.06916964043858717,-2.026949236190116
0,10001.0,250,92,-1.3847464055082628,0.028982151309640675,3.560855104175256,-0.2374570564706075,-1.4031984380007207,0.972269410056718,0.04491925214627195,-0.3424707605629954,9060006,0.07094421829934339,-2.1303089075020933
0,10001.0,250,130,-0.7089429731754582,-0.0008865399687073547,2.2370462030596463,0.4471200391064669,-0.6328019308022521,0.3878498513450646,0.04589928878993285,-0.3324414445424961,9060007,0.06139695257456626,-1.2045573743273104
0,10001.0,250,104,-0.1090078177594291,0.051959928828998664,4.586629113316682,2.5221063793155007,-0.40139118204276003,0.4362005605637764,0.03469493265775167,0.04187699258303276,9060008,0.06435713528601207,-2.0172870875584543
0,10001.0,250,88,-0.3797665905489319,0.1036653911278448,2.6069766493305244,1.002042350151373,-0.9366242651439732,0.9500708486122518,0.032653193418836636,0.26925532616958703,9060009,0.057100837367063575,-1.3386302275164637
0,10001.0,250,97,-1.2915155738933453,-0.04278944601088238,4.36408275956016,-0.6150734611213206,-0.9050040501721516,0.4059482602648429,0.05178779634667704,-0.5989788597469042,9060010,0.06594298340314665,-1.5560054037140816
0,10001.0,250,107,-0.20563890862606735,0.00680902475898815,2.6588980798610016,0.6160914914330705,-0.22410814729882853,0.16327914748250094,0.03688245267183743,-0.027232309338439044,9060011,0.058477863065163886,-1.341148087122254
0,10001.0,250,101,-1.4023662571016906,-0.06231413996013339,5.351715054883226,-0.9375036384118952,-0.8907611200551274,0.3261276702478033,0.038770288527381416,-0.2155785522813559,9060012,0.08509440989765513,-2.760002007835192
0,10001.0,250,118,-1.6143385517472404,-0.10421167909963362,4.485908379236257,-1.2929473201420292,-0.8350455058368401,0.1362651299567897,0.05493892076846287,-0.8580251278133795,9060013,0.07522347454333463,-1.9735028613133576
0,10001.0,250,92,-1.3231633244452172,-0.08222687439688661,5.150548986063949,-1.2723585958053352,-0.7040888787332966,0.1409719518021903,0.03859659066373019,-0.3406639604386159,9060014,0.05850566953723212,-1.4904538261544105
0,10001.0,250,108,-0.051419087776646964,0.06799263346688225,2.9482168124655317,1.0547502474902153,-0.44470319483753823,0.521563232703412,0.031351846348074155,0.5215916362787258,9060015,0.048393265843712785,-0.8333178678657764
0,10001.0,250,95,-1.7341579789233912,0.03663448388158927,5.28587813225622,-0.6747381657964671,-1.7612060892788648,1.221425499231835,0.03880216205323085,-0.18784884076911967,9060016,0.06472812069391938,-2.0087217148599774
0,10001.0,250,96,-1.4934786952237205,-0.041895876665542515,5.201993940048137,-0.6504472898290447,-1.0904506521318704,0.5240467168194751,0.039524405867196376,-0.13687945853920672,9060017,0.0592963250852874,-1.4526634919000103
0,10001.0,250,79,-1.346635741725715,0.0022072468492147987,4.3753099375440385,-0.1846329971782712,-1.2082979916574783,0.7560916690480163,0.0364262524192567,0.11030614707181807,9060018,0.057700008244120166,-1.2229557377447835
0,10001.0,250,64,-1.9586373177532737,0.053934362723565256,7.703479703254237,-1.582182764721537,-2.0281165090645565,1.4444794274966413,0.0329023154518685,0.0979161946625662,9060019,0.07858530897784688,-2.198679367797265
0,10001.0,250,87,-0.356993163397997,-0.05268344620267395,3.5081344563610912,3.7237552085314043e-06,-0.014181121232523238,-0.17925103051846525,0.03244267392149243,0.3443218795634295,9060020,0.05841241309323316,-1.4111806018310624
0,10001.0,250,84,-1.4949927340011162,0.07818202944394882,3.9503575546983614,-1.316122019755896e-06,-1.7794318602090429,1.3798936093288912,0.03427595374485319,0.15010322748100127,9060021,0.05406255001028784,-1.1528308783947043
0,10001.0,250,103,-1.0265374978919213,-0.022056146256092663,3.7666652790714714,-0.15814394278605168,-0.7897894401746614,0.40882181199279977,0.03977463507750554,0.11918950114526712,9060022,0.046499089336473017,-0.8272877429435236
0,10001.0,250,119,-1.3661869321196964,-0.08446327523202689,4.7346710751629235,-0.6937136062915044,-0.7286559059336111,0.14232882755141382,0.03945847907760073,-0.09498417399170632,9060023,0.0745141857753595,-2.054632905835491
0,10001.0,250,65,-2.090822762460248,0.04596604918404927,7.547200840153363,-1.6532422066720736,-2.101524705608064,1.4624842527975601,0.04150077010551165,-0.3489382278092687,9060024,0.05120841790099465,-1.2800716866109798
0,10001.0,250,76,-2.1269573263279278,-0.05050978496230688,5.132133967701326,-1.927494321665474,-1.5983897167681882,0.8118271311848988,0.0498710384058227,-0.9858406044673876,9060025,0.07906086712441161,-2.7333212320248017
0,10001.0,250,90,-1.5733625477726043,-0.03358613551999939,4.9202817950089655,-0.8364445765037466,-1.20847857095812,0.6277531562335662,0.03740022123232383,0.09174418789362647,9060026,0.062154324494005785,-1.538463229326836
0,10001.0,250,85,-0.13555052016735336,-0.01866374901506749,3.228290852722892,0.5191820541200538,-0.01323933845484198,-0.058290174148458274,0.03520677692850255,0.2650198613799931,9060027,0.058286911085201024,-1.4615649097565189
0,10001.0,250,99,-1.5268162936570149,0.03364372089464311,5.8864206031520325,-0.4611669136570655,-1.5608987631078732,1.0869341760692337,0.03343744766635385,0.3513923434904966,9060028,0.04682003448035316,-0.5771124979053626
0,10001.0,250,97,-1.9257173761271804,-0.15488705431148486,3.608401382360225,-1.7824255915725975,-0.8195924123115043,-0.05032341586600923,0.05345075315926462,-0.9561358721327636,9060029,0.0880397651727453,-2.6028682800584684
0,10001.0,250,120,0.3416656070436526,-0.0913670210986346,3.1312116158959347,0.6497180767508817,0.8464090400636194,-0.8567705725596181,0.04019501310045976,-0.2714185118272009,9060030,0.04637598011091987,-0.6033869555644429
0,10001.0,250,66,-0.39730164846687455,0.07453992664939868,4.13048926219785,2.801846887639811,-0.7691751549963401,0.7362435928179646,0.03263570410674957,0.2461101341835289,9060031,0.070313512112968,-2.4996884643967068
0,10001.0,250,109,-1.0571532542340292,-0.21583028688226635,2.556659479476416,-0.6311877094693403,0.3187307164951671,-0.9801699184650888,0.039903700824804586,-0.13260515100452785,9060032,0.09627604118470807,-2.8654303308364315
0,10001.0,250,113,-0.028124599569507837,0.006517933463513638,3.34178823310184,0.2046419264698512,-0.06356220198560363,0.06300674110190088,0.03138359891177613,0.28833969089951395,9060033,0.05942997797642181,-1.6881936179693784
0,10001.0,250,109,-1.0265451103946328,-0.0004278793147043637,4.752938997301507,0.28571430617381105,-0.9175218043246114,0.5658731066898871,0.03144747448575665,0.3996937036401045,9060034,0.04867696592822905,-0.9763765759527284
0,10001.0,250,113,0.02225172389123528,0.09777539992420256,2.6890142665258034,1.9996543968802407,-0.5550691719850439,0.6987963196685607,0.03109872009433388,0.36267903518324734,9060035,0.05556230297534223,-1.5254232451509553
0,10001.0,250,99,-0.5503101789167851,0.06086449979734587,4.21899944771591,0.6627308754104935,-0.8465317397831592,0.7430883561968166,0.028129318348663463,0.6392604034943508,9060036,0.06636222308589194,-1.8421588867466996
0,10001.0,250,113,-0.8177975883728554,-0.030358374757666017,2.852207758169813,0.07471134336286002,-0.5550691719850438,0.2328255651728738,0.03671859710633888,0.05460659670052732,9060037,0.04898140950900375,-0.7548427025929724
0,10001.0,250,77,-1.4887673400030517,0.03195368942573645,4.559915692472846,-0.19265315690780094,-1.5030026168764834,1.0437698116891725,0.035051972596267425,0.1789403259557179,9060038,0.057011918642311185,-1.5192792899861511
0,10001.0,250,95,-1.1603796055753646,-0.04746107823453713,4.515003531727134,-0.3613361570555002,-0.7605049605224915,0.3000339974688513,0.037375838626850066,-0.15024189693170198,9060039,0.06870870579090556,-2.059164505696157
0,10001.0,250,77,-0.7750545249014156,0.06873829877495763,3.853989797550805,2.286444386680515,-1.079625579802164,0.9114852848209832,0.028969821940090106,0.4999534982781687,9060040,0.05252191561946711,-1.0546052232743872
0,10001.0,250,101,-0.3996963607221514,0.07091894850651888,4.624689888757692,3.2570899323186127,-0.7712818017070112,0.7330969307018943,0.026404739191369597,0.7491549230442834,9060041,0.05927743230988471,-1.5777393742429418
0,10001.0,250,92,-0.6483797696165273,-0.028203420686854844,4.355702045119602,0.2329848673136757,-0.4150476556553195,0.15575423889471166,0.04317513511135227,-0.3804201133655996,9060042,0.06892084466899856,-1.7896422950114668
0,10001.0,250,101,-1.2803661786222154,0.033377203687415424,6.442252804071528,0.13584688011355,-1.3399511256480434,0.9493848740262806,0.03888586604482446,-0.2628721861668591,9060043,0.06152801951142579,-2.048964595195304
0,10001.0,250,112,-1.2349042568800723,0.04469515830049496,3.562045281228408,-0.1592840976171713,-1.3702333932748076,1.0097566397644666,0.03860418633057575,-0.18599916328988134,9060044,0.052099740217235666,-1.0031271038284348
0,10001.0,250,88,-0.5956868145109951,-0.016290510761619994,3.643517609725864,0.16988649371724346,-0.4366892215760164,0.21210544022647476,0.040635220275440136,-0.06683520562371867,9060045,0.06005503495463334,-1.3573533207438808
0,10001.0,250,100,-0.7897154912556852,0.008803389849704623,4.332037737875507,0.2673009900799677,-0.7574872023034708,0.5003647002696949,0.028876672944881263,0.6055015810131215,9060046,0.0608385153517295,-1.3683608426349465
0,10001.0,250,92,-1.3624076950956985,-0.06799144263338487,3.7595668394113417,-0.5327694107641129,-0.8215563708708985,0.2646969455572621,0.03792145177801656,0.032266716119510465,9060047,0.06586715525697259,-1.6568144372224152
0,10001.0,250,81,-1.2990041739028493,0.05139668259240483,5.76939387468727,0.22914018942976494,-1.4488192814431746,1.079477718179772,0.03835011138799346,0.08525867758259237,9060048,0.0445729788223101,-0.7436087674470877
0,10001.0,250,84,-1.54677391577546,0.0461955335212881,5.683822768709055,-0.35765734780199165,-1.6416278139681864,1.1807431009121845,0.031711609650682336,0.3207395594836031,9060049,0.06393777876482891,-1.72914950033438
0,10001.0,250,92,-0.9954310122649992,0.06829231582855211,4.753125515591778,0.7116453971972402,-1.2835951732787991,1.039166837099172,0.030083560046638175,0.28914997385117,9060050,0.05456079309557739,-1.485526333825218
0,10001.0,250,101,-0.8386618929536578,0.029474065395463614,3.715908431100773,2.0475022447673754,-0.9220999576546328,0.6768075887539396,0.03865947661614198,-0.0016555314183944875,9060051,0.04885469296541002,-0.7693694503218077
0,10001.0,250,92,-0.9794063871905389,0.005620232626065465,2.9647198984669942,0.32167978546678444,-0.9062753500489265,0.5810005282873391,0.031049601632335787,0.3472053072035177,9060052,0.06622505201069935,-2.278281585935851
0,10001.0,250,112,-0.6454533885015957,0.04386080564328768,4.220422123611917,0.7751158354034321,-0.8366758626935736,0.6767883205259505,0.0323196009845835,0.20178977784783766,9060053,0.0540717709547869,-1.2873777492157548
0,10001.0,250,96,-1.5932650972161315,-0.004474847413233656,5.774395665446919,-0.7670863275018447,-1.3970694654831373,0.8483370423071306,0.03140238372846224,0.43031643066711606,9060054,0.05822213585524895,-1.7416797937646669
0,10001.0,250,84,-1.6143999442449375,0.06428113445627136,5.900505920460391,-0.2286456323950586,-1.8057539814011163,1.3467184736128197,0.04266147448745012,-0.3027612320211701,9060055,0.056925281772250286,-1.4886065468635274
0,10001.0,250,98,-1.0771637654605628,0.009247834475049142,3.3554485805841554,0.3525993973706018,-1.0164946951871945,0.6622038082951072,0.03400123792661687,0.355238430967258,9060056,0.07451056598309748,-2.465579927602021
0,10001.0,250,86,-1.6887896135980929,-0.024916710540823044,3.369759020919977,-0.7561507265612477,-1.3599942279615984,0.7530435161334864,0.041747035933459034,-0.18228934166004174,9060057,0.07671654359372977,-2.187028157914304
0,10001.0,250,76,-0.8340539163149107,0.058714795088526416,4.893899468680184,0.7337980942256368,-1.0740637260213797,0.8724333441458944,0.03385611683555624,0.3320925416165368,9060058,0.06835120367618483,-1.6622453894474494
0,10001.0,250,90,-0.3418195391894656,0.002502977296923204,4.108606404761107,0.9883199738388102,-0.3192096599727475,0.20652068725760347,0.02785653454643533,0.703159696697468,9060059,0.06590308101476113,-1.92096561658308
0,10001.0,250,98,-1.0348498375655546,-0.053231797565020535,5.413293902040607,4.737170812657415e-06,-0.6149689587188663,0.18875869469367992,0.03798363158102255,0.023816339759923703,9060060,0.06944768320594205,-1.9655960206881715
0,10001.0,250,115,-1.1745532460924106,-0.07404877174475329,3.7146455705947945,-0.4098227731027017,-0.6180951585998882,0.1125896407059036,0.04311186524224357,-0.3169199877576531,9060061,0.06877833916310402,-1.7180061605747745
0,10001.0,250,80,-1.3996560301954826,0.03841154968505789,4.059342218265416,-0.1442767050837616,-1.4631120885253508,1.0421644378769026,0.03951063066971562,0.04130514689699608,9060062,0.055160735106323903,-1.0403652947230009
0,10001.0,250,107,0.26601735043616104,-0.021501649896497072,1.7990231303329938,1.292002566199169,0.3642800600843004,-0.30321315283555983,0.025827254427137826,0.9345899085087641,9060063,0.05101049358725223,-1.277103881546919
0,10001.0,250,96,-0.23946681885207866,0.026583419854026805,3.4847887638517867,1.1705018920982284,-0.3683907233694014,0.3235377124736932,0.024945449095559968,0.9908321214001532,9060064,0.05309282671482896,-1.3152520967896564
0,10001.0,250,122,-0.10516704963864472,0.0947581686576882,2.8804355378104365,1.755933541289287,-0.6545935291676109,0.7508854024442795,0.041231546100249525,-0.4280136197616367,9060065,0.061621635886437036,-1.848252014721235
0,10001.0,250,83,-0.7694629392661868,-0.07681978345240496,3.3739736579183868,-0.04445721664173456,-0.24316401679381874,-0.12256642515913653,0.029312113496778418,0.6515296463299455,9060066,0.0826447444757994,-2.538762365895518
0,10001.0,250,92,-0.7345169176263361,0.00572642316553627,3.163431633703081,0.6903941252622451,-0.6884265464482833,0.44656419202531183,0.03406251735050803,0.21241292634831466,9060067,0.04569082782743879,-0.7951969543294797
0,10001.0,250,101,-1.5410557968244334,-0.05224296890865224,6.624009095602911,-1.1155164850715835,-1.073571006052244,0.475566971383955,0.03686358336572095,-0.204508479153518,9060068,0.06758647493198601,-2.407459515369909
0,10001.0,250,108,-0.5002966164515251,-0.025822805428202655,4.141340939392041,0.16354351357954602,-0.2968851885087898,0.08997899515787704,0.037985970938906516,-0.10462804847987636,9060069,0.05430755279181241,-1.2566001222382346
0,10001.0,250,105,0.44890006820602174,0.018068035739573884,2.7648730442904808,1.9278555642409088,0.2962139446129392,-0.11782572941378874,0.03278667666055928,0.2158599129555374,9060070,0.06050486294041159,-1.7142100457923404
0,10001.0,250,90,-1.1161187445996446,0.08554151084882401,4.7173629474470005,0.9141513357225218,-1.4896444766373178,1.2280826288552458,0.032637359473737235,0.244294155658573,9060071,0.05449756013300513,-1.6618214464804335
0,10001.0,250,108,0.20543596236385064,0.03025019379649175,4.311787243238685,1.6783675400079943,0.0067244095523321,0.10552548366465726,0.02977196302742525,0.6209477384101539,9060072,0.057222168242863934,-1.5202330556517507
0,10001.0,250,97,-1.914852559539325,0.046762964812049786,4.930843792460113,-0.8352272141218071,-1.982817575556512,1.3950994611978778,0.033716605075303954,0.2897400088540281,9060073,0.08250744915144448,-2.567910279100309
0,10001.0,250,92,-1.8379432324148932,0.028750105315982263,5.945395927008297,-0.9602310060114267,-1.8061475322424332,1.220804982789679,0.04171524808913071,-0.20545891282120646,9060074,0.061759942997797634,-1.9607243871263504
0,10001.0,250,101,-1.2772536933728589,-0.28674459174736244,3.1706395565066217,-1.892214377945592,0.5305857435724581,-1.3631826565956238,0.035588749685649616,0.06691622727702168,9060075,0.06941401971522453,-2.320947402402567
0,10001.0,250,107,-0.9339895959946228,-0.1154290207157697,4.722597958728217,-0.19771360428551535,-0.16038155911748073,-0.3190825910740503,0.038789932831380186,-0.09855306447102556,9060076,0.05291056699917953,-0.9647986154165852
0,10001.0,250,97,-2.125192980788213,-0.07318285589311099,7.197887924059919,-2.3641390874742028,-1.4730592289596325,0.6480320147163379,0.035034698253775816,-0.2556835306933962,9060077,0.08133775797981005,-2.794191442681917
0,10001.0,250,90,-1.7984019945242151,0.038268411925247714,7.355307965752537,-0.8347606702106354,-1.8245733720329524,1.2662028399069998,0.039789137574967805,-0.11637368553814688,9060078,0.05085462819018008,-0.9359605607562108
0,10001.0,250,84,-0.7438940916733499,-0.00570602541115639,3.516991251195687,0.4987175604894412,-0.6290003281084087,0.3691102614193069,0.03656723668869024,0.017836878422952774,9060079,0.05863597760216493,-1.5153467039848267
0,10001.0,250,103,-1.2251362762348348,0.03749579973606201,4.480162938899851,0.1262678351323189,-1.3154776817652143,0.9492324829892664,0.033332461359083985,0.1718107168396951,9060080,0.04662197175799974,-0.6703222830786203
0,10001.0,250,113,-1.1876294317978136,-0.023789257522168917,3.3417882331018407,-0.2276860172478575,-0.925463180477445,0.4857477130836141,0.034987514891952384,0.20475533966840564,9060081,0.05309679578529169,-1.08933599380033
0,10001.0,250,76,-1.6958696084365317,0.02240828063225155,4.17919597161676,-0.5066957351628759,-1.631478250164831,1.0895957977044577,0.049855551237206884,-0.5625457934751165,9060082,0.062482186811763187,-1.7790698606162203
0,10001.0,250,75,-1.7558752863981852,-0.017398213362053796,5.959998731565473,-1.4929766276321943,-1.4573697227904532,0.8414379942851389,0.03839137495217178,-0.13247788276337608,9060083,0.07564307408846857,-2.390893257730613
0,10001.0,250,97,0.017445966015690727,0.005601337624921142,2.285958972260336,0.6730181247667348,-0.01699416447811923,0.0306731445284342,0.032891566265060235,0.15554795984856246,9060084,0.05380776075439279,-1.2133735016288396
0,10001.0,250,112,-1.1898702232275584,-0.02791450273058897,5.207987387187185,-0.4063356046259561,-0.9030741331659048,0.4569777305095078,0.04921328649961992,-0.4725721030955234,9060085,0.06901800751392667,-2.0641353636398723
0,10001.0,250,92,-0.9438904552028008,-0.056631021401481366,3.362143368939168,-0.2977891055889807,-0.5140051187288139,0.1150906131945646,0.03833903671333644,-0.1648315399713839,9060086,0.050429675692015376,-0.9431707108555476
0,10001.0,250,99,-0.9029552442721004,0.04054710479326157,3.6631923959038697,0.3251149423341404,-1.0434150162301936,0.7916655325720213,0.036894891393531117,0.15525628377834802,9060087,0.053593105996267036,-1.0331503009287766
0,10001.0,250,94,-0.8493056697186658,-0.07766071145704179,4.203412856272757,7.4345321551335555e-06,-0.3075112894916127,-0.08855511721278035,0.03733498840655578,-0.032880925977936355,9060088,0.05408731700997538,-1.2635594423577203
0,10001.0,250,78,-1.881996993782212,-0.01819220329615057,5.6287613342348495,-1.3071212843720683,-1.5664480448103648,0.9057967492839226,0.04671508615105584,-0.7029879748605461,9060089,0.08046008920474525,-2.5171557890882013
0,10001.0,250,122,-0.6981401257570098,-0.00040284181045764064,3.1836039565197254,0.19951058570541966,-0.6250493891951554,0.3849209613222364,0.034572191358730305,0.22474964651880888,9060090,0.057453137612484675,-1.3516409032373462
0,10001.0,250,102,-0.7195396142393986,0.040448089619960124,5.63204417386137,1.142212891689774,-0.8799242332465047,0.6904052676239809,0.0308142966129752,0.4572817011218019,9060091,0.049730230218787884,-1.061110458506543
0,10001.0,250,108,-1.184042306593993,0.013422770255315809,3.9708946355453967,0.1215089409837611,-1.1396318303996622,0.753479939936218,0.03256059428329152,0.3178921089247839,9060092,0.06199297959888709,-1.2780804359519935
0,10001.0,250,110,-1.8612630359268567,-0.18145535135277188,3.846632899484717,-2.1242777982905183,-0.603324517015942,-0.2856319764957843,0.0361654953145917,-0.2289025244809796,9060093,0.05512731931309467,-1.3128268779868009
0,10001.0,250,135,1.0143642766293188,0.04812209537846883,2.5940686835519284,2.2481124258980647,0.6275294734032867,-0.2109489711520721,0.033353845489484814,0.31637342491861176,9060094,0.05432628508804178,-1.2177237799922145
0,10001.0,250,95,-1.7404116604216588,0.05947391393146784,4.322284881594864,-0.7978078427178898,-1.8994244772286408,1.3890215133384711,0.04420411173228897,-0.4064838865297557,9060095,0.05399015416504729,-1.1846824825285343
0,10001.0,250,110,-0.7074022430425749,0.04990223467030387,4.851447533462361,1.3649372921555154,-0.927093846825038,0.7544847595327253,0.03556743101438011,0.2540365275066624,9060096,0.0463104029019303,-0.7306372122952465
0,10001.0,250,122,-0.6198764070637041,-0.0059048908025539255,4.093109212647592,0.1356739934767177,-0.5221920129947536,0.3012331384980748,0.03742448887545402,-0.006513838824883273,9060097,0.05289486391313054,-1.0538542503354138
0,10001.0,250,85,-0.9041630272504436,0.061289068785018525,5.585158561112856,2.2325079049330143,-1.157354658080573,0.934816758110187,0.034426812545373206,0.06955620921523703,9060098,0.06054388331313871,-1.6955714216291904
0,10001.0,250,94,-0.36415812698153455,-0.05354172504417832,4.592764305817488,0.3987946449958274,-0.01439379883623191,-0.1833361237611021,0.041806241864539566,-0.1250999169901811,9060099,0.053978587159698686,-0.9380580649566892
0,10001.0,250,84,-1.062594107866906,-0.00021548434332161303,3.516991251195687,-0.13222136846462454,-0.9440916023782324,0.5837248616463371,0.03489765513667574,0.2594205852173028,9060100,0.05560364625658057,-1.3274916677750759
0,10001.0,250,94,-1.2328277931433036,-0.003154154530494161,5.371467204906943,-0.24656412113730006,-1.0821789433665487,0.6583264005254026,0.03776395906205466,-0.08486976613714445,9060101,0.0639377787648289,-1.984278316422011
0,10001.0,250,74,-0.6519669544862501,0.08014504577743793,3.3886340918585374,2.237646936302088,-1.0329791168094238,0.9219955438936456,0.03929614238592085,-0.21198824884634035,9060102,0.04938730253080633,-1.0696625576275518
0,10001.0,250,101,-1.4592202090486643,0.03505304655038189,3.8976647226321584,-0.6532878957513335,-1.5097031626453659,1.0604449315106437,0.04735491756647909,-0.7843625908910185,9060103,0.06453124325258022,-1.7043870459924484
0,10001.0,250,76,-1.0823382754875304,-0.030279656887524008,5.370368466722467,-0.9201061893409084,-0.7872964365838052,0.38081504980398656,0.03463781813470891,-0.02035710827484164,9060104,0.053254072006501084,-1.4435445008413352
0,10001.0,250,106,-1.5189349426016356,0.05072952979548357,3.92612540791859,-0.07509929338583174,-1.6573751030263912,1.2087947409259747,0.02996383162670432,0.6451637322177586,9060105,0.051543936657445714,-0.7689819185160741
0,10001.0,250,117,-0.7952351519066037,-0.047234994204573916,2.3391956405307988,-0.3062187544289548,-0.4355420852379352,0.09713287238519712,0.033994162896259415,0.09117741073979822,9060106,0.06572194485136577,-1.6742380845513731
0,10001.0,250,69,-0.8581574716197744,0.10102212363846788,3.0504665624818585,1.3860290710049132,-1.3284131940651969,1.1764339374676198,0.03289475763004812,-0.048280205896049734,9060107,0.05896974996761236,-1.673112150422034
0,10001.0,250,98,-1.025581644836279,-0.052962353575126866,3.1683717331790238,-0.4472902859117593,-0.6082544815203992,0.1855749208706405,0.03354412272746901,0.34911517757284805,9060108,0.04665630262987433,-0.7139282343414108
0,10001.0,250,103,-0.6309331327677993,-0.03387946247980994,4.6585373538569455,0.41776654304628796,-0.3666745140164108,0.10436375547529453,0.03097357170617956,0.3600359878189383,9060109,0.06301204819277106,-1.8113945626097936
0,10001.0,250,101,-0.4636979335794677,0.06491205448381324,3.7159084311007744,0.8568561521704684,-0.7934801450066612,0.7251483754414633,0.03250533149969606,0.03345664551695364,9060110,0.05408213499157921,-1.6334500874061952
0,10001.0,250,93,-0.5286517573230457,0.055622126118544564,3.0987377024150504,2.4722580677122004,-0.7942219727355454,0.6910380595288762,0.03764736364814095,0.08961916152571463,9060111,0.053536727555382815,-1.2770036938684641
0,10001.0,250,86,-1.4435873005552198,0.04875804615881158,5.488677893000438,-5.962857189673034e-06,-1.5660650657748654,1.143312549807508,0.031735139482661844,0.310589038714028,9060112,0.07112860042319817,-2.2975737644171907
0,10001.0,250,101,-0.620630257390372,0.06547245920187786,4.261177305694924,1.0844167771900477,-0.9371164840043961,0.816026857252391,0.03377420974219459,-0.030173313306875463,9060113,0.0686633631299391,-2.0423640200159956
0,10001.0,250,76,-1.7505200284529472,0.06066893633264491,5.132133967701326,-1.138769832813525,-1.8978833652044715,1.389599915136247,0.030982490757072958,0.4393675023591922,9060114,0.07711491125793496,-2.529550898466017
0,10001.0,250,106,-0.20805249289875927,0.04049425062718528,4.793782256610595,1.5059092967367531,-0.4234281379288735,0.408534344833081,0.03232592428084072,0.26671455264868565,9060115,0.04692317657727685,-1.2033168134937653
0,10001.0,250,77,-1.4296094269881658,0.0610003598517519,5.265841587394887,2.2444485207555562e-06,-1.6161826168864497,1.2164728798174491,0.04542789153217285,-0.4302858070452278,9060116,0.04743313429671767,-0.6619229961485452
0,10001.0,250,81,-0.5228088411087016,-0.01248540417313213,5.096520227127055,-0.27169423597409353,-0.3930382742460104,0.19907450664393286,0.03424818009167764,0.0938109742473796,9060117,0.04737876236127304,-0.8730043409450949
0,10001.0,250,108,0.10452079811369937,0.08701282780671933,3.2891094201588205,1.4507035575283997,-0.4164889695631712,0.573079373420004,0.028361186682212724,0.6097597061651855,9060118,0.04818291398412725,-1.0882052258142234
0,10001.0,250,93,-0.9670824802483178,0.040536807938181096,5.458813727673959,1.6600137265461026,-1.0980086584541278,0.824908928312747,0.031921013743327606,0.415978980847376,9060119,0.062335362957205175,-1.9894852397027143
0,10001.0,250,95,-1.4696520186020896,-0.04229531135456044,4.515003531727134,-0.6823334179265343,-1.0666586898312438,0.5080357376953789,0.033357624044565354,0.3164075831368753,9060120,0.07538511818535136,-2.2775608461720944
0,10001.0,250,90,-1.4719063837321456,0.03985664651526325,5.529038337694859,-0.2513783992149137,-1.5426809394656942,1.0974191933515325,0.03599523542197463,0.147973830142116,9060121,0.049663168804249265,-0.9618746055377421
0,10001.0,250,97,0.03915132027165024,-0.009944052447970864,3.2305606937602565,1.3815195716002648,0.0928207984855706,-0.0932173689763059,0.040487310755815235,-0.34467802193663033,9060122,0.0511151304971748,-1.3814637832734944
0,10001.0,250,101,-1.478957920386048,0.05619802968246943,4.806446180289076,-0.6299745479115039,-1.6507279318431425,1.2240042271541467,0.043272909043355415,-0.5730304148552542,9060123,0.06656685392596777,-2.1414604377405184
0,10001.0,250,93,-0.6506427285242462,-0.1481959871376932,2.9020647003101434,-0.24800598354146086,0.2785467875050177,-0.7040453906211087,0.04533417849585747,-0.3587757493675604,9060124,0.05551034784298485,-1.0139516905461834
0,10001.0,250,120,-0.05625988224789509,0.0296329950590024,4.979438566718456,2.4265782908843327,-0.2255072226137655,0.24757825146502205,0.02972836044639387,0.41407470854424056,9060125,0.05225485984685772,-1.3621382652498042
0,10001.0,250,111,-1.344044859869835,-0.20521882565917896,3.1220397184800928,-0.8324496003187828,0.00030962257169063863,-0.7456331533693218,0.04227997032116738,-0.13642197477122975,9060126,0.07673959595497741,-2.2378961824536567
0,10001.0,250,96,-0.9150265226713248,0.05665627861723619,4.247991064383498,3.4546259598649622,-1.146572845647058,0.9131802009314148,0.04268630833464021,-0.39479301117121296,9060127,0.06017001955595036,-1.8475810265379644
0,10001.0,250,98,-1.6226347737355158,-0.12466951951566473,5.226217054635475,-1.3250921089108794,-0.7244149370538786,-0.0008154286754495543,0.04567161752639906,-0.6240536508896585,9060128,0.069341883663687,-2.1622998375522458
0,10001.0,250,69,-1.283611375053103,0.026170881387699397,5.659983124252711,-0.22418894118335014,-1.2821026748630129,0.8860226382718674,0.0375527648227318,0.014691632488535491,9060129,0.04602280088094312,-0.6373948961743636
0,10001.0,250,125,0.17068606322179616,0.08526875228577026,2.2966846511458723,1.0753511222449224,-0.3512691583316377,0.5291318755300514,0.03269529731830547,0.2581068443910369,9060130,0.06433379875535594,-1.8190590879477668
0,10001.0,250,72,-1.2591750225451983,-0.028925733497454788,4.562338398477345,-0.21493910460993906,-0.9506181090580071,0.4874180773944078,0.03751841574851545,0.005458677904665835,9060131,0.06626506024096386,-1.9651070211909385
0,10001.0,250,105,0.1012894813704638,-0.018982371675694484,1.3639434165219018,0.6750532337983243,0.20175973974288489,-0.19349073520085466,0.03591426638453457,-0.08744391507438251,9060132,0.06023925924410715,-1.53376587406657
0,10001.0,250,93,0.08867715148477112,0.0744150673100973,2.9020647003101425,1.0750493459915644,-0.3522863533723173,0.4849784631703746,0.030262001723584377,0.3834012174474532,9060133,0.047699245522797785,-0.9056303989693426
0,10001.0,250,102,-1.3682209366578986,0.07921734242057847,4.911846338703454,0.3847551042042892,-1.6866506816234528,1.3294673125678886,0.03097108297366035,0.27640868275606273,9060134,0.048476162715377635,-0.8114897204721093
0,10001.0,250,115,-0.9023625614009962,0.010950631213494638,5.6401947633944465,0.3201374164402278,-0.8742991558557902,0.5804549048743292,0.030437610657684508,0.5087232558916729,9060135,0.06162585827179685,-1.7704544769018404
0,10001.0,250,87,-1.51134207064181,0.02252572507319289,3.5081344563610912,-0.5505974162347569,-1.4758895827045624,0.9939810651191442,0.0425318786667407,-0.3665671975315141,9060136,0.057394902189402776,-1.5472403675806117
0,10001.0,250,78,-0.5825929045595786,-0.02705846470350113,3.769130337571674,0.3690940058253959,-0.36256004009446596,0.1288503361951057,0.03378617107727095,0.2032597243081244,9060137,0.0627979660577795,-1.8358727083707416
0,10001.0,250,108,-0.5245670748819936,-0.013839564094145308,3.2891094201588196,0.15789886409722184,-0.3888880970121602,0.19032865003630944,0.04025439619258017,-0.21400082254800987,9060138,0.05957431878049834,-1.4065454041864367
0,10001.0,250,74,-1.4079597446189414,-0.04156330886545873,5.831738926395934,-0.77944755840437,-1.0112472200709088,0.4801557544358739,0.03661938074880165,-0.0667832110137803,9060139,0.08270501360279828,-2.6476022286400185
0,10001.0,250,84,-1.1015309389591226,0.03537390979967653,4.383723858201034,-0.1448573602912116,-1.183313233212079,0.8584856915130228,0.027506153646845454,0.6837591243564985,9060140,0.05337710288157238,-1.0128591178510604
0,10001.0,250,103,-1.6559857064830097,-0.029590767374458583,5.0152861837711376,-0.8750078928918106,-1.3090668495506954,0.7027981615317297,0.03268175823335648,0.4193779384461834,9060141,0.07246604283137513,-2.1173675299667654
0,10001.0,250,108,-1.160533038082711,-0.012381622593661448,5.845803977858484,-0.2587779259117247,-0.9672797151366818,0.5533238317102366,0.03574432539981785,0.029867403117744506,9060142,0.07200061242035591,-2.2174329068961818
0,10001.0,250,106,-1.132594179034648,-0.05828361268773375,4.793782256610597,-0.24131670761414634,-0.6730886265677237,0.20523811806395612,0.03630387250119636,-0.018698024629473245,9060143,0.06686962905384981,-1.8699549659708783
0,10001.0,250,86,-1.2441195962919025,0.02855530788246857,5.2767860057923945,-5.962857189673034e-06,-1.2721110765412342,0.8893063818391636,0.03285318694131363,0.2646465327165203,9060144,0.05258502994608708,-1.1030291775264658
0,10001.0,250,94,-1.1055896158246141,0.0557509803224012,5.371467204906943,1.0200179846296304,-1.3103918468053808,1.0110448266221372,0.03104121555345806,0.3415017162494929,9060145,0.047364029171715324,-0.8110863970488283
0,10001.0,250,91,-0.8161422407201266,0.06264069689728037,5.839793678725471,1.1331551543880627,-1.090361911393315,0.8991674268395728,0.03349538119673885,0.3398599716380114,9060146,0.05385074660493305,-1.4466207864560467
0,10001.0,250,84,-0.584241249292196,0.06977598521097259,3.95035755469836,3.0303000142603387,-0.9208662013264026,0.8184354958872282,0.041433115976450614,-0.3052154141152114,9060147,0.052162053230844524,-0.9721136058422092
0,10001.0,250,67,-1.7990573653218693,-0.08915736813748193,4.565179067955131,-1.3451914619473797,-1.0867886536607472,0.3627571213116692,0.045213110506542295,-0.49194147970822705,9060148,0.0736890213182479,-2.417289536383218
0,10001.0,250,117,-0.14308439471134324,0.05624456620010311,3.917409092904352,1.6573045032982492,-0.4600116041985192,0.489397978085445,0.03169409756839421,0.3998207560344368,9060149,0.04825754631428942,-1.1028516249745255
0,10001.0,250,79,-1.5842652165915072,0.034062196704237845,6.671986563179909,-1.0715241261136614,-1.6014009800539353,1.1123116531472246,0.03532362268146921,-0.28443512979241553,9060150,0.08574800996099091,-3.0789455547997453
0,10001.0,250,76,-0.8115201857087021,-0.003014620333914527,5.84683746476475,0.5377708950051633,-0.7024540432590788,0.4244619492879668,0.031070226853359383,0.376350467931498,9060151,0.050100696039289135,-0.9396602542589864
0,10001.0,250,90,-0.8881064144909816,-0.1072339807554919,4.7173629474470005,-0.5752936553061867,-0.17172470169657872,-0.2774660595137584,0.03800072369567256,-0.07451547751389168,9060152,0.05673050625440833,-1.2407258560526948
0,10001.0,250,89,-0.6849287282270138,0.04002427552727599,3.776004622770527,1.3910173917752926,-0.8416309706416903,0.6640292992252708,0.03428116065160867,0.24841649803074276,9060153,0.05158537375307682,-1.3220968837534166
0,10001.0,250,116,0.1820471386185672,0.032757593257674265,1.429904544490712,0.8226160984180847,-0.029576736768255257,0.1376100673085389,0.03402006441157954,0.2022463843166839,9060154,0.05400011958503991,-1.0788486594196625
0,10001.0,250,72,-1.9828730555011884,0.060755364033279524,6.818684314109437,-1.2798447864484663,-2.0993543774856738,1.5139802264466944,0.03617635484115403,0.23267497889879926,9060155,0.06177314717928788,-1.4490541018851304
0,10001.0,250,90,-1.3700068949805466,0.06587152701501138,5.934876032818785,-2.244866681993267e-06,-1.6022561442866097,1.2273883568223132,0.03615738271917377,0.1004585200580712,9060156,0.0478239121359992,-0.7995731211017192
0,10001.0,250,81,-0.44473748263301344,0.004930684139980212,3.526481716153218,1.152296574228441,-0.4234550128915695,0.27970124409476194,0.033316059938679435,0.1992747350323868,9060157,0.04490311476320026,-0.4519766812594925
0,10001.0,250,91,-1.2079293458997846,-0.03463867902445307,6.040586908685732,-0.1920561116288283,-0.8767740143924255,0.4185575398468608,0.035261044176706835,0.14806543103866165,9060158,0.05189859608212135,-0.9420403716013924
0,10001.0,250,100,-1.1836139726052477,-0.0294573576955298,3.414558599371217,-0.1823859084264656,-0.8866437940710474,0.4422680924360381,0.04616562495354235,-0.3910088734895261,9060159,0.06254546722871636,-1.4192951930244344
0,10001.0,250,119,-0.6071277241741582,-0.035272247619458484,3.9583418148530978,0.3783555847876633,-0.33716537964923904,0.07976182444476494,0.03845566598189997,-0.10653634938868356,9060160,0.05515502871701862,-1.5055804908718258
0,10001.0,250,97,-0.3941484907658743,0.08187760867107616,3.797321726660208,1.5545526816694843,-0.8284047241542696,0.8072167626365355,0.03227711605435022,0.419304072505859,9060161,0.0503559938679449,-1.07542338747062
0,10001.0,250,101,-1.5569685966452531,-0.11835461176659745,2.6253706819124716,-1.186113565995384,-0.7020752020081026,0.007135345822579973,0.03489898249794525,-0.057872730398319985,9060162,0.07000707544819475,-2.206584216620546
0,10001.0,250,84,-2.148362923821726,-0.13956705432597766,6.5505553757144,-2.6006745804018743,-1.1089919498462235,0.1898832395006016,0.04162024441853435,-0.9585258208450136,9060163,0.10429351815865613,-3.336247591413108
0,10001.0,250,106,0.3527172645199746,0.06923865319731218,2.190811710534584,2.563793301631993,-0.08950723437441135,0.30609871644234904,0.02806472068239,0.6365763246819465,9060164,0.047632735242043436,-0.9457699659874944
0,10001.0,250,97,-0.3888799651802553,0.04865742520716295,3.041640349460273,3.0060878538827853,-0.6304666427629281,0.5651934033004964,0.026021861005057545,0.8757420908983834,9060165,0.055911251116520407,-1.7959890835159578
0,10001.0,250,87,-1.628899307494606,0.023998456936875644,3.9272843500598484,-0.5547212362389085,-1.5890782892082944,1.0693018960085985,0.03635741121166694,0.23056685364761956,9060166,0.06897089825577972,-1.8063668517652278
0,10001.0,250,98,-0.9662820407720528,0.058105780971247814,4.4779096650149475,0.8502967078832129,-1.2018142658648838,0.9528245319664368,0.03670258992961092,0.1180792770343966,9060167,0.06839004764578026,-2.015134825103285
0,10001.0,250,99,-1.452613448057133,-0.0855844232998876,4.77480649952795,-0.8837743256910544,-0.7999715054882524,0.18645238136773806,0.0403675267230872,-0.27116853305357896,9060168,0.07058506980776706,-2.101202661219692
0,10001.0,250,98,-0.04934403168812361,0.004407070190863562,1.6717569539379684,0.8379971470600431,-0.06975341020334402,0.059028219791634876,0.030619725163438968,0.5241998793217624,9060169,0.046856045884417434,-0.7366934490664726
0,10001.0,250,93,-1.1806203897465763,0.09520382235762076,4.8687947213592295,0.6820649514844375,-1.6054945371487437,1.3350802887041082,0.0266313392527928,0.6418647434678945,9060170,0.05586053892991321,-1.7647022130273722
0,10001.0,250,109,-0.6514202973531945,0.08113454199211798,3.0634932143591294,2.6717828569522615,-1.0598155032286098,0.9497897704830928,0.03562406307256676,0.2469601554969717,9060171,0.04719447048154669,-0.8873153439094913
0,10001.0,250,93,-1.0605692936183464,0.06420062427140118,6.638851740303411,1.7326039917476048,-1.3186240473866475,1.0463288678065694,0.02704624951418577,0.5113936261699473,9060172,0.06313785608383354,-1.7307704299129814
0,10001.0,250,97,-0.7939312530893581,0.05764678895208467,4.175162415260176,1.3901672288597011,-1.0446452993728923,0.8538048836422041,0.033021730385037605,0.09341494207132277,9060173,0.050328554360812426,-1.2521643634171524
0,10001.0,250,112,-1.4224755548667642,0.04471936582439845,4.385016334207797,-0.5096278841032633,-1.5386004362582193,1.1139577106555167,0.028435664977222906,0.4980034084555875,9060174,0.04345511076564322,-0.5819748527023427
0,10001.0,250,104,-1.2010050502192526,0.058420366327863016,5.293550230639278,0.8257811022987418,-1.416660976027156,1.0875555759999977,0.03610937438393124,0.189454998918508,9060175,0.049245368571058434,-0.9692664317800928
0,10001.0,250,106,-0.2823099808841653,0.03414602382091859,2.0172803407961823,0.6522504894813123,-0.4527632453439386,0.403688811324532,0.02577490889223092,1.0750639467957863,9060176,0.04002667561742572,-0.34197317608925404
0,10001.0,250,89,-0.45127437717336605,0.00033750024065465985,3.5709146149717457,0.7243368546300546,-0.4041335885748743,0.25134308909844005,0.030022615004196306,0.5632101997677718,9060177,0.057655352593168376,-1.4440404820498758
0,10001.0,250,94,-1.6537526742912738,-0.11289332960486782,3.4247099571832997,-1.3862697961353587,-0.8211647969258042,0.10278961074057158,0.04628307953220507,-0.7724696885720853,9060178,0.06526306840264283,-1.5319377931407605
0,10001.0,250,88,-0.8185539443152583,0.010610835083307115,3.850825801804932,0.5518205917982143,-0.7905008176916177,0.5272057021244003,0.028747528684161625,0.4796900137327934,9060179,0.059937908315288814,-1.6386382020754304
0,10001.0,250,99,-1.4255835168948476,-0.12265334790183678,4.218999447715912,-0.9150143941361396,-0.5598537257673755,-0.09570411158037964,0.03664777125812455,-0.007755763065541956,9060180,0.051238911503398994,-0.9608560082978772
0,10001.0,250,99,-0.948288861477996,-0.09428352732878972,3.292654361362508,-0.28145750920998297,-0.29845126751168416,-0.15517461112077505,0.047521113640429616,-0.3717445169056571,9060181,0.06975684998056743,-1.704115561350383
0,10001.0,250,92,-1.0368971237624574,0.07161568641569371,4.753125515591778,0.2043639325897796,-1.3398371846658923,1.0858857725811386,0.031155477449771037,0.4994126410470696,9060182,0.05276954592563804,-1.1274354491971021
0,10001.0,250,96,-1.6433054215473797,-0.1373429588801069,3.8663899141176423,-1.1119458249644325,-0.6695342007679668,-0.07963495916902215,0.03817752399174863,-0.13778638528882453,9060183,0.05002414349480031,-0.7008982029037357
0,10001.0,250,108,-0.840904462448427,-0.02515158322189493,3.800448331698752,-1.0269045117990867e-05,-0.6060149610801144,0.28359544249529484,0.033726303061709186,0.2827572456345044,9060184,0.04926450670718063,-1.0000743897296347
0,10001.0,250,105,-0.4689732704824184,-0.0797727970783359,5.216499892885492,0.21658219696229436,0.04685484375599585,-0.31768179930318025,0.036818489840254334,-0.1890449337397152,9060185,0.06395410865473279,-1.7983969533680548
0,10001.0,250,101,-1.1788687937834372,-0.009363951039866028,4.442933597226308,-0.4697683784193996,-0.9997941592034078,0.5846915879736035,0.037827672402991126,-0.3282458049122792,9060186,0.05324376685628143,-1.3734142589966536
0,10001.0,250,97,-1.2264905570745264,-0.003783326911106874,5.119764136760094,-0.2487509683408066,-1.073793715468193,0.6507598607644189,0.033449627467107765,0.1881301828813052,9060187,0.055390594636610974,-1.2988102687651726
0,10001.0,250,110,-1.0227822150404304,0.014168573363432652,6.0237312731029435,0.1927703190587712,-1.0000474574524136,0.6698767107532592,0.041867706862066666,-0.5272594332378201,9060188,0.06549675404125463,-1.9808868118114316
0,10001.0,250,82,-1.7929406356663165,-0.022478877552165398,6.553094916485707,-0.9199625442509032,-1.464924295516724,0.8272041148346145,0.035950252623396815,-0.03579310427598023,9060189,0.07100444789912337,-1.7223263984687087
0,10001.0,250,104,-0.8413440268180624,-0.10274981609805768,3.3495171580021283,-0.5917250415975153,-0.15233876699777668,-0.27738438399536386,0.03185052036101395,0.1877280066385348,9060190,0.07344431489398454,-2.5813411272125992
0,10001.0,250,83,-1.6650343492557378,0.017574136645358982,5.346423426947879,-0.4460785177248172,-1.5816479993062509,1.0417414131089116,0.03560401359662922,-0.019870281595734826,9060191,0.06607253386305077,-2.2230200602036323
0,10001.0,250,103,-1.3879340916785678,0.04690354311288469,4.8369117688140415,-0.1355252799963604,-1.5161367300796578,1.1073558852087309,0.03614089790246028,0.2270864798586013,9060192,0.06594118409120353,-1.9767963763327483
0,10001.0,250,90,-1.143298461081117,-0.10624686280144426,4.514444099885036,-1.0280408788552622,-0.4049398327638212,-0.1295933110279184,0.03037062457103638,0.3363042539490826,9060193,0.0513728300297966,-0.9195445405305626
0,10001.0,250,77,-1.4432025167774012,0.0412462720049419,4.324607060832167,2.2444485207555562e-06,-1.5155781724331459,1.0843835915349973,0.035357310133835584,0.16011513174366385,9060194,0.0602632303407177,-1.2911586199301737
0,10001.0,250,112,-1.052790347659162,-0.0923291100028748,2.574480017653144,-0.5516774231790171,-0.40153005441954503,-0.08727856934468015,0.037117251524307435,-0.14948363963989988,9060195,0.06558653970721598,-1.9663577956112197
0,10001.0,250,93,-0.8059338353428884,0.0781071284198755,4.278775715044504,2.4353122170257615,-1.172017015763759,1.0054958974818242,0.037751737320554285,-0.4107292232543565,9060196,0.0458881365870954,-0.9109157915877512
0,10001.0,250,103,-0.4554757484038977,-0.12550270232364852,3.0531676192430877,-0.5203640274739089,0.3256953651516345,-0.6550651014736107,0.05134804450778024,-0.840351062574686,9060197,0.07766550071252754,-2.219790262425453
0,10001.0,250,74,-0.8079253479237554,0.011304515009169458,3.1443236084047985,6.0834549380774e-06,-0.7800198387731094,0.5229943498978636,0.037236503618159285,0.07326369028787738,9060198,0.060858352765902325,-1.5158561851329568
0,10001.0,250,99,-0.7188112340460519,0.09095331593763296,2.7368473095504675,1.5024531661387697,-1.1724533798475074,1.0531711291117858,0.034115554212069306,0.2287933962365851,9060199,0.04254606082112461,-0.5442387646864083
0,10001.0,250,89,-1.0463352100823573,-0.05385365285819803,4.391274646166871,-0.15832476964981718,-0.6214141675879241,0.19206806078464475,0.039404211829396435,-0.0561504838066273,9060200,0.08023275899296108,-2.3298530374084763
0,10001.0,250,143,0.3160411960883939,-0.0017464750394648502,2.542945341142061,0.7510988445177706,0.2954423428815876,-0.18897942008891533,0.03169369309771688,0.5286061550935487,9060201,0.06473785962709397,-1.8888804797702885
0,10001.0,250,93,-1.1773472454866458,0.016682358312675324,5.458813727673959,-0.4499808836397,-1.1473475633272157,0.7698601383757119,0.0356400133641527,0.09647642282641833,9060202,0.05688117495448688,-1.6430810482396596
0,10001.0,250,97,-1.2826173498051914,-0.15819490149744034,1.530277595060402,-1.3452483188485076,-0.22577816813747945,-0.42963158320118,0.036205305091333066,-0.22069267606161694,9060203,0.061316695352839935,-1.8749431598689688
0,10001.0,250,111,0.8094042230022804,0.019383279759257983,1.79388609501076,1.5696480385402705,0.6118993894114673,-0.3079844354976281,0.029554346417929787,0.6595969589705355,9060204,0.05631280883904281,-1.1035885905188598
0,10001.0,250,112,0.2084058503120256,-0.033227247309943704,2.5744800176531437,0.5037695419067693,0.38220667383422297,-0.3571103658096941,0.030588078118927317,0.4600003667529578,9060205,0.0512357987349116,-1.1553690937763021
0,10001.0,250,105,-0.7900899713052766,0.051781375274989584,3.1151054512326253,0.6355434016911496,-1.0104025560894787,0.8123546845472631,0.03853478429848426,-0.1664224433008975,9060206,0.053302653428965126,-1.3778613589646085
0,10001.0,250,84,-0.5291671797820008,0.01809852999558255,4.383723858201034,0.9860221569418623,-0.5748077256541394,0.4202763514557451,0.03007941905872337,0.5082766071590312,9060207,0.06044706685981462,-1.8899486488283488
0,10001.0,250,88,-0.920286484903714,0.08075955934626378,3.02159303348866,0.8285417714038725,-1.2859854009310767,1.0844904628364345,0.0318166675920271,0.3302737730602668,9060208,0.05954355054627111,-1.5624757432045604
0,10001.0,250,95,-0.8700973323062509,-0.137779171188763,3.551410281065777,-0.9805392177424758,0.0231932991527351,-0.5094420928737506,0.03722533894343152,-0.10696308608295013,9060209,0.0628012048192771,-1.7197394823944758
0,10001.0,250,94,-0.8860266714901857,-0.07380798578892139,3.6193856819556633,7.4345321551335555e-06,-0.3626452936863155,-0.04060492439058308,0.03566193934498272,0.10043100306664676,9060210,0.058550638807148725,-1.2892728911330211
0,10001.0,250,112,-1.1517742652152632,-0.01685650581147032,4.055827913016041,-0.2846640894405662,-0.9339019015994874,0.5162312750150742,0.02988199130834188,0.4747163707785964,9060211,0.049516614846482704,-1.3187034096050576
0,10001.0,250,86,-1.326786365331816,0.03590194947858456,6.760029216248717,-5.962857189673034e-06,-1.3880259228111969,0.9872582138502354,0.03781505952123907,0.11867616219947398,9060212,0.05793820443062574,-1.6318713406110448
0,10001.0,250,100,-0.7463249919182291,0.09186413261817933,3.965046082473792,2.258149322209071,-1.2029456514610315,1.0755256836279394,0.033427874323715745,0.19934427463313206,9060213,0.055514863423919016,-1.4444143635964275
0,10001.0,250,87,-1.1392244983484483,0.0614137507674713,3.5081344563610912,0.3653486580840581,-1.3686976288632795,1.066421359575194,0.030929497560133013,0.4919084822066255,9060214,0.051293885218292534,-0.9690227402102752
0,10001.0,250,101,-0.5706261088158102,0.03587485410818276,3.7159084311007735,2.4084649890702843,-0.7197032981578245,0.5747041959776719,0.028516918386223063,0.5324026979787689,9060215,0.04818017590073556,-0.9793447551557672
0,10001.0,250,92,-1.154285482823853,-0.03679895490957427,3.560855104175256,-0.19027529213504427,-0.8165729015074853,0.3734281745790044,0.033714056998335185,0.21401892084235996,9060216,0.08386478465180368,-2.472225176414958
0,10001.0,250,108,-0.6253179535380757,-0.06417955569638598,3.800448331698752,-1.0269045117990867e-05,-0.18402828741132246,-0.11889564937104745,0.04193548387096775,-0.2546738880321138,9060217,0.06459848611033997,-1.6049956891423236
0,10001.0,250,98,-1.9850679913589524,-0.09080447010094664,5.413293902040607,-1.699868869338481,-1.2454583676549194,0.4435170975670803,0.05236416369890357,-0.8877882829173531,9060218,0.07274906075916569,-2.2958164498644087
0,10001.0,250,85,-1.1596306213389722,0.07461240906879234,3.4425515534856164,1.2306233064673855,-1.4613799471645186,1.1704921996430728,0.02482762591584978,1.1345938157485098,9060219,0.059351156749238035,-1.7316636986238216
0,10001.0,250,102,-0.8630296327220659,0.019679796759781626,5.451994715071888,0.4731588466275662,-0.8870405050445372,0.6197960718239186,0.03892568872967325,0.05756285998105349,9060220,0.05697289927760195,-1.4089483279164925
0,10001.0,250,97,-0.5277553861467978,0.0450400500432658,3.797321726660208,0.8298681387462186,-0.7335029043091059,0.6159253002832625,0.034274193548387094,0.2186571444271838,9060221,0.051445169472456885,-1.0665734900021346
0,10001.0,250,85,-0.7862215465703553,-0.06539871346260898,3.228290852722892,1.7685072107886262e-06,-0.3233910817268775,-0.03276900312744432,0.03356166601891436,0.296159074158351,9060222,0.06498682903657642,-1.9324046316267331
0,10001.0,250,92,-1.0270525134577488,0.0013549126239884913,4.5544137803556906,0.3979109815174761,-0.9240734549182604,0.5767251553156586,0.02814898967250308,0.7060986643288412,9060223,0.05140346331562811,-0.9318700372412386
0,10001.0,250,90,-1.7311731059761355,0.035817705640147794,5.123200642570929,-0.8860829911628768,-1.750467629450838,1.2115675879060526,0.040494235004534286,-0.1287030640337186,9060224,0.053772437419930624,-1.147420418782756
0,10001.0,250,104,-0.7053823709603138,0.0618209626001393,2.642596040679527,0.8537733655646133,-0.9928906677745952,0.8377335664064596,0.031608349330852235,0.3864115935447003,9060225,0.052291276543122635,-1.187967313752025
0,10001.0,250,87,-1.3963704331332754,0.07265685207143359,4.975159084306738,0.1814970123271984,-1.6625385093232994,1.288437962773571,0.028865243012153232,0.7351345755341865,9060226,0.04990391674223777,-0.8342686478629046
0,10001.0,250,94,-0.9935814911909272,-0.009527894496935052,4.592764305817486,-0.312669384428572,-0.8316332787349251,0.4804038571036622,0.038439821367026235,-0.2251177950531127,9060227,0.07088515351729498,-2.089793550155051
0,10001.0,250,91,-1.1007105994920865,-0.002459421762900278,4.835827528924144,-6.061210177347621e-06,-0.9673870616049244,0.589892377802494,0.03836412139671258,0.021881355277806182,9060228,0.08843900949419801,-2.807603911938428
0,10001.0,250,112,-0.37276903607183104,0.07770292406038026,3.7266394918242853,1.8246332059832295,-0.7910270517438457,0.7715605582361752,0.03282195602687247,0.17413004400865115,9060229,0.05121647881849982,-1.3302446196196227
0,10001.0,250,105,-1.4341068857702808,-0.11381674395788564,4.516035079001205,-1.1779133015981609,-0.6181027585291863,-0.029597665508889693,0.047827787577107435,-0.7389449340578944,9060230,0.08392980524247529,-2.300085064928516
0,10001.0,250,78,-1.5840004620639094,0.05322774948581473,5.628761334234847,-0.13783147267668558,-1.7097877728322857,1.2471411810785589,0.027964306449213824,0.6712859681864161,9060231,0.0491172902754714,-1.0476877288878057
0,10001.0,250,111,-0.9999357244847858,-0.2004247085785056,3.1220397184800928,-0.9349141779058976,0.280696328972331,-0.901607341133468,0.0369151801868207,-0.2384266452113982,9060232,0.051028362616204526,-0.8550748728171493
0,10001.0,250,102,0.02252446844379386,-0.010271573950650823,2.3911539156507486,0.5829239868459535,0.0801255256880506,-0.08666405926748037,0.03095801428691562,0.3331247310011881,9060233,0.058838245082666586,-1.4955646553035484
0,10001.0,250,88,-1.1739118229335557,-0.03794812996654066,4.058133993884,-0.312110376675527,-0.8268462437076859,0.376235693559311,0.03317239180045243,0.3676375011749387,9060234,0.059891640293894474,-1.1732027477847762
0,10001.0,250,103,-1.7260116334343587,-0.3235006781104936,3.2315420342001837,-1.0260517222963264,0.3455689450166438,-1.3829758716089129,0.04009938773326125,-0.040737911091081776,9060235,0.056540678844409886,-1.0138657610834938
0,10001.0,250,99,-2.1680048324965457,-0.2566710650106874,5.330613551339992,-2.527931530748313,-0.4427879938258949,-0.6511549560560373,0.047971171613448715,-0.8504075865674784,9060236,0.08428503094262907,-2.4365890758025275
0,10001.0,250,96,-0.3952765608007895,0.05362845554647134,3.1031876135859333,2.7336683332214093,-0.6647432818093535,0.6041622348522372,0.030700760029364782,0.2989801302935331,9060237,0.06809110481866021,-2.17895447939858
0,10001.0,250,108,-0.961594136038024,0.005468536029943493,1.4142000778457342,0.404937607748891,-0.8936773883339852,0.5725270679528492,0.038491208234698315,-0.29967767659998146,9060238,0.055087734450346204,-1.395867848310938
0,10001.0,250,84,-0.8079000321456966,0.08108675839192421,4.383723858201034,2.508600368402896,-1.184861593282201,1.0221297555549225,0.022024986340875415,1.125926391837749,9060239,0.05338895906205465,-1.3310287354560542
0,10001.0,250,82,-0.8089503669945858,0.05371131525895028,3.4493448562331706,0.7252420784721086,-1.0272300680091857,0.8268002971786735,0.03998489993819805,-0.1451289044970956,9060240,0.060822591441032935,-1.556163526648741
0,10001.0,250,94,-1.196632181279603,0.08023368559204525,4.787440030589847,0.7814736705629496,-1.5337194587332903,1.237145584533793,0.03285543608124253,0.5042859997363838,9060241,0.06636402239783508,-1.8035914630558152
0,10001.0,250,94,-1.5696089786972944,-0.019001904718791488,4.592764305817486,-1.1717303914317228,-1.2908506807616889,0.7305505363383599,0.032200107731435085,0.1883439686002925,9060242,0.06761390914702455,-2.0451920061952618
0,10001.0,250,95,-1.2288419385717506,0.08469915522373889,5.2858781322562205,0.7185581094007552,-1.589124196281395,1.2876599640025754,0.03505179619313575,0.21723069140274465,9060243,0.051109815606512066,-1.4905804683418795
0,10001.0,250,104,-0.9397451751168628,0.004535866909186521,5.1168199513086305,-0.2021340918904459,-0.8677291224586214,0.5531339739111465,0.04108137619602835,-0.3203347326536645,9060244,0.05052930616475117,-1.1464389812887632
0,10001.0,250,96,-1.448826763038395,0.052343467784018584,5.392794515181066,6.984777476599699e-07,-1.5982880617449058,1.177167066465452,0.03098390629968555,0.3419886897482339,9060245,0.04365418663902924,-0.6139721700858686
0,10001.0,250,120,-0.7565869704463102,0.049189055165271264,4.363362916444282,1.1077044146478148,-0.9701250515342924,0.7792959574372323,0.03879916319999232,-0.01569313255700619,9060246,0.050931837950881874,-1.0684541086125587
0,10001.0,250,86,-1.3379170716959974,-0.15587675251340904,4.005434682544117,-0.7348472750915699,-0.2932745969282154,-0.37426362164744176,0.03231204387442243,0.5430949199288974,9060247,0.1084364339076737,-3.2736769307312317
0,10001.0,250,76,-1.3918785606253294,0.010452272556955786,5.846837464764749,-0.40693313659679775,-1.2938055247324205,0.8382582674838566,0.04438974536137381,-0.4369922559832717,9060248,0.07800017273394654,-2.353852109838641
0,10001.0,250,91,-1.6806337035578889,0.04238078762973491,6.843759828526795,-1.2145738787010072,-1.7440703234263393,1.2311731825580472,0.02818973842584413,0.5925183639241806,9060249,0.05266023772509393,-1.4287595632332664
