start,end,N,SS,FerL,TajD,FulD,ZngE,bsfs,FayH,btree,Colless,path,iColless,ibtree
0,10001.0,250,69,-0.5634991988010957,0.27012622578383805,-0.08095331164316424,0.5740229347605031,0.2612197278401716,-0.05942555112371525,-0.12400214422973145,0.037505783502674285,9000000,0.059077501071282665,-1.155330772789226
0,10001.0,250,42,0.6320346223064134,0.4243432426047544,-1.1915683460804989,-0.3248179663947461,1.5149808676770873,0.1305799252145529,0.6645798562303578,0.0286341217404179,9000001,0.04413254189779646,-0.4925661192068698
0,10001.0,250,81,-0.8312736593249029,1.951759211916578,-0.9593426009148892,1.5384246297469828,1.7795923763194432,0.03419740133349833,0.2692552270655251,0.03214716147090807,9000002,0.043114855736309285,-0.44323826558764096
0,10001.0,250,67,0.3292775434495848,0.5595027588949384,-0.26353820182450205,-0.01865694161305305,1.5689702938664785,0.09113239025134856,0.8041558489117682,0.028174825946558037,9000003,0.045713872861171734,-0.6569577803954656
0,10001.0,250,52,0.8813288019460241,-0.17706241046117344,1.5205081136020575,-0.7873303126293067,1.0094404956158092,0.11584060857934728,0.9877281232016504,0.023859261932522715,9000004,0.05006315584920325,-0.9358736080232268
0,10001.0,250,67,-0.34423780711246643,-0.4559025762006048,-0.5318002723678152,0.07645719124960919,-0.3931572897511676,-0.08514780269535813,0.189623557562648,0.031820471851563954,9000005,0.06437038476486591,-1.963302586241844
0,10001.0,250,68,-0.5133030746870468,-0.5815716746415579,0.4904060653512021,0.15726556887097476,-0.5301151379913783,-0.11910260920658725,-0.1370972903256058,0.04072843794532972,9000006,0.06043888816916411,-1.347439895330231
0,10001.0,250,76,0.2781258601684921,0.9121265067754396,-0.3472595097849327,0.1799068473180734,1.353541333142407,0.11041136339177356,0.1802023444739488,0.034231010061752394,9000007,0.0554575622589614,-1.4462432247697738
0,10001.0,250,70,0.7506323907040362,-0.0362911277818097,-1.1518410612613252,-0.6217328724004534,0.7995549884218839,0.10435309463664044,0.12841265924431972,0.035748215596641555,9000008,0.04863756099667487,-0.51939495044954
0,10001.0,250,48,0.8514287013352467,0.10840038950850084,0.7795914774652168,-0.6383266545102187,0.7743600109973331,0.1356157726991946,0.3776639017983253,0.029335406140691807,9000009,0.046316988383642094,-1.2808150866246066
0,10001.0,250,50,0.6306836664409373,-0.5350832091656127,-0.06896314663617208,-0.7413469607364312,0.08779300257144099,0.0505269508858435,-0.27624906039099645,0.04444930258669085,9000010,0.07198147428423371,-1.7496244138002075
0,10001.0,250,56,-1.824064739244368,0.3639808218002492,0.8945822841459385,1.629586135820131,-0.2700476594054953,-0.23776187879571545,0.5137534540926991,0.03151037329039661,9000011,0.05400539539562425,-1.1662903264303952
0,10001.0,250,89,-3.2507468379695785,-0.3887425161609827,-1.5563355799977914,2.4528124030426546,-1.7403605332368082,-0.4845751196228503,-0.6438475104240098,0.049377078205294314,9000012,0.08006218422075398,-2.6085314673596782
0,10001.0,250,55,0.3447083824172843,0.3729640633594197,-0.9724529589850468,-0.11440806415456073,2.699620492390985,0.08021351275207562,0.4554430736976699,0.030268539596172706,9000013,0.05600628319730535,-1.2621398356249314
0,10001.0,250,58,0.35097741989728914,-0.1871326878581047,-0.7696309122327301,-0.3650617963069345,1.7226444979885165,0.03627230731492398,0.0996535615659112,0.03613472121304291,9000014,0.06213711149583673,-1.6626227216090703
0,10001.0,250,57,1.2550594231067471,-0.910178137268766,1.1408380761972026,-1.4108385847171334,-0.1882228884923046,0.11085355559227522,-0.12595962472543598,0.04087652054268241,9000015,0.05578072659300797,-1.0223377004234118
0,10001.0,250,55,-0.057750567203307075,-0.4658674444955157,0.3175310170017544,-0.15752377130870046,-0.3713074915977199,-0.045566556791343686,0.031993868268374616,0.03871939370384765,9000016,0.06316880424925507,-1.243676317520478
0,10001.0,250,53,0.12784474086579956,0.6424336548388019,-0.22947315298874735,0.17796344347271498,1.3604313730885755,0.07014040352853408,0.3181097716778679,0.034174822456983354,9000017,0.04275435073627845,-0.3387418502838854
0,10001.0,250,44,0.12487573709361036,0.588341477034087,0.7078629523990989,0.15466542562542926,0.9467043802472288,0.0666399083815097,0.2027002782776527,0.032793059933881284,9000018,0.05245027028936862,-0.9315173079850432
0,10001.0,250,55,-0.10797204630665212,0.7809409232347634,0.6400270109984537,0.4290767707620962,0.4092474373573999,0.04637859482167336,0.018057298912981364,0.033973408568563374,9000019,0.06094377510040161,-1.728711754483912
0,10001.0,250,62,-1.5345416197319717,1.063677932909722,-1.4893146806158997,1.7055869646235395,0.26643605347746385,-0.1379173706798672,0.3318130069728207,0.03326820796700314,9000020,0.05237077341624563,-1.1015673506730792
0,10001.0,250,81,-0.0047048735965739,1.1587951832415992,-0.7350513850614838,0.5186634446300855,1.4960880667520604,0.08919263400086608,0.047011844292492805,0.037049851648924575,9000021,0.052442026169192905,-1.0565751317439291
0,10001.0,250,59,0.3089309789548363,-0.06909181973942131,0.40151129858760537,-0.2793969664882477,-0.17813834528234826,0.0394321124107486,-0.06930438084547254,0.03712916180852442,9000022,0.045721596061666016,-0.7050218422737234
0,10001.0,250,53,0.3235694602094197,-0.19528871872418704,1.1055212215212318,-0.3460900292303307,2.058648668506279e-06,0.03201875668428466,0.06258066164669672,0.03748621072756323,9000023,0.062275985663082435,-1.6641651309633334
0,10001.0,250,51,1.2526006215844554,-1.1350999806795834,1.6046875306943484,-1.5045151716917748,-0.6100492937800289,0.0942374648801232,-0.043121574184176885,0.0371048710972924,9000024,0.050650181370643865,-0.9870323698677934
0,10001.0,250,63,0.07610643200898556,0.20018378591623692,-1.51379019011206,0.026786166577495826,0.2709420803947472,0.026762326465090545,0.2932801988216041,0.03328151314937168,9000025,0.05381742021850844,-0.8932999819704092
0,10001.0,250,67,0.8931672020262643,0.2519559167038689,-1.0683244134544407,-0.6093157066901839,1.1521101927211146,0.14786963511422208,0.5370547615450227,0.027993309644106373,9000026,0.03580855680787667,-0.06830288050281685
0,10001.0,250,78,-0.4292647023380634,0.24299363718794706,-1.8097626524178503,0.454393554296365,0.3504276644826177,-0.041807707625967236,-0.059657598017983635,0.037554596265245314,9000027,0.05244507441530829,-1.10056593147217
0,10001.0,250,55,0.3937696479179279,-0.4304421014119905,1.2850189989918543,-0.5058533001592509,-0.6394061535245025,0.023413763207838386,-0.22287649281474795,0.03493099532856283,9000028,0.04571241957075615,-0.9839685154129127
0,10001.0,250,57,0.2823624773627996,0.20440827526257885,0.2048994237923554,-0.13791518255959734,0.96298263144481,0.05743598655062504,0.3322740435858422,0.03240482089648918,9000029,0.04959427151420934,-0.7822715803692315
0,10001.0,250,58,0.4091246561061721,0.0971681843896216,-1.0766060266679784,-0.28713090083962906,0.9996149343318268,0.06728821194813724,0.19529961663642534,0.03309690374400829,9000030,0.042100955140208916,-0.2308270168105252
0,10001.0,250,54,0.10047921421022088,0.8093583985105208,-1.5914089407117975,0.2732848795490134,0.8014301020094041,0.07931463569477927,0.2053466829590311,0.033858012695945065,9000031,0.044380286121444304,-0.5378282602214678
0,10001.0,250,51,-0.3645207983075088,2.0647112221398403,-1.1618543292691093,1.195085063062746,1.7608836642356778,0.11159662290389433,-0.31850635256731913,0.03877091945494588,9000032,0.0456017618862547,-0.6700983193338087
0,10001.0,250,48,0.23150281393252475,0.395382394280024,-0.3173851352554714,-0.01423065926187779,0.5692028516361116,0.06636307031774097,0.34103294544024604,0.03500651350923407,9000033,0.04957572224381397,-0.6269967073824065
0,10001.0,250,68,-0.1938956074867478,-0.7970925961218892,0.2258497993362431,-0.19561395135104004,-0.9145935109181708,-0.09025719615418178,-0.21510382472760767,0.0403355356911517,9000034,0.056768291805213686,-1.3092604080850074
0,10001.0,250,61,0.5760216313874413,-0.12203279281412545,0.29320740704667725,-0.5181274747334988,2.0271797591791065,0.07378101977559835,-0.01834328494167849,0.036182598556920534,9000035,0.07374255084855551,-2.247795110433468
0,10001.0,250,63,-0.04559235278855271,-1.170829219258951,2.1806505433802865,-0.4788731352183024,-1.5734556760002156,-0.09886257288556204,-0.33337987208665915,0.042491569405677436,9000036,0.05651278950929165,-1.083546618064941
0,10001.0,250,65,-3.639165097566753,-1.6803109177812183,-2.664608278077284,2.194412721616895,-2.2557876182313867,-0.6556724004643367,-0.19167418509973194,0.03492562625870048,9000037,0.0588806840264283,-1.418965607665091
0,10001.0,250,53,0.5686604648988615,-0.757101532042065,0.10427544063874747,-0.7892493417174701,-0.4015751583252,0.023205374600382682,0.014331292066621988,0.036525330274678566,9000038,0.04680704384357708,-0.5579167409718918
0,10001.0,250,65,-0.08617610897733011,0.4365007913368864,-0.18065470877793746,0.2619739744897638,1.772293749071831,0.021930036937010462,0.3589701645261337,0.02848279513566185,9000039,0.05520289041470541,-1.4064437961252911
0,10001.0,250,61,-0.06904017830925001,-0.13767205161055066,-0.2925590550937994,-0.004888596080804718,-4.314955515598111e-06,-0.02087552935491117,0.14456149096031895,0.03727004793367017,9000040,0.0606808956255128,-1.4104918145343843
0,10001.0,250,54,0.07054948593668336,0.9386926659433732,-0.6073324070137391,0.3540081716684607,1.2047371354408252,0.08523624817023212,0.5450054682111415,0.029235964994572282,9000041,0.04516290970332945,-0.7602529833918379
0,10001.0,250,70,0.3456167667260818,-1.0422215515971742,0.13537965793308074,-0.7396687137850699,-0.5409474740314684,-0.032193874594424694,-0.395784546318084,0.0476009610288662,9000042,0.06774605754395882,-1.7855970340847114
0,10001.0,250,68,0.5754760356532295,-0.743152867153827,2.07774366144096,-0.7925059057691286,-0.9229280229053958,0.02415156973460046,-0.4474140165144171,0.04335152672400682,9000043,0.060095219588029526,-1.6323692643626169
0,10001.0,250,61,-0.013836578959580495,0.895102442939907,-0.5854422861640389,0.4048747021983624,1.5722657171155872,0.06871379726551735,0.3315809913593113,0.030806587981808388,9000044,0.04234595427550611,-0.3237097512192019
0,10001.0,250,70,-0.3043515742546193,-0.6858609574396045,1.6800445209663688,-0.05765214267713225,-0.6214758368208427,-0.09712785308042947,-0.05575585439207173,0.04053094096817378,9000045,0.06284816686099236,-1.4797450360359738
0,10001.0,250,37,0.8876482520201662,-0.24258036499357055,-1.4197712153334632,-0.8177261777221659,1.4631210291785288,0.11727370926244705,0.35692901829208595,0.03009457183573002,9000046,0.07583236170488407,-2.746984892801112
0,10001.0,250,59,0.6285901096437927,0.33795983274145885,1.6100277943635768,-0.3582822846974394,1.9353577598333256,0.11813641913480705,0.8634891421241881,0.025450496301642814,9000047,0.04946541383751324,-0.8526340252037483
0,10001.0,250,68,-0.010600651657335557,0.2389649902908163,1.5486311294110409,0.1140941382055152,0.3863103503430879,0.017216089715901613,0.31891138336529296,0.03291044361778913,9000048,0.039315325819406666,-0.2971828804147804
0,10001.0,250,72,-0.06583612212516769,1.0726764231650223,0.30035166895005483,0.5278562659004877,1.619417946044751,0.07440166701341848,0.3037835884265285,0.029568847711344867,9000049,0.04319698147428423,-0.5216296754160165
0,10001.0,250,77,0.26255376595476176,-0.12275253758507193,-0.6168742036221235,-0.2664063204712936,0.10788196070461978,0.027616680497350055,0.047436516141422434,0.033655358762237894,9000050,0.06765125016193807,-2.1638573872103586
0,10001.0,250,110,-0.5699615525844951,1.1393421338047864,-0.3400947420887978,0.9715087966923608,0.7122021557619715,0.00849259883347483,0.04639334330775188,0.03538251678440516,9000051,0.043664674057211965,-0.5469547697821256
0,10001.0,250,51,-0.6057001746280618,0.8003793709167801,1.258869798198917,0.8373213302448741,-2.9050317334863222e-06,-0.02540998854577451,-0.3479007807495429,0.04107746120960268,9000052,0.06638577771496544,-2.3151367338858844
0,10001.0,250,71,-0.5514598912104308,0.7673416070993834,-0.6701449632473336,0.7844364487240542,0.9242140718185202,-0.018658085851882517,0.17071019435337978,0.03277626635574556,9000053,0.04968664982510688,-0.7281974039950649
0,10001.0,250,54,-0.12877975641756853,0.4452790632159228,-0.9353579182464252,0.29865505707226864,1.0041558355648896,0.01660808859526499,0.3454821780823592,0.032949469688008694,9000054,0.051510702307437636,-0.7046132525260357
0,10001.0,250,78,-0.2020917337497919,0.8187249379982585,0.5147760934111185,0.5264776949779084,1.5069841028869897,0.0350541191384096,-0.2401652863475349,0.04000093812401999,9000055,0.05468468857508888,-1.2380297392846635
0,10001.0,250,46,0.815112588813152,-0.7058492864406557,1.315459974526099,-0.9628613602855752,-0.2752261749585039,0.06504443406247268,-0.08910331074810818,0.039711264412488664,9000056,0.0559577017748413,-0.9347001332568656
0,10001.0,250,71,-0.5839625246188137,-0.1509609993150477,0.8540341395202521,0.4044587692716638,-0.8122620259794421,-0.09507942094073794,-0.4035870258962316,0.038527766981906124,9000057,0.04615484269584542,-0.8556505093560786
0,10001.0,250,44,-0.5002795186028729,-1.6529883292253815,3.875595508640487,-0.3142967916448702,-2.3207719371468274,-0.20976167251952094,-1.1308767123275072,0.05535561601243685,9000058,0.06519626894675476,-1.806128246656013
0,10001.0,250,63,0.1545796353991464,0.3073579479915738,0.4755240509992033,0.010701576460730994,0.7005231567175231,0.046535416761821456,0.5690722692895724,0.030072363185460724,9000059,0.060355273084748876,-1.7219780187564833
0,10001.0,250,82,-0.18644093053382926,0.863527522615779,-0.09779806976972424,0.5343806207292828,0.8126302496705087,0.04066597176496626,-0.33033456907589,0.04024105320056645,9000060,0.04416787384140669,-0.5359649237735552
0,10001.0,250,70,0.07836636858855901,-0.19622494192698575,0.6502679456108436,-0.14998950686198684,-0.1100350188806402,-0.004162733221923038,0.5486296014635924,0.030540171438441937,9000061,0.05033035367275554,-0.9161621261697942
0,10001.0,250,73,-1.0769838025432277,0.6974038417241307,-0.48649138573635203,1.1779989303061744,0.18898258347225524,-0.09876581737939248,0.2180397219769852,0.03249317461002912,9000062,0.06659253501461042,-1.8637537060075688
0,10001.0,250,66,-0.2276870700404368,0.16979984488471786,-0.2226851580668588,0.25857684369698725,-0.26957636662770396,-0.01936494390972696,-0.403722660594878,0.03881904790377391,9000063,0.05459374153505517,-1.3484457684522977
0,10001.0,250,42,-0.4457821077748499,0.4645047879375752,1.2870068657186586,0.5596011898472749,-0.11689099540188648,-0.02973872624633365,0.2361041182676487,0.029527453529356568,9000064,0.049223286106302035,-1.0821577636012245
0,10001.0,250,65,1.2586907015407212,-0.7034620929540026,-1.00863923187772,-1.3254213342277188,0.4603971432070355,0.12575322503577238,-0.13615834249904604,0.041207842121172865,9000065,0.0628773157144708,-1.6767474419872082
0,10001.0,250,90,-0.7511142683439345,1.270369889755211,-2.3847967172217537,1.173076568102378,0.7077321108017304,-0.00700833643138501,-0.36332029255216464,0.04213405345520009,9000066,0.05277966705531805,-1.2695664405286131
0,10001.0,250,40,0.7943366201122829,-1.1927576245456897,0.6232130834489794,-1.1536564967274994,-1.0329896915607557,0.023556850222582998,-0.2831923710309441,0.04152452102316074,9000067,0.06345381526104417,-1.828238248585304
0,10001.0,250,57,0.3217445328154896,0.1740272304921467,-1.6669778810173417,-0.18298414584842201,0.3397282877558745,0.060769808366708,0.15303291913835285,0.033897837466952636,9000068,0.04848425961912165,-0.6174448258493561
0,10001.0,250,54,-0.3985079789898176,0.19903597663112851,-2.2474599631771697,0.4082080963772327,0.057756856394482727,-0.04264166257877198,0.10844698915581301,0.03351424129698519,9000069,0.04848425961912165,-0.8409085630339432
0,10001.0,250,49,0.6405389674651052,-0.23427295215670102,1.4237391393365353,-0.6179034326064605,-1.0431590782065957e-05,0.07635278823546661,0.30038200418994143,0.03225806451612903,9000070,0.04568596968519238,-0.7570806111297556
0,10001.0,250,70,-0.35435820304346505,0.24437882026268054,0.1353796579330811,0.3939781336329501,8.509974083019055e-06,-0.03148196437301373,-0.7465788842900916,0.04417300538559769,9000071,0.07304901990094373,-2.1988991567692735
0,10001.0,250,77,0.5490476974681954,0.1151492140765806,0.08905169129991766,-0.3921618760379229,0.6298274647475915,0.08667197181126267,0.07287822117195232,0.03476675519281426,9000072,0.0463520749665328,-0.5741990220792225
0,10001.0,250,68,-0.015253752688748588,1.084695061567554,-1.0969315307385543,0.4913749018471372,4.023145459137236,0.08285259834789989,0.06989538052861126,0.033810707149222505,9000073,0.05287817938420348,-1.0348529953153829
0,10001.0,250,59,-0.2671473087904005,1.0286488507369884,1.0057695464755905,0.6672268520220571,0.8988417224440287,0.042642775751633125,0.4266393132872941,0.029568735772583427,9000074,0.05531444775517843,-1.5229844060933642
0,10001.0,250,58,0.13209008226375787,0.6018500665025889,0.4582695455082642,0.15772462745290633,1.0450044166284371,0.0669690732138905,0.5241079434288654,0.031026135605744364,9000075,0.05783780282420003,-1.3987477280730376
0,10001.0,250,67,0.7269907820307147,0.04737861529291073,-0.2635382018245023,-0.5655632055733596,2.9997387968647526,0.10798230494335068,0.2501096973766144,0.03273647585734643,9000076,0.04408764088612515,-0.7077735748357287
0,10001.0,250,62,-0.4361530536236931,0.830853829793563,-0.6239052371832597,0.7173939292329656,0.9090578265497996,0.0025070566692681354,0.2501347061426794,0.03405857600053739,9000077,0.044794384912923584,-0.7339083295175495
0,10001.0,250,63,0.0531448675400767,0.6808605419612284,-0.09285144646115763,0.2569968626236944,1.910280492538895,0.06133428955487625,0.1795999314173822,0.032357316884603964,9000078,0.04953312007334549,-1.0155709338046706
0,10001.0,250,87,-0.5011509769514508,1.8265050828416824,-1.1025143743252253,1.2181515509008267,3.8901859767744353,0.07085753983684942,0.22906600154578494,0.030742115182896,9000079,0.044441880424925514,-0.5292065195932985
0,10001.0,250,50,0.6610224665047765,-1.1296991553209288,0.9875975378976548,-1.0251715384762212,-0.6920403380662808,0.007279398879691039,-0.2942463228019416,0.04324421341279095,9000080,0.06559139784946236,-1.668064422740271
0,10001.0,250,50,0.6145765216797717,0.0009424159774822404,-0.7733369363253899,-0.4945429800931359,0.975315250837734,0.09117964977162683,0.5262081625601984,0.029847799104848114,9000081,0.04556217702350621,-0.6259406051701291
0,10001.0,250,58,-0.5283853924609909,-0.8649140152225755,2.300120232119756,0.0462401519927334,-1.335255308132205,-0.14554603568322558,-0.1703431657684266,0.0403036878697586,9000082,0.058874206503433085,-1.4680180444688165
0,10001.0,250,73,0.5190746116780667,-0.2573991042392375,0.2559078571592217,-0.5329017823242566,0.0769109971351229,0.053745698451819264,0.09380622035397307,0.03741918767682593,9000083,0.0427106274560608,-0.6038041503486166
0,10001.0,250,46,-0.2814111891343031,-0.5441162056277048,0.17483864364171062,-0.009949941944366384,-0.3655870051142969,-0.08620008484464453,0.08784946491716136,0.038943615653681735,9000084,0.05499417022930432,-0.9708382048258734
0,10001.0,250,58,0.14306318438594046,0.10174445597509801,0.4582695455082644,-0.0706561912082248,0.6403513649492069,0.028903957127168794,0.4958800279623874,0.029185867895545312,9000085,0.05318046379064645,-1.1749609814242767
0,10001.0,250,53,0.3409620389870771,-1.117582181698904,-0.2294731529887473,-0.7634570007790652,-0.8187753537524242,-0.03910509966620897,-0.6050260218159313,0.0439244760076474,9000086,0.06643419556361646,-2.0531473502200845
0,10001.0,250,81,-0.4213913388878461,0.7077770750381314,0.3864046942055431,0.6547383280444277,0.5314522027039775,-0.004501540280108826,0.11868977952756635,0.038118927322191985,9000087,0.05950576499546574,-0.9897573406585596
0,10001.0,250,59,1.115848922879168,-1.6119742529732164,0.7036404225315981,-1.6076551622808597,-1.3410790434842303,0.03451770626253643,-0.39323346607518544,0.046791466943040975,9000088,0.0687589065941184,-1.3024632133663423
0,10001.0,250,64,0.36891842716711015,-1.3854932124629171,1.8228236091249892,-0.9080864947989492,-1.2192769477385612,-0.05592049364756292,0.0018194869690409464,0.03978124479484759,9000089,0.06441086928358596,-1.2649480127439665
0,10001.0,250,71,-0.4606404200211433,-0.23408691182743266,1.8701535413653088,0.26817223816166164,-0.7719245310488612,-0.08399073498444888,-0.3487772722083449,0.04345976280488522,9000090,0.065646096932533,-1.7718765923338509
0,10001.0,250,57,0.3719063280624056,0.10331186564378048,0.5168789745939711,-0.2544349413063148,0.4038565514234359,0.06247333718390415,-0.11430584701015298,0.03875925538381815,9000091,0.04486899209742195,-0.7031569218407213
0,10001.0,250,59,0.5568553720721671,-0.050920390983657415,-2.6197799408523217,-0.4712801729430389,0.544374228105009,0.07690830347590084,0.19629016792774995,0.033076751450245426,9000092,0.05531057231407018,-1.2141631436077231
0,10001.0,250,55,-0.3677528833192996,-0.21245035144583535,-0.6499569649883471,0.2032866201391013,-0.19170074561195471,-0.07080575508362233,-0.22079442810889835,0.04153279785809907,9000093,0.06437848166860992,-1.5148422184616035
0,10001.0,250,75,-1.6125290532336718,1.2286777630370695,-2.0007289396427357,1.8461365954497788,0.402674359497829,-0.13307556255911834,0.4550535866468546,0.029940877881025577,9000094,0.054584698239964466,-1.1824429328559
0,10001.0,250,65,0.2826125637694543,-1.1101343949449232,0.3713349732885836,-0.7174411113075992,-1.1596107934250803,-0.046646655774310083,-0.6523253282931168,0.04667999956816513,9000095,0.07263069874807147,-1.8949061081148344
0,10001.0,250,67,0.56911941015675,-0.3208622510191553,0.2729859392621236,-0.6007554347325442,0.0900589301904259,0.056442344300666,0.2105446375327992,0.03206990789579208,9000096,0.04889558232931726,-0.8609955851540206
0,10001.0,250,50,0.246643490036877,-0.7320702502049637,-0.4211500414807815,-0.5179893582542489,-0.8780464398415487,-0.02221979268618625,0.16095936898787214,0.03348774912344487,9000097,0.06149482723520811,-1.511328554818561
0,10001.0,250,67,0.4451945098212109,0.08830097066446572,0.5412480098054366,-0.32016874278769114,3.0812991237491265,0.07077884043954193,0.2882014941420196,0.03259813447337739,9000098,0.04787537245757223,-1.0002641324956376
0,10001.0,250,63,0.1416902447037869,0.5371277374468347,-0.9454146926516996,0.12228842039578795,0.25707124487992994,0.06278510299344846,-0.016603171481498178,0.031147482750983113,9000099,0.05139050826963769,-1.5024240390383463
0,10001.0,250,67,-1.2655039202930387,-0.4998156765835184,0.272985939262124,0.8002757423344672,-0.5126554360590133,-0.22072089601845152,-0.6819355242387591,0.048861035540009486,9000100,0.08574852405011753,-2.6160828825664706
0,10001.0,250,53,0.5755290201055667,-0.4495702978175977,1.1055212215212311,-0.6602876370254455,2.058648668506279e-06,0.04878542796598465,0.031188375408849587,0.036812785948548025,9000101,0.05941328036158972,-1.4342267147084662
0,10001.0,250,49,0.8626001064169077,0.0002095894066994204,-0.7290367633705619,-0.69452235808523,0.9307365302932,0.12821778886196794,0.29833922453529843,0.034261917597549416,9000102,0.041315029704069736,-0.224978089215188
0,10001.0,250,78,0.21052570768776474,0.30910389253920184,-0.18258553033757186,-0.03279581030993176,0.9546049217220478,0.05378725956677086,-0.16316123556407586,0.04022873960689741,9000103,0.052419354838709686,-0.9913056679414202
0,10001.0,250,64,-0.3144882228073509,-0.5084848441423498,-1.5375513018060092,0.029566950772081286,-0.1926855330305674,-0.08534696408499455,-0.17774173012925146,0.03956057203725294,9000104,0.07164140432698536,-1.847913566940028
0,10001.0,250,65,0.4617668823295015,0.6873479578586505,0.09534013225532226,-0.06938502160335641,1.0582895959295642,0.1204841027037942,0.5899579029678294,0.029236419992994683,9000105,0.044260620193383504,-0.5163362999489004
0,10001.0,250,51,-0.6150654869062101,-0.5973909049575289,-0.12440113178281195,0.2345803973279842,-0.5767727164091649,-0.13883407873187575,0.1588455991220891,0.034444932605597715,9000106,0.05206713952584532,-0.6818763824499218
0,10001.0,250,52,-0.639874682844085,-0.5121981101574649,-0.17786999266109946,0.291632240516086,-0.4482345978331595,-0.13537792610495766,-0.0693946146510823,0.041456147169322465,9000107,0.06534741114997626,-1.4468391965965726
0,10001.0,250,59,-0.1451474767531236,0.012475763505602623,1.0057695464755905,0.12249174925317703,-0.24358527966196344,-0.02010970075291569,0.17098958916688467,0.034654748024355496,9000108,0.08951936779375566,-2.798354837411898
0,10001.0,250,69,-0.4855768045413496,-1.0673715319649306,0.17999834453392133,-0.07988159637432822,-0.9214791241769376,-0.1530355684518572,-0.4186135332566351,0.040903244313660166,9000109,0.0543852830677549,-1.2533849947199311
0,10001.0,250,68,0.7465286826689947,-0.08007499187373031,-0.8323752647235952,-0.6376518609908509,1.881126693612312,0.10063109632050612,-0.022583392437813626,0.03820726454203914,9000110,0.05071017206656538,-0.89503154421576
0,10001.0,250,67,-0.8830378257079813,-0.6541105388121574,0.5412480098054366,0.42362377619832536,-0.9698935330079062,-0.17797654755683598,0.027179129036943032,0.03565298058593823,9000111,0.07332151185386708,-1.8510140625926192
0,10001.0,250,54,1.3007998603325974,-1.167573632768546,1.0327951491496916,-1.5591338515624404,-0.5267882209296219,0.09787978190544087,0.08751978646417093,0.0375661632705939,9000112,0.05733579479207152,-1.197953325564039
0,10001.0,250,58,-0.1532911390078641,0.3958882571933102,0.458269545508264,0.29735081516516193,0.32761213956277985,0.009073552248191093,0.02771198408097944,0.03367472278600663,9000113,0.06242712786630392,-1.9356057126389696
0,10001.0,250,49,1.0233418985220826,-1.2676745509469576,3.217719058259114,-1.3765563996421426,-1.7962424033007849,0.050117992452641466,-0.3522641995503055,0.038265367323535485,9000114,0.08119934936880137,-2.8886416242931023
0,10001.0,250,48,0.9022251129060332,-0.9695443398107684,2.242226961092802,-1.1486018637399074,-0.8152880335445067,0.0563118468615243,-0.6134200880330706,0.03965215701515741,9000115,0.07145170543926857,-2.0483042300988825
0,10001.0,250,53,0.117867873387585,-0.4160614028750782,0.4380240342662417,-0.276919660350063,-0.4480070946712208,-0.015892871736056538,-0.10164273892592618,0.032007796582223316,9000116,0.044415565487757484,-0.7033200404792405
0,10001.0,250,44,0.3755754730504201,-0.3045392838486509,1.1038295219292729,-0.4342959472405058,-0.2631669863837193,0.03188294716856591,-0.3881555428234671,0.04154063659969471,9000117,0.06330853367386595,-1.647772455503181
0,10001.0,250,57,-0.3065790049070535,0.4980248851142008,-1.6669778810173417,0.4655692283078355,1.1886659201243304,-0.0051838222698978725,0.8398718379663614,0.025731960098458358,9000118,0.05536842711347181,-1.5707795299973886
0,10001.0,250,64,-0.461058209396801,0.9821720681540128,-0.13739508891809246,0.8046673677240325,0.6903421120391727,0.010891137335017068,0.8086148766820579,0.028396267583065706,9000119,0.047601697111024736,-0.6572645612176792
0,10001.0,250,52,0.7789479043477298,-1.1952052991083382,1.8601837348546888,-1.1497663525809083,-0.9601720238732409,0.01926485001854835,-0.36862818140015735,0.04404152373871362,9000120,0.06000962374845002,-1.6590295459803035
0,10001.0,250,85,-0.7295398296668322,1.1139834672911724,0.228641042044756,1.0849275747602165,0.33305590203187485,-0.01625119594786024,-0.5363801808063802,0.043059334110636095,9000121,0.05079025780541521,-1.1645008072095238
0,10001.0,250,47,1.0597419560772523,-0.7795727129017216,0.11032168173846968,-1.1922652625935712,-8.4800947576614e-06,0.09541139843720636,-0.4444501203007644,0.04193733459182352,9000122,0.08924407306645937,-2.8131544489113125
0,10001.0,250,52,0.09009389460229512,-0.9808686179388062,0.841156871096794,-0.5011965968780425,-1.0242797996147928,-0.0652000771706627,-0.2788677625601099,0.03952152696808741,9000123,0.07879366930085936,-2.398958916504818
0,10001.0,250,46,0.1861843800506878,0.3616501243722586,-1.3459897975374755,0.00730332886125461,0.6171165137101497,0.057164932659208134,-0.020370637242175398,0.04043344594257925,9000124,0.04631968735155676,-0.6631383943885679
0,10001.0,250,53,-0.3299793885181043,-0.1553782844918483,-0.5632217466162422,0.19789388874330047,-0.2251833085730341,-0.060977501626374726,0.1790806909971965,0.03485948401902541,9000125,0.04362206892084467,-0.664343045136295
0,10001.0,250,66,0.6351767842394886,-0.2324404645990186,-0.7668319605999473,-0.6149159431849586,0.2644798683536319,0.07297425033329308,0.1060281029008311,0.035648316470878315,9000126,0.04633048322321544,-0.47557645179723407
0,10001.0,250,58,0.7579060229726262,-0.3694635775147936,0.1512944310730159,-0.7731166239621311,0.110376633978266,0.08107375374314763,0.3100688235904105,0.03485524278373092,9000127,0.04541283413222783,-0.6764792551809277
0,10001.0,250,69,-1.2908912034843556,0.33374393396284896,-0.6028566239973348,1.189026629765501,9.155070985480956e-06,-0.15846200772794986,0.05538879443294379,0.03693267694433649,9000128,0.05073434655429869,-1.1348222968099528
0,10001.0,250,67,0.3838522265063591,-0.4698306567145967,2.687344574151941,-0.5170549978134017,-0.4402093594942634,0.018181025486553343,0.08742943338231937,0.0373498602705754,9000129,0.06360117890918512,-1.2986961232141412
0,10001.0,250,47,0.867319931304492,-0.8991172014265165,-1.0080498858402034,-1.089361628529049,-0.3504153926028422,0.057003890685327636,-0.3330947655757453,0.04353300297966058,9000130,0.061447402513278924,-1.3368615007813782
0,10001.0,250,74,0.1402471805076823,0.7160540128626657,-0.764644126855035,0.2040004455468485,1.6772966794447357,0.07575102142891928,0.6095065235222695,0.028659113482277093,9000131,0.04015524463445178,-0.3001632993722703
0,10001.0,250,62,0.4483641650463076,-0.6279368635060786,-0.0469656082281664,-0.6379296456215993,-0.15170680958750218,0.01527052020254334,-0.3943506850785705,0.04571916699054282,9000132,0.0811309755149631,-2.3055199630806475
0,10001.0,250,64,0.11363515732619442,0.12437226860141788,-1.817582544383592,-0.0368419084808352,0.6568543409254387,0.026165362458085997,0.3626833063532465,0.03145994114707678,9000133,0.042865008420779886,-0.27074397172402065
0,10001.0,250,42,0.8279097903700509,-0.1173332774442898,0.4608151284522732,-0.7167764560929144,0.4189661462724996,0.11608549283330533,0.21627830589177555,0.03534688335180627,9000134,0.055188495919160516,-1.1527183404158092
0,10001.0,250,52,0.7081384955254099,-0.10618070250821486,-0.17786999266109946,-0.6168423069941785,0.7561130561491765,0.09596445325649323,0.5368494436832659,0.03090750097162845,9000135,0.04571885557116805,-0.8698273587255959
0,10001.0,250,72,-0.26545217733022897,-0.6505717750902059,-0.9531738397344416,-0.07369298250034675,-0.35082093859247143,-0.08861667080003195,0.21686875951075815,0.03577212074102864,9000136,0.06968195362093535,-1.7778310455093065
0,10001.0,250,51,0.3291085584526796,-0.3860782156617655,0.9130520657034848,-0.4336494900708212,-0.18082146409260966,0.017718951777188047,0.19365223629355596,0.03518914367146004,9000137,0.10124368441507968,-3.226415935781609
0,10001.0,250,44,0.8141440306933379,-0.0823400194819358,1.4997960914594457,-0.6908458661001404,0.9669279250820376,0.1160688146728026,0.2456647707281556,0.034685593371951706,9000138,0.05305091333074232,-1.4960977133209166
0,10001.0,250,61,-0.5217415194890936,-0.546428828300032,-0.29255905509379954,0.18033269278780847,-0.5817725900414017,-0.1187318034976549,0.7883548227888859,0.027774179153891552,9000139,0.04458155201450965,-0.3963148840071819
0,10001.0,250,84,-0.38423602721596495,-0.7141049444815757,-2.116770694339073,-0.007333759954431998,-0.5131482547308612,-0.10924194269032657,-0.03957758975919845,0.035447059678525274,9000140,0.055032555550757374,-1.2065323487234128
0,10001.0,250,58,-0.9164830136271888,0.8708440993092386,1.0722197743787625,1.1210370853126546,0.7367652734408623,-0.06440344809543652,-0.2872119712108708,0.04046508615105584,9000141,0.05194510761941775,-1.2062868100738218
0,10001.0,250,54,-0.798918280234607,-0.8331720433255543,1.032795149149691,0.2790508289861169,-1.1990420724954831,-0.18377510789804025,-0.06641263749281355,0.0391199205423846,9000142,0.07085022116114227,-2.2817426053267202
0,10001.0,250,58,-1.1799556281653885,-1.1416699569468332,0.7652446599435132,0.44996548545530174,-2.091377724504552,-0.2623852293398465,-0.5374486974543777,0.04588978031943442,9000143,0.05541520922399275,-1.3649051533837784
0,10001.0,250,52,0.9135574134023164,-0.172216917261618,-1.196896856418994,-0.8111747889419122,1.5485348335285845,0.1209825594818501,0.15168904700073718,0.03416083689597098,9000144,0.051947035453642536,-1.0085529580421764
0,10001.0,250,58,0.6156477837126527,-0.44822673458724,1.9931451176845068,-0.6930209813985119,-0.2048218006204756,0.05410965951041968,0.3794010892409143,0.032275504001116125,9000145,0.03975782160901671,-0.1882070750846518
0,10001.0,250,65,-0.1115133643985637,0.02880874937106395,0.6473298143218438,0.10264796751873544,0.1719235607272538,-0.013776704710238416,-0.7549601909658998,0.05113032776266356,9000146,0.06283197305350434,-1.4012702467885063
0,10001.0,250,78,-0.3985871766462339,-0.18103957203914145,-2.2746704015836428,0.2414553456164021,-0.10386847817128678,-0.07042397840549151,0.01296991605660029,0.0369407738480805,9000147,0.0600260278651262,-1.36360491567783
0,10001.0,250,58,0.6409294242849061,-1.1636932639519388,0.4582695455082647,-1.0274744077790312,-0.7502728461648293,0.0010481517252220974,-0.2389231862616933,0.042062108997906286,9000148,0.053050913330742334,-0.7970426650645466
0,10001.0,250,45,0.6550695032932149,-0.04968248133799463,-0.9218027515357812,-0.5487780190513174,0.5111683747258072,0.09443830631323856,-0.03895386788980959,0.03909293086323789,9000149,0.06487239279699443,-1.7264725393728757
0,10001.0,250,67,-1.990306833786512,0.12990421611065275,-0.5318002723678148,1.6629609273988113,-0.2434390486737291,-0.2752531504391314,-0.7441009914525709,0.0537949031147632,9000150,0.0630077915348028,-1.3995128422291152
0,10001.0,250,56,-0.05625391221916248,0.2795806160773344,-1.959770924610736,0.1678900087432634,0.7534416297040263,0.014009827538958677,0.10895404416218564,0.03487414799677378,9000151,0.04562237218669399,-0.5373681598784461
0,10001.0,250,56,0.6142258389757079,-0.4313966088793704,1.2117326406744582,-0.6841146856491349,-0.25890741607647233,0.05550121867701318,0.005287190193181993,0.03298825801740687,9000152,0.04884052338385801,-0.8534271252964023
0,10001.0,250,53,1.1312649860420063,-0.8465944079429507,1.4392698151487264,-1.2816485778142914,-0.4229976589511432,0.09885585526379792,-0.2191555356069416,0.03959925724402988,9000153,0.054877574815390594,-1.6690283328696278
0,10001.0,250,59,0.06400038184587734,0.8500990320759183,0.09938217464361307,0.3218370804034325,2.1711454927489187,0.07663459750143847,0.3352433167867626,0.031888845705402256,9000154,0.04473301174336815,-0.5871263112449596
0,10001.0,250,61,0.2353650143107449,0.7732065593966502,-0.29255905509379954,0.15032477447948572,1.1758456023600203,0.09517397678118678,0.3100863398818849,0.03025479527217027,9000155,0.043832010067921465,-0.8392015421634792
0,10001.0,250,79,-0.7769371998305301,-0.03754113343435594,0.2412920113994694,0.6106222942352937,-0.30817309479146304,-0.11264064294684507,0.26536478971282096,0.031279433339285644,9000156,0.047492700329855406,-0.5497340319244177
0,10001.0,250,55,0.7890983527762865,-1.0397704360291131,-0.3274609709916465,-1.0913192183575704,-0.5185973827212066,0.032808317005879835,0.5170730418396922,0.03136470613637346,9000157,0.052208835341365466,-1.226916249193266
0,10001.0,250,47,0.3683727470933433,0.5130911497388508,-1.0080498858402036,-0.07335106434768905,1.84367181813331,0.09647913334247613,0.07309843210454392,0.03405233838580127,9000158,0.0541049829817805,-1.0474708133858963
0,10001.0,250,67,0.12130706527488425,-0.8591446398934383,0.27298593926212394,-0.4771070620110838,-0.8924305571245426,-0.050024875185471884,-0.6328302470405042,0.049806969814742835,9000159,0.06864786334277202,-1.6079684669269318
0,10001.0,250,61,0.008144247934160439,0.7613124419967218,-0.8783255172342777,0.3283027727219523,2.5399769082316714,0.06132707149377958,0.4979877017707546,0.028740538189624867,9000160,0.05493749190309626,-1.3626755997831623
0,10001.0,250,51,0.9356676132159588,-1.1114677134661606,2.2963229956852143,-1.2389210785151168,-0.9843629829745386,0.0492668080173926,0.5156558168934894,0.031542679255923134,9000161,0.05465086151055836,-0.8801486527022895
0,10001.0,250,46,1.240854796426781,-1.0380739540290116,1.6956670848208952,-1.4499344668750236,-0.7260368504925465,0.10196699482769468,-0.13033493364183166,0.03627671978235523,9000162,0.07666553310014251,-2.432957315670705
0,10001.0,250,39,0.7913609556637382,-0.6879096054436805,0.7100552842475862,-0.932846311920036,-0.390471397845354,0.06484303088326197,0.057738543412745584,0.03644902189402772,9000163,0.06089951202660102,-1.5985566702839968
0,10001.0,250,63,-0.432732806316247,0.9370266938768568,0.19133630226902246,0.761650877537195,0.7743942967287284,0.011399248445924352,0.1432419445503197,0.036577902265346136,9000164,0.04621982553871401,-0.5273637442326139
0,10001.0,250,42,-0.26444212366636644,0.8248571069499389,1.287006865718659,0.5696514075318433,0.41934883567618303,0.027207401930948283,0.43961788899417575,0.0323783613717543,9000165,0.04638789763158205,-0.7258107255416216
0,10001.0,250,50,-1.3318505675068248,0.2943013697362404,-0.06896314663617202,1.2010003669263036,-0.0775530448055555,-0.17380064534371675,-0.41787651407724796,0.044187811152443864,9000166,0.07273898461228427,-2.095485417266223
0,10001.0,250,71,0.1830817283567208,0.7137606924559068,-0.1620852623248055,0.1679880993986799,1.2791784896955858,0.08190570473674158,0.4300102133968137,0.030773216937227833,9000167,0.04054929394999352,-0.3469891845733464
0,10001.0,250,53,-0.8541316421226934,-1.485525932437341,-1.5644675274987263,0.03845032657861553,-2.0093122011195352,-0.2443863129244967,-0.9578310323030904,0.04975111363568418,9000168,0.08768406961178045,-2.4592259848294447
0,10001.0,250,75,0.10920242530272634,0.386578678500676,-1.03579225222356,0.08317884360491336,0.7201494383685719,0.045608725616655486,0.2840751575174506,0.03283228817624465,9000169,0.052708144405579305,-0.6945896469304839
0,10001.0,250,92,-0.5113731268000995,1.692900949828251,-1.804361747199092,1.168271753520597,1.3834892145453752,0.05903407397987603,0.8332515513420469,0.027669292433305216,9000170,0.048065019936376345,-0.7975110780811543
0,10001.0,250,49,-0.2847168180423687,-0.024424852917718468,1.0649431555520177,0.21862450786665866,-0.22106390817321606,-0.04427979528564492,-0.6917697216328408,0.04116249946020641,9000171,0.06867793755667832,-2.4977300499583253
0,10001.0,250,69,0.06901758430320888,0.7836455491845277,-0.86380828017442,0.29060255724314,0.6404728715380467,0.0712449977560564,0.35174395160610805,0.032409524244987546,9000172,0.054030638683767326,-1.3427095213238716
0,10001.0,250,58,0.5150099890658912,0.3852957664976169,-1.0766060266679789,-0.2460007060096624,1.7327354876183578,0.10555982956878336,0.8039592860836947,0.026540697895948127,9000173,0.04511999611348621,-0.40626945992435537
0,10001.0,250,57,0.6497137517876851,-0.3835867258337877,0.2048994237923548,-0.6919336581100275,0.4000089557920691,0.06434244263379976,0.3290536184206833,0.03326807828686309,9000174,0.05205499417022931,-0.9885884748312521
0,10001.0,250,60,-0.4055930169623776,1.4852723893022792,1.2388201229390712,0.9798876169824656,1.32268037693375,0.05864430039841001,0.13499003016739544,0.032610402509353154,9000175,0.04043718297507648,-0.4409337860792082
0,10001.0,250,74,0.4756280629806696,-0.7195811072403228,0.2125978069599228,-0.702654286383996,-0.38050372702327256,0.011463630096998826,0.13346142699155805,0.037080409924928934,9000176,0.058893279210030076,-1.2475652387396354
0,10001.0,250,63,0.8836354849663695,-0.6813506322171436,0.7597117997293832,-1.0126804697184395,-0.3017692054479031,0.07383028387400695,0.3670597743699854,0.032338618327736095,9000177,0.05655466440542228,-1.4695274042586017
0,10001.0,250,74,-0.9183667151742552,-0.7123911183939413,-0.27602315994755605,0.4256657922797008,-0.8579206015906253,-0.18600308974810156,-0.4033981111082364,0.04583217663279848,9000178,0.05324726324653452,-0.6961511182478647
0,10001.0,250,57,0.4466553132144709,0.24065303207217376,-0.10708012700926116,-0.2544349413063149,1.4662723234300419,0.0842880585420554,0.18669808984777855,0.03225234905466269,9000179,0.04981962589813349,-0.9962116036370132
0,10001.0,250,61,-0.621127504890708,-0.763901096678001,1.171857100257394,0.16481135573177946,-1.3308624457162492,-0.1503067850774906,-0.3465748841556557,0.03946274170563629,9000180,0.06917994558880683,-1.9062871698730224
0,10001.0,250,58,0.11336115074146196,0.811559684437904,-0.7696309122327297,0.26487960872045124,1.8414239740508869,0.08087350983146341,0.7527124052890203,0.027419586178816645,9000181,0.04843028026082826,-0.6636781660689821
0,10001.0,250,79,-1.1317776815082876,-0.022458701232589973,-2.2850522767999895,0.9038116064143178,-3.316358820770084e-05,-0.16158284644765866,-0.2913079863826162,0.0425785804508356,9000182,0.050963157842287256,-0.9911558908731972
0,10001.0,250,84,-0.01749970261726112,1.361486432088724,-1.4667212390850626,0.6197520684449715,1.4565905482152088,0.102895928779505,-0.006492468384300519,0.03700069093578615,9000183,0.04396942609146261,-0.44733561635025104
0,10001.0,250,62,-0.9508799440440582,0.6408483786576861,-1.4893146806159,1.0488312218046234,-0.08474426199851838,-0.08690154657792205,0.04251177620953039,0.03660009444646433,9000184,0.05482953318650949,-1.346077177040695
0,10001.0,250,43,0.6263658305251825,0.20505914894542748,-1.6369665763827614,-0.4151228499372616,1.828539004088616,0.11145503813022042,0.03344995410260553,0.032931163644761376,9000185,0.05084450706050006,-1.0830117916551856
0,10001.0,250,79,-0.6998919895924798,1.3846569586087996,-0.907046301418466,1.179802662850997,1.1246404703008557,0.008682296017472101,-0.2134972880765685,0.0389623008161679,9000186,0.05131561901255277,-0.905348485237653
0,10001.0,250,44,-0.8390824025713062,0.08144065894799042,1.4997960914594457,0.7105235831546373,-0.9205221145691472,-0.11990221182264188,-0.5181972222674406,0.0434656514621536,9000187,0.08586604482445913,-3.1024942269164755
0,10001.0,250,82,-1.333494783633962,0.07237219457793652,-1.4279766670208098,1.1090026987952368,-0.16354365872919693,-0.1821182053656676,0.01017618668452101,0.03718765003086349,9000188,0.0658116336312994,-2.0420329720517687
0,10001.0,250,60,-1.8860744358712724,-0.13116397207303218,-1.1406530963101975,1.4629577791139832,-0.7765845740043381,-0.2840174158661021,-0.003789643488817419,0.03700082588418189,9000189,0.048865713751061586,-0.8134941919670672
0,10001.0,250,57,1.2470946356069643,-1.0250467526000595,-0.10708012700926124,-1.4548083049989136,-0.3049863345209674,0.1005686993688292,0.13319764040033005,0.037705661355097814,9000190,0.041427808006218425,-0.12188894040815487
0,10001.0,250,54,0.6922325353644295,0.1360761564189497,0.7047696379170052,-0.4981991551354186,0.9421132254686716,0.11250391174970237,-0.18378532805367329,0.03842906186959821,9000191,0.057734972146651124,-1.3519554941717282
0,10001.0,250,71,0.9371786143558124,-0.3631136718577018,1.8701535413653099,-0.9168887906292852,0.11366332037851826,0.10526467885824077,-0.4682787507048495,0.047356862164479735,9000192,0.052939028842643295,-1.2899672939664717
0,10001.0,250,46,0.4607901814605169,0.11595998431252402,-0.2053684666530864,-0.3205088164455403,1.9615177537388881,0.07843919108919632,0.3803463741599729,0.03362779073282377,9000193,0.04660577795051172,-0.949793240373152
0,10001.0,250,68,-0.16908527278725488,-0.8367696611743497,0.22584979933624294,-0.23315432584274354,-1.3446668579166732,-0.08981473278634777,-0.628199769088116,0.046449369468432346,9000194,0.05021575134284035,-1.1560390510091385
0,10001.0,250,72,-1.3902608865354438,-0.6497260229397681,-0.2010585345237441,0.8344235865669865,-0.696171223725186,-0.24874620982661175,-0.3156419073790333,0.04298114115447968,9000195,0.0514081415266802,-0.696605935052452
0,10001.0,250,65,0.8418887295884044,0.3274950216719267,-1.560628913944241,-0.5346560603653769,1.7920721114469536,0.14686876556148712,0.32209965130408313,0.031878132878910184,9000196,0.03903455011111442,-0.4192274088985272
0,10001.0,250,73,-1.1842426268598674,-0.24149764789876998,-0.7339578000348765,0.8488441635758337,-0.8381201688786071,-0.187287268354892,-0.15864090047543436,0.03773323235041074,9000197,0.05741760872381532,-1.631961675864355
0,10001.0,250,73,0.6117560065166172,-0.0010040222055403905,1.4932399286518463,-0.4941776921206873,0.5652296813545387,0.08693565879233875,0.5871291969164802,0.02847102696500287,9000198,0.03816610528134042,-0.1750982104938131
0,10001.0,250,54,-0.03217795173362209,-0.44659200228053697,1.3608206603823787,-0.16954003722052605,-0.7969412645798696,-0.04034834076829,-0.16737770224938958,0.04029379165407148,9000199,0.05692663125620762,-1.1581057313077534
0,10001.0,250,52,0.6244648742316493,-0.3695616324137896,1.5205081136020568,-0.6645312596193894,5.194758406141622e-06,0.06254526556339224,0.39619778140178935,0.02932158742496868,9000200,0.05206309107397331,-0.9850052425833112
0,10001.0,250,90,0.08561303285914168,1.4584634374181904,-0.5585270891640742,0.5809571543335235,1.4957266923323984,0.12439897686884965,0.7381601551634541,0.027659023189532318,9000201,0.03979049839912645,-0.2929154012520285
0,10001.0,250,46,0.6997355470026577,0.06990758894509001,-0.9657826872426788,-0.5328567648224114,0.6697277535748675,0.11052255982351224,0.21750478141513865,0.034345090827511464,9000202,0.05387031998963596,-0.8343190537348377
0,10001.0,250,63,0.373250517002622,-0.10712246497570464,-0.0928514464611582,-0.3481858405195873,0.6201999063229622,0.04542715649624547,0.7668583617581831,0.028275827323631444,9000203,0.06979068347121205,-2.3519497578847246
0,10001.0,250,45,0.8699092318266836,-0.3337877427087688,1.0178279262807013,-0.8450258350586319,0.4194680903496925,0.10369537854409708,-0.19879146292333005,0.03796175485351545,9000204,0.055350433994040674,-1.3499414986881486
0,10001.0,250,54,0.33025342499574123,0.7422883791214506,-1.2633834294791118,0.05879156048876767,1.7233816635589367,0.10770542168583457,0.8842024381912591,0.0264409672349989,9000205,0.04400004710925815,-0.6327845169712087
0,10001.0,250,54,0.3567825682282533,-1.1322364588195275,-0.6073324070137393,-0.7830370573283254,-0.8448269567127416,-0.037923875921724685,0.12512004780824418,0.035921463632307006,9000206,0.04783650731960098,-0.7210885856330744
0,10001.0,250,54,0.6367354454861447,-0.19794603002309866,0.37674412668431934,-0.5996798652284382,0.6501226052396075,0.07771065548422218,0.15022901526806673,0.03658679382542578,9000207,0.06285048026206208,-1.7607646199421858
0,10001.0,250,39,0.9022012425723036,-1.2334582642197591,1.5936124704483063,-1.2571597501084923,-1.2741171747135942,0.03696038744271818,0.030635656207556063,0.03469736330721868,9000208,0.0590210303579911,-1.5745315856698028
0,10001.0,250,77,0.1471594537590818,-0.5198779066277484,-0.6168742036221238,-0.3494049871452691,-0.09624969322488584,-0.019603562591161004,-0.10731967104872142,0.04264671589584144,9000209,0.06206762534006995,-1.5046328327732843
0,10001.0,250,74,0.003080961731559888,-0.0009040452470395117,-0.031712676493815976,-0.0028872114038141264,6.0834549380774e-06,0.00036718866422160985,-0.027456778417203682,0.04092386375797722,9000210,0.05719421464660485,-1.0929316091414971
0,10001.0,250,66,-1.1842217843240557,0.04893369486664542,0.049388243199685086,0.9768462986937312,-0.4075836834222112,-0.16625285036597648,-0.06591206658102508,0.03800802287490978,9000211,0.06283197305350434,-1.7270411453327863
0,10001.0,250,74,-0.3129699953755836,0.9460080666220476,-0.7646441268550345,0.6716708633596905,0.6254165554588691,0.029296759556028625,0.5293011026084988,0.03066267459323555,9000212,0.044472513710757014,-0.43905123546841457
0,10001.0,250,88,-0.3315122061174916,0.6681105479321444,-0.5026462318554936,0.5654060957241466,0.9589641252458979,0.005167641194641646,-0.18951056854559734,0.03894842040974962,9000213,0.04911457243365521,-0.7558589430239284
0,10001.0,250,69,0.05679428356546917,0.7948633264042847,-1.1247599363515055,0.3054219233878389,1.0279755495690284,0.07037561179265532,0.3350738800656578,0.0320313512112968,9000214,0.04580534118038977,-0.50233548730384
0,10001.0,250,69,-0.21608103309180504,0.30291600658090084,0.9628533130651772,0.3082005545399697,0.18294044580886828,-0.007175717377679109,0.3239610887167193,0.03189681804139635,9000215,0.04295186611548835,-0.3630347167634271
0,10001.0,250,57,-0.89694432932584,0.1550428363003954,-1.0430187794141097,0.7909451583930088,-0.3880169168081034,-0.11856878984286642,0.030033887029721627,0.035225440136519376,9000216,0.059737336442544385,-1.2001528314615726
0,10001.0,250,60,0.5002009776557503,-0.1191901570380146,-0.8432189439040395,-0.4556708865692388,0.535017199005841,0.0631435382944056,0.2810720090816715,0.035081184954873265,9000217,0.055061104633588126,-1.1693745509938278
0,10001.0,250,74,0.6909626561190013,0.4832114046322485,-1.0089546103087748,-0.3436433522637286,0.8584484379674432,0.13583043066886,0.010413905140770056,0.036980178779634665,9000218,0.04457034091701794,-0.450742880316505
0,10001.0,250,51,-0.2751678896524526,-1.064747598923404,-0.12440113178281198,-0.2432464187067333,-1.0417166437418368,-0.12603468312764646,-0.5723462160572282,0.048802911960014884,9000219,0.09614032165528474,-2.6844513616023984
0,10001.0,250,61,0.02447843550442719,1.1111914555759543,0.8789738691871561,0.4690295620299492,1.1483466449914814,0.09133490151093177,0.21447733087822896,0.0333925063812355,9000220,0.049358725223474544,-0.8492673658758295
0,10001.0,250,61,0.5820327356127031,-0.8755684156534399,0.8789738691871565,-0.8544231109474618,-0.5295328230581635,0.015118403310593772,0.1647279352848984,0.0365129874336054,9000221,0.0459904132659671,-0.3665767778295215
0,10001.0,250,33,0.3632347689819099,-0.528699642728655,2.3556507043897823,-0.5176234116234367,-0.6220841194419132,0.012916386451892322,-0.09002648711850493,0.03782102295510768,9000222,0.04594507060500065,-0.44373991181854217
0,10001.0,250,63,0.5919862195264223,-0.9437711972373564,1.6122750459199249,-0.8930513307250003,-0.9719550038303356,0.011053816674835732,-0.0876717245685837,0.038008111851874,9000223,0.07418383210260397,-2.281252136537553
0,10001.0,250,62,-0.08013754156863692,0.8644692520300314,0.5299740207269262,0.4451054457971725,1.8104912699555584,0.056629641777937625,0.2354175725635076,0.032605259748672115,9000224,0.05638413870535908,-1.4754873460893103
0,10001.0,250,64,0.6884170087472921,0.18442716158793587,0.7026986388146559,-0.4739509671455548,1.8169698941452408,0.11371378692531475,0.5454694925296141,0.029695394481150408,9000225,0.043622878611219065,-0.4529028051410786
0,10001.0,250,55,0.007992992914820628,0.434769319718948,-1.6174449469784475,0.18399801430698592,0.3336292815622274,0.03579899365416706,0.06303814291615098,0.037354697381902974,9000226,0.05130198212203653,-0.75411546219449
0,10001.0,250,47,0.5301429031323313,0.1028119738630016,0.8559027267909185,-0.3820619665412559,2.609402901831253,0.08752331339428927,0.5670267898498988,0.029101517733464883,9000227,0.05747587122684285,-1.6744434872325291
0,10001.0,250,53,1.0838952383537277,-0.8051827752171873,0.7717726278937358,-1.2253743794032264,-0.3217345513523357,0.09519275050186513,0.1960085496920969,0.03572631539984825,9000228,0.04804934021801492,-0.829313398669183
0,10001.0,250,72,0.5765520283577177,-0.11596781340732255,-0.20105853452374395,-0.5166114661377016,0.9805165056938564,0.07305540625472877,0.4943658030351209,0.029830898546748662,9000229,0.057865100956822686,-1.4520528653891047
0,10001.0,250,43,0.5461985164393062,0.6959810701846245,-0.01957053006557953,-0.13795372098519462,1.4245160948455733,0.13931350700855225,0.3821833789714089,0.030309949475320636,9000230,0.05492939499935225,-1.3618781196179672
0,10001.0,250,65,-0.3156947060578702,0.22280762911807336,-0.4566495498111984,0.3528777698781412,0.3838610925881581,-0.027893712715607262,-0.2216878103398301,0.040699086669257666,9000231,0.04835470915921752,-0.7310001216957448
0,10001.0,250,51,-2.351677450591401,-0.9178653363181152,-0.8160365967736767,1.4934236334803617,-1.5190645021450695,-0.4213149229368779,-0.3869011001877463,0.04466122554735071,9000232,0.06621416541743007,-1.6699933515502592
0,10001.0,250,49,0.5861139916263657,-0.5048598799438158,0.7061471717675016,-0.6920102621678932,-0.11726082750693527,0.046497865111479686,-0.1306739973008497,0.03810859650346631,9000233,0.05403333765168199,-0.9712230555410628
0,10001.0,250,55,0.2487654759997135,0.6497666490500815,-0.6499569649883468,0.08415111352897799,3.006809507661084,0.08820185435125354,0.6166129872283492,0.02894265232974912,9000234,0.03922140173597617,-0.2656066881938845
0,10001.0,250,67,-0.12544388462258302,0.8123025915409114,-0.2635382018245022,0.4597671466861369,0.9500430342656888,0.04575558080782588,-0.0020817675553794607,0.039150911044557736,9000235,0.0624333562537993,-1.7134925730666932
0,10001.0,250,64,0.4730600010166369,0.053440017469476984,0.14263615365949026,-0.35798325770389433,1.240529060373508,0.07237053094389723,1.05856176324033,0.02406547009150973,9000236,0.05583919254731536,-1.5874099093047926
0,10001.0,250,54,0.3718275808340026,0.21283149130433607,1.0327951491496914,-0.2064421136179876,0.8565504780225602,0.07157719656586559,0.3716134372850736,0.02996502137582589,9000237,0.05577147298872912,-1.178076552391812
0,10001.0,250,72,-0.7249874097261344,0.5251525905364045,0.04964656721315601,0.8174910892045931,0.4859947220338342,-0.06223750905546315,0.24115990658454506,0.03273721070239211,9000238,0.07273178736451183,-2.226521002053325
0,10001.0,250,86,-0.3780455746358036,0.8439192243708683,1.6746239232556044,0.6810162024389224,1.172099995993665,0.01220792549386102,0.24570411832065556,0.03285775777407236,9000239,0.054540743619639835,-1.330099797731792
0,10001.0,250,60,-0.6406604462851078,-0.5489096418701477,0.6439518181267546,0.2752352717862742,-0.5976945896943932,-0.13637105399683888,-0.04570078209941224,0.04071363110746451,9000240,0.06891274776525456,-1.9918153742334608
0,10001.0,250,60,0.3810599242540862,0.5820664021915805,-1.140653096310198,-0.05136216391568621,2.4627300866573374,0.1013296104641153,0.3273011496556724,0.03244888884220403,9000241,0.05557917152480892,-1.4137402369148635
0,10001.0,250,104,-0.3315848476752221,0.9345326691965302,-0.3618187079415292,0.6863071203985951,0.7372756984587685,0.02569397357258244,-0.02059768481856921,0.03510032309099547,9000242,0.05361980882858222,-1.2406284590649717
0,10001.0,250,68,-0.012675934717345991,0.2819229780318476,0.4904060653512021,0.13474134417595227,1.1612632431197416,0.020286678870990414,0.543995973104142,0.026115682928065702,9000243,0.04114993699136723,-0.2905540486037477
0,10001.0,250,67,0.7291649030892331,-0.18351207090097896,1.6142962919786892,-0.669237610393661,2.7363531772856544,0.0901746398016105,0.09480153026174178,0.0369619800245529,9000244,0.05024496814236418,-1.060584770232055
0,10001.0,250,52,0.9876169154813416,0.22622667894508305,0.8411568710967946,-0.6967213026414065,0.8417664274559429,0.16379139664908676,0.2319073842271475,0.03351518379371729,9000245,0.04738308070993652,-0.5774901529768526
0,10001.0,250,44,1.1293476122916537,-1.3262411686852058,2.687695800049966,-1.4839437335425587,-1.625979153969824,0.06251290691922322,0.10829459175399406,0.03509050866221484,9000246,0.06690741460465519,-2.1456965917498327
0,10001.0,250,61,0.6899400130842865,0.4396631374363069,0.00032417597643893617,-0.3629141041732084,2.9859638319404618,0.13465608550556787,0.24929446763972535,0.031906783461388984,9000247,0.05150845316750874,-1.2039956681290875
0,10001.0,250,58,-1.2144110614075811,-0.04854266992897646,-1.0766060266679789,0.9575986795409444,-0.4186319631025131,-0.18070761505052613,-0.5614619978628758,0.05040139747334813,9000248,0.0696888938241445,-1.8462994781602096
0,10001.0,250,42,-0.6710703199913534,-0.461984635409487,0.4608151284522732,0.3399321461702792,-0.6560605756633423,-0.1395782630206145,-0.22840684069376996,0.03970541664867354,9000249,0.05128173986267651,-1.0690792177820203
