start,end,N,SS,ZngE,FerL,bsfs,FulD,FayH,TajD,btree,Colless,path,iColless,ibtree
0,100001.0,250,553,0.12797475959789215,-0.2599917751659479,-0.27528002922534084,-0.2287045210535897,-0.047226525229203474,-0.18097618500484491,-0.2579293055017159,0.04332979486554793,9130000,0.05778026272227181,-1.0236520160834246
0,100001.0,250,647,0.3027851982678009,-0.3118046722505186,0.04923996505429404,0.5579603944100704,-0.03258120354523577,0.10857617004379884,0.008973338574269456,0.03819420630021665,9130001,0.042703154251638,-0.27765777085481325
0,100001.0,250,532,0.7690184701102221,-1.5591811963740945,-1.9083267651691187,0.779456245621189,-0.2831256788739432,-1.0820985000058259,-1.466110374038079,0.061769867276148076,9130002,0.08609933233173424,-2.274467492080053
0,100001.0,250,585,0.18625503311591887,-0.6830689135469692,-1.5814048025406255,1.1101205535356928,-0.148064571023602,-0.802504304517502,-0.9322119956571492,0.05282864026344712,9130003,0.06594135915939257,-1.4404088248017823
0,100001.0,250,517,0.012259453079893816,-0.2258038146131536,-0.4238138407952136,0.3404910822546221,-0.056965426415907135,-0.37308115579836,-0.5320176628685429,0.04500178933556005,9130004,0.05329744274210591,-1.0006461486868832
0,100001.0,250,561,0.21378981060764515,-0.06103214821051357,0.7084685226185957,0.30680234449916743,0.0184403477722228,0.3584239798461567,0.09016984196614006,0.036751330560856436,9130005,0.05725132337301193,-1.3656948616720472
0,100001.0,250,564,0.5267027072963817,-0.9358364042822188,-0.8868506295398877,0.05235078510514025,-0.15933156534539647,-0.5072490296014649,-0.8947011377034593,0.05429146156953022,9130006,0.061762016737173825,-1.3493730259697427
0,100001.0,250,523,0.21677139181479896,-0.4160435881214276,-0.4585347285997045,0.046255461943075116,-0.07370532715905903,-0.2635044053655058,-0.9153762921239696,0.05250393683718295,9130007,0.06188239574633471,-1.3781417804675915
0,100001.0,250,547,0.07082554119089639,-0.43704273481898903,-1.0799722939728051,0.9510323605770188,-0.10259383477726572,-0.6191114710252585,-0.9021571675519358,0.051296584186207216,9130008,0.08883575777765435,-2.452946984961033
0,100001.0,250,566,0.7449262760467268,-1.6045080299558374,-1.8490663776787235,0.3101816528500165,-0.29856600823710583,-1.214638158223102,-1.8389373818381705,0.06750090344399669,9130009,0.11427664843572514,-3.2114091557186364
0,100001.0,250,511,0.591876372261853,-1.0095966920524282,-0.8635360836770386,0.2694049789726919,-0.16832376916772948,-0.4957434448362351,-1.202601649429172,0.060093065731861225,9130010,0.05787558837500543,-1.219696664157473
0,100001.0,250,637,0.5462644167439359,-0.34599466537688683,0.5344543584771295,0.4063200715280503,-0.002433429887788141,0.5789624489920195,0.09308569423776006,0.036424094772462515,9130011,0.03935980127101037,-0.14625838023800647
0,100001.0,250,649,0.10860065697327392,-0.35628356087321783,-0.6984734741367756,0.2236717673940743,-0.07529130838682557,-0.3934340959857628,-0.3904010693150384,0.04397891901309354,9130012,0.053294950243584986,-0.9558879289831544
0,100001.0,250,467,-0.2704527515783239,-0.055609052214674236,-0.6926739164336434,0.7507538470950885,-0.058125569111290964,-0.689308437143195,-1.1955557359429168,0.05993309537743114,9130013,0.0712549412996362,-1.8320810250678696
0,100001.0,250,508,0.5054430588190163,-0.9458499634294888,-0.9605883288757524,1.0755185299356442,-0.16560505119422791,-0.5715598415997778,-1.3226071194657507,0.061899653765948234,9130014,0.0884355782080476,-2.728060705620079
0,100001.0,250,562,-0.2558581359939914,0.3359756236320134,0.4426335606008801,-0.07183086815937942,0.04647696263717113,0.03644005794571468,-0.11701048390417275,0.0387285467254713,9130015,0.058352145713947125,-1.3323943538985632
0,100001.0,250,509,0.4213274841306116,-1.046765038244859,-1.5047201838004238,1.478280400589154,-0.20548293986410426,-0.9339026968024804,-1.231496663767666,0.05968130586863583,9130016,0.07583477304556109,-1.8469941445009068
0,100001.0,250,462,-0.20149586914380127,-0.3421175070100591,-1.5630240604147283,1.532749785648641,-0.12193951157263044,-1.0463806764792554,-1.2462752726702884,0.057526947149955335,9130017,0.09544951537249713,-2.4454375479748776
0,100001.0,250,492,0.2454564712403064,-0.7312282693062726,-1.4375358127950115,0.9410238010456868,-0.15148567385154124,-0.7591946614426259,-1.8708786667275719,0.0613270657714283,9130018,0.06892648796554743,-2.0721570740561885
0,100001.0,250,560,0.5783646849188517,-1.2815505144906127,-1.0423444014842302,1.0266493170340107,-0.2411758801254532,-1.0064595870282038,-1.9746381998473517,0.08043566997123168,9130019,0.08092666734103893,-2.1813408572904507
0,100001.0,250,556,0.5832549849665432,-1.3374437892732935,-1.5653547419198843,0.5772007402288647,-0.2549871550391146,-1.0947527677553086,-1.5085782680656217,0.06357766302127789,9130020,0.08037874703810037,-2.218015446650752
0,100001.0,250,596,-0.07046003215990307,0.1987621501669676,0.5131742071185053,0.2653755497291406,0.040463024050218656,0.19802696767825104,-0.3659917526901697,0.04351296441599221,9130021,0.05319086348352865,-0.8815127690257717
0,100001.0,250,445,1.0721502443368975,-1.8729777173701232,-1.6575593804748745,0.4719196598899606,-0.31713366678063265,-0.976644473692529,-0.9714472924352646,0.0574165193946816,9130022,0.0986544603611296,-2.558765541543576
0,100001.0,250,512,0.0855046604549969,-1.2033235891173348,-3.9636498184192663,3.197239431577399,-0.30037165991633835,-1.9442391784246498,-1.4635902311941271,0.05527273212828676,9130023,0.10711307210408456,-2.9813956533930437
0,100001.0,250,494,0.7241606422938175,-1.2701320630233277,-1.5175691042639383,1.424946740239479,-0.2151629379054129,-0.6684007746135252,-1.04674049957578,0.05330219181811999,9130024,0.08326046119963726,-2.3968517751850578
0,100001.0,250,538,0.004223317078112122,0.029083941734383893,0.09298301609119104,-0.21880278156873376,0.008265799280789741,0.06070636841453104,-0.04472498579165781,0.038239101505515335,9130025,0.04539512215528778,-0.4784185751345823
0,100001.0,250,591,0.401521997381925,-1.125985196485435,-2.0406030484790145,0.8095040256411931,-0.2288678577932048,-1.1166967617171817,-1.6287632400061671,0.06427728650110014,9130026,0.08393156171365783,-2.331664447173061
0,100001.0,250,567,-0.1536536790603832,0.04540992015525679,-0.3597844634617183,0.2705651169367015,-0.012848321536131592,-0.25485232099070937,-0.578025311732834,0.04361226966454671,9130027,0.053903787191777866,-1.090741979999738
0,100001.0,250,558,0.26407318949521463,-0.8492939885747671,-1.756067307992956,1.4507772517556563,-0.17899377448295328,-0.9271095242451376,-1.3105038031141478,0.060184679760482085,9130028,0.08343606602287515,-2.2413560011491467
0,100001.0,250,618,-0.510167487651516,0.4689138744619665,0.01821252701921441,-0.2866469279269219,0.040227547757960065,-0.28289191803287045,0.19930304433104196,0.0337362215303709,9130029,0.039621380803685116,-0.17890276214217976
0,100001.0,250,647,-0.34692482599346475,0.3504256624544237,0.1173023612286846,0.11621371583119007,0.035552697501299274,-0.13649140420061018,-0.21204992403438466,0.0397826167803401,9130030,0.04864635118980738,-0.6775655408997611
0,100001.0,250,663,0.7387103571086719,-0.5473487113760069,0.32462233033389776,-0.5080938138850557,-0.023963677827138628,0.6422014574100245,-0.19051885491143164,0.038378257487670056,9130031,0.04912741140515142,-0.7928566724961205
0,100001.0,250,641,0.08502911892752772,-0.3246933259824851,-0.7574801734562407,0.949059747555283,-0.07086188307455951,-0.3889643709880457,-0.3705948449222685,0.044352860840060584,9130032,0.05200796133591303,-0.8171314858563398
0,100001.0,250,697,0.9438463824566672,-0.7276259481931262,0.07335051992218762,-0.3076914502002437,-0.03795877730624252,0.7702791470039335,-0.2219236365062112,0.03910013160481992,9130033,0.04678211052093679,-0.7184954676118245
0,100001.0,250,490,-0.8271741092622196,0.27800141687788776,-1.7194380851899569,0.8799536670123811,-0.060575051330229675,-1.3138737706547476,-1.1161924228863072,0.057020241029450636,9130034,0.06132584448094147,-1.3140271010388385
0,100001.0,250,438,-0.09003357313069946,-0.511576501697928,-1.5948753097756083,1.4829289256974076,-0.1484229444948084,-1.1035222209539566,-1.8007102874290304,0.06218464690681232,9130035,0.10166575981344736,-2.7750366423973043
0,100001.0,250,479,-0.4855666585660823,0.3060076456697044,-0.4490691236077988,1.130229204645492,0.001748212261677427,-0.5183950424030007,-0.5967654992131161,0.04670566364802632,9130036,0.0615252319349815,-1.5342317565740764
0,100001.0,250,586,0.7801112331506287,-1.4950898202073777,-1.6773998816333315,1.362844747093431,-0.2642691642494768,-0.944105709258835,-1.6765529420883258,0.06612265555254787,9130037,0.09782554535760912,-2.834428815935913
0,100001.0,250,553,0.5899771264807909,-1.2115424037975728,-1.3053870644030825,-0.4007739791485648,-0.22109677990946192,-0.8572475772533212,-1.3656940257369763,0.06079498258689405,9130038,0.07153380073775581,-1.9204176843288991
0,100001.0,250,589,-0.2097668685534719,0.29399738333973485,0.33177819072319703,-0.5672317516479325,0.042912868747301415,0.062705837798224,0.26945206216859857,0.03280344655027448,9130039,0.0373431072790135,-0.04926966660860085
0,100001.0,250,617,0.7203551752600292,-0.5533316220862444,0.6182853653121403,0.08840376779905702,-0.028481213121957574,0.5918885745888666,0.18512798909036235,0.03421112802320963,9130040,0.03835977949618272,-0.17024699753241251
0,100001.0,250,480,0.5558228328766976,-1.6384515988447843,-3.2612563211334167,2.032147330988036,-0.33862569797754505,-1.6885885750376382,-1.6345026502360638,0.06105980725144612,9130041,0.0796296883826727,-2.4366049823752998
0,100001.0,250,490,-0.18800211418066365,-0.07968496368049463,-0.6895355184693569,0.5307814411040314,-0.051089908789124415,-0.5516829981481697,-0.7547970125029029,0.05077327961037695,9130042,0.0683511775781873,-1.6234817437674358
0,100001.0,250,549,0.13428570887433686,-0.6093203245212837,-1.0908154699958859,0.5896081685633411,-0.13731512110362154,-0.7855879976243072,-1.4027586620772108,0.06423283191760387,9130043,0.0971545267974772,-2.8786373966640015
0,100001.0,250,568,0.004194047285632648,-0.6483917368359364,-2.062832653249317,1.269973303598788,-0.16833287904148342,-1.1384298838378972,-1.4947750100853645,0.06370680393171031,9130044,0.07533556074234557,-1.9539589661172352
0,100001.0,250,581,-0.28362070431285785,-0.09156519334410744,-0.9642907456628396,0.35274195740096737,-0.0694077310029993,-0.7807244473975036,-0.3881404025564201,0.04514225569016131,9130045,0.054060357486894785,-0.9236272751227512
0,100001.0,250,586,0.1229117128703614,-0.4331215057883918,-0.6466072416356446,-0.13174983878929472,-0.09311039822603594,-0.4983558574453027,-0.3649473803934081,0.0441831624667808,9130046,0.05137413453095537,-0.8422249605852097
0,100001.0,250,589,-0.2729781398382149,-0.1482491063672047,-1.0903778556171841,1.1784259871740703,-0.08245313831739899,-0.8577582221725464,-0.8385629011622854,0.05003403643901117,9130047,0.0631444949244512,-1.5121621218262682
0,100001.0,250,586,-0.28901946286693353,0.13223277349559634,-0.2640096493250518,0.5830562675024437,-0.011957100441700376,-0.3964269598379361,-0.20457016578809908,0.04138366633580736,9130048,0.058597340879841565,-1.173468693876912
0,100001.0,250,602,0.3164606256997469,-0.5148440347910229,-0.435087401729756,0.6112498669879233,-0.08329467881244787,-0.2207795612854304,-0.8008460607399027,0.05018677209626572,9130049,0.06685650791752616,-1.718814918702647
0,100001.0,250,427,0.8121003786818711,-1.7152899210191224,-3.003659007688712,2.267774949838909,-0.3180515487456632,-1.265678440297748,-1.9062838695595783,0.06743353557168599,9130050,0.07247538541261822,-1.981862587505005
0,100001.0,250,653,0.4723989555169638,-0.5130697125524379,-0.17171040990248246,0.17399722889101227,-0.057747842250984775,0.12233753854264688,-0.9367171936461474,0.051308131669183896,9130051,0.049933078371895666,-0.7522916383920076
0,100001.0,250,593,0.037439483128212686,0.04314323284310618,-0.020019541023660173,0.924710742440927,0.017249749374712398,0.15800260398951385,-0.13029581283936978,0.03940713225108871,9130052,0.044300259580736336,-0.4009492641398479
0,100001.0,250,549,-0.06807162416007763,0.016292813263105027,-0.04775017171288328,0.00034529396568539866,-0.006692392380239914,-0.11969784098093388,0.17451789772297968,0.03699645945045787,9130053,0.04513261497224512,-0.4998829236404636
0,100001.0,250,515,-0.2686148878111748,0.05798392315299135,-0.8151594281919653,1.9049864706849648,-0.028083061733932033,-0.4837020266211584,-0.8888014672396606,0.05162058885824913,9130054,0.05683821679003748,-1.1264099600834956
0,100001.0,250,506,0.12713674583315446,-0.7932198946187511,-3.0218358381036072,1.881258709803852,-0.18664809636312785,-1.127193519333722,-1.0498677378828791,0.054218134811335035,9130055,0.07557071604389909,-2.139026542530368
0,100001.0,250,567,-0.061821803763482265,0.03835604469661387,0.07639052853779922,0.2705651169367013,6.608107609702745e-05,-0.06698905903197336,-0.7288104640619736,0.04588810355199238,9130056,0.05518198319223597,-1.0080492504727474
0,100001.0,250,657,0.6760039335023192,-0.5760279530246499,-0.06803970745535913,-0.2811423693780397,-0.04148019043775812,0.4548182149902701,-0.3866975931655747,0.04366239607924465,9130057,0.05053199771791885,-0.7369301810740647
0,100001.0,250,548,0.8706143288187576,-1.6253415426794575,-2.09838586006265,1.1866961797551858,-0.2839300720891345,-0.9774009845996332,-1.4097695471833362,0.06413403078864978,9130058,0.07620826046119962,-2.1532352118200584
0,100001.0,250,587,0.1619042287790445,-0.204989970547988,-0.14428824054791273,0.31726380338003546,-0.027410346129772414,-0.009597933836717726,-0.8311106517586846,0.04793566505385732,9130059,0.06229865699356565,-1.5325763109173058
0,100001.0,250,517,0.7674652437384435,-1.7555541414794182,-2.870813383442534,1.0762678212203924,-0.3347500202753824,-1.4333360276333684,-1.9753317129524803,0.06723823766313503,9130060,0.10470308653970724,-3.051531072855335
0,100001.0,250,548,0.362149565570122,-0.8594685976926534,-1.2620792159868692,0.5269165814969086,-0.16592838187031986,-0.7311814469140436,-0.953933426119084,0.054844449546550336,9130061,0.0744473495153635,-1.8448717811976525
0,100001.0,250,595,0.5259964224829129,-0.6271805451799161,-0.5608752692987753,1.4231914680398356,-0.07893060879708509,0.037451000016901936,-0.8565206987708713,0.050173483888768564,9130062,0.06520947042025046,-1.6229619324570563
0,100001.0,250,704,-0.15879533314962666,0.2660528892853905,0.6750684635883478,-0.2544821987606828,0.04372411105071825,0.12438696923508333,0.3249193958984285,0.032629982294770474,9130063,0.03986081387713391,-0.1516112563963012
0,100001.0,250,593,0.33625657780820073,-0.4234955195479629,-0.35828115644991193,-0.006497740995936122,-0.05633597798886492,-0.015966381307231544,-0.3537900383379568,0.043620373154211516,9130064,0.052230237683425655,-0.8471330217180004
0,100001.0,250,555,-0.3315321705938645,0.3648738282446654,0.18865556896208452,0.3781074729029892,0.04185849040689645,-0.07752919629753248,-0.05473399935290461,0.036453999587873036,9130065,0.0484533696973237,-0.6891670309520778
0,100001.0,250,558,-0.2359113171668001,0.29908243656417705,0.3295724475639067,-0.35695072361498514,0.040067870327158965,0.014656890566427853,0.0912093634897532,0.03620043848542423,9130066,0.04131777913884895,-0.3421413625429324
0,100001.0,250,542,-0.15852078597881789,-0.07554722686070789,-0.7632137441649053,1.0938226941286642,-0.0451892395944195,-0.4796774431009274,-0.3810005824045065,0.04155690863813677,9130067,0.05789982887288084,-1.2816091165122847
0,100001.0,250,624,0.21256950606319724,-0.7121624223026486,-0.9160133814274743,-0.1307712682137704,-0.1512930293044088,-0.7963745107891346,-0.9282673508127041,0.05703400954958698,9130068,0.08775883246631515,-2.2462276321312493
0,100001.0,250,674,0.199304833060291,-0.08771109925248992,0.399846204463338,-0.09839588079217147,0.009131124624108243,0.2792956359324911,0.31646221874220937,0.0334640595080277,9130069,0.0409680813992558,-0.14993413123852414
0,100001.0,250,604,0.9251235429808102,-1.4140388871762932,-1.1094598797169648,0.28360151982798104,-0.21978172713874908,-0.48434935777128796,-1.5852564103544884,0.06635094642642662,9130070,0.08849117193475625,-2.2752081869835745
0,100001.0,250,784,0.5353542899976121,-0.5623933190024052,-0.03186934263690644,-0.5477675389119774,-0.0603751910668399,0.1720588044669551,-0.16901141028213446,0.04013358824519635,9130071,0.04360890656282603,-0.3223997131863379
0,100001.0,250,603,-0.1487126422585016,0.17632759603974316,0.16844205519185207,0.5734849145695496,0.022053572052704043,-0.012339875359063798,-0.3047828896958546,0.040698504260391885,9130072,0.04801321280441841,-0.6922791695742494
0,100001.0,250,549,0.18289740111022035,-0.6002541330384971,-0.9799992801599378,0.9362333889149032,-0.12713740847122892,-0.6634634408725877,-0.7216544753337509,0.04952215394172184,9130073,0.0688697063295627,-1.8034365475363687
0,100001.0,250,713,0.5330514104099736,-0.570672735948798,-0.4021977237511665,-0.21051673888546965,-0.06295139942818916,0.15254115499814044,-0.4280017497680566,0.042716210775544834,9130074,0.04573081913374804,-0.6120878812572695
0,100001.0,250,601,0.15650086853761838,-0.5727436239347494,-1.5897176621799072,0.8709449948657666,-0.12405313234339595,-0.6720931660320524,-0.6454919304834821,0.047020888364831634,9130075,0.05218798814092115,-0.9228167803621344
0,100001.0,250,586,0.02157401149089893,0.15960758809091655,0.7505184406783517,0.2581444010061985,0.04504899607015489,0.32950287609037704,0.03489782321734579,0.034569529548071035,9130076,0.04272360883344549,-0.4368654976857907
0,100001.0,250,552,-0.5133315501228675,0.4626897770285482,0.062472125110394086,0.0868171831251094,0.03814956254758799,-0.3010786311115938,0.04536077259322745,0.03737965407223081,9130077,0.04570937234891698,-0.41950471762234376
0,100001.0,250,608,0.0893414280703204,0.13006500943634208,1.4622708832841078,1.106971920000187,0.04820962130571465,0.4249622340005684,-0.16703439564517786,0.03744981106038239,9130078,0.047193878484596316,-0.7517396319222833
0,100001.0,250,597,0.33952403275503,-0.6953474397649578,-0.5898023653414828,-0.5058257421703739,-0.1266183511403046,-0.4898746019173226,-0.5785114613399316,0.04401700238104807,9130079,0.06231338792850347,-1.2539378656059816
0,100001.0,250,469,-0.16735725002947302,-0.6089017654886162,-2.95677160713954,1.9903290875961304,-0.18614946072155286,-1.4443791836617066,-1.7013673529953501,0.06347507843435453,9130080,0.08871440553832945,-2.477970870813773
0,100001.0,250,576,-0.18637409273074385,-0.11192707557711393,-0.794321030746804,0.6142223876811534,-0.05910334952442293,-0.6046561804905858,-0.6989485962695821,0.0491841137340385,9130081,0.06866463873153453,-1.671838904696796
0,100001.0,250,547,-0.17784654166840785,0.08552941138157867,-0.055610706631662746,-0.1621896998581936,-0.006281517305103413,-0.23668169170948355,-0.8671331181369959,0.052336346581067394,9130082,0.059170148335276576,-1.415024952969148
0,100001.0,250,521,-0.12731560013506946,-0.3150667149408322,-1.7884159839618077,1.0441402660077388,-0.10270739687344498,-0.8357877741474395,-0.9939987837629684,0.05835667685959904,9130083,0.06391816993671415,-1.3548507399192842
0,100001.0,250,581,0.16571201260960827,-0.4609136944824584,-0.6251159559001804,0.6476591530968949,-0.09348945744212453,-0.4541946550566431,-0.732783459805703,0.053922140173597616,9130084,0.06382077084084492,-1.449298492137569
0,100001.0,250,614,0.2222881117601805,-0.6036289664850171,-1.018324301049771,-0.0510164765105279,-0.12150407287906673,-0.583213416805261,-1.118239577889803,0.05442874182761119,9130085,0.06585474266364674,-1.497892835785535
0,100001.0,250,646,0.10979918001357424,-0.012265967401354678,0.4353100999220283,-0.4391787160418182,0.014415697192248838,0.21767795432002748,0.1259234523855186,0.038453638601326084,9130086,0.044185343524636184,-0.265095450341804
0,100001.0,250,584,-0.09076171650355706,-0.049022769662136055,-0.4523092710083428,1.0195456015569828,-0.027348003774885887,-0.2847322205165209,-0.5780937573420394,0.048991556537870816,9130087,0.053687708626191516,-0.998018169033861
0,100001.0,250,560,-0.2813285407654104,0.18189391202672653,-0.3963919100336384,0.7207639330232403,0.002216320506596613,-0.2918600078441115,-0.7079903909177996,0.04701267063061298,9130088,0.05822332842246705,-1.3281640897647795
0,100001.0,250,484,0.20330037225688152,-0.7199704795097579,-1.1351256416407574,0.14391775360866055,-0.15537337578690014,-0.8313784239991062,-1.3595994082008511,0.0605376915632168,9130089,0.07746213661849198,-2.011058483127825
0,100001.0,250,496,0.4776819309386754,-1.1631413866927844,-2.6205431371220267,2.2883228923687846,-0.2268872775891652,-1.017083868390683,-1.123801979575468,0.06075306122310557,9130090,0.07602803687869754,-1.9386577533968068
0,100001.0,250,484,0.4771667794942698,-1.2344811698681284,-1.852131529758456,1.0864767256868846,-0.2456977136679909,-1.1446966348085947,-1.6999186009718317,0.06265214725821898,9130091,0.10573393072517236,-2.969099270455447
0,100001.0,250,667,0.3250533305844295,-0.41588951832294896,-0.1605274227985793,0.3905292307636314,-0.05607501635626674,-0.026997072838126187,-0.32781972632413536,0.042498941715724686,9130092,0.04973364707075145,-0.7146800352933237
0,100001.0,250,487,0.11313521580414936,-0.5747944975323347,-1.3350188917125605,0.8264505081266971,-0.13195016638305246,-0.7710960954467772,-1.3899636766125207,0.06073913651209253,9130093,0.07037396899425663,-1.9098273684750329
0,100001.0,250,602,0.8336275332670338,-1.3612697890766057,-0.6465990521910021,-0.7490234979003969,-0.22073359176235305,-0.5905289733158974,-1.8215161984749284,0.06686564219668126,9130094,0.0947081937777822,-2.589029217626706
0,100001.0,250,547,0.44370561600361214,-0.8437531997538331,-0.9483943170394944,-0.12740151046959264,-0.14872481837086318,-0.5253996332389836,-1.50809978875094,0.06453047211889032,9130095,0.07623691623400136,-2.015041900830957
0,100001.0,250,593,0.6685383490985706,-1.4589616633206193,-1.9707771333533255,1.0210426545206028,-0.27272969156921184,-1.1234939876121115,-1.261379113908207,0.06374134670979639,9130096,0.0986935301822936,-2.773340076855995
0,100001.0,250,536,0.5451642908712062,-1.393386825696274,-2.850788945828482,0.5729361073563801,-0.2758378646346865,-1.2770881186125962,-1.7098539355378386,0.0711393962948568,9130097,0.08362575388581481,-2.716602535660873
0,100001.0,250,602,0.20193594218124195,-0.3329266050734783,-0.5776706691343418,0.8643239813857507,-0.05429713154701662,-0.14866766774872295,-0.42632191425026056,0.04423705117833951,9130098,0.04841593947608763,-0.8360765168851473
0,100001.0,250,573,-0.5893471109940612,0.2674278636775183,-0.8758191708978899,0.9659732665768844,-0.02496773954866031,-0.8123922272545873,-1.2194196066614376,0.05853412343378996,9130099,0.06552945411159804,-1.6787435676912243
0,100001.0,250,493,0.8918276084686451,-1.895326977709304,-2.8323297577508066,0.6628705247859049,-0.3514787983787116,-1.4096450440767403,-1.3485045806213154,0.058331419519721074,9130100,0.09499695505415112,-2.736611165592161
0,100001.0,250,453,-0.20476082966295045,-0.6272171843590604,-2.626991254871379,0.8699506504941855,-0.197083138586998,-1.5588766671084495,-1.6340555479818282,0.06162742941567235,9130101,0.09253917551928144,-2.641604206647919
0,100001.0,250,540,0.24832295739776955,-0.714992345805147,-1.079297525192324,0.8275081973620272,-0.1465775450620308,-0.7238601651380289,-0.7011899847760489,0.0506543885853344,9130102,0.06751472039908843,-1.480798406935704
0,100001.0,250,578,-0.16628903921134314,0.1793531574644288,0.27930126939865585,-0.4197400851785668,0.020030759180033195,-0.04534169858631253,0.2846503183874662,0.032860077571642714,9130103,0.04274757650555221,-0.2485744165003022
0,100001.0,250,592,0.10155969988703883,-0.1688857727789131,-0.1630391890276789,0.15958592080683268,-0.027690437348393368,-0.07733254491498866,-0.25744033050533965,0.04273077974982364,9130104,0.04767123031534184,-0.5921419241213736
0,100001.0,250,543,0.13328315750580852,-0.4464103411094809,-0.7118581847463662,0.4553204093199021,-0.095007360646102,-0.4994192551190492,-0.6772447626996061,0.04909367813997925,9130105,0.057995724111077576,-1.159137559010939
0,100001.0,250,465,0.2300196131656196,-0.6692325412314816,-0.9876096748641392,0.4813120266066703,-0.13790293258047576,-0.6832892630095824,-1.4891385172706366,0.057551747050637536,9130106,0.07398146613070826,-1.9830757103629508
0,100001.0,250,592,0.5273759488118223,-0.9095095774382259,-0.6789886944392569,-0.2263875372764975,-0.1522630228543504,-0.4591238488219776,-0.9177127915561604,0.05379672501816622,9130107,0.07594690962589701,-2.1617702374662735
0,100001.0,250,614,0.5997960266491922,-1.0909648540414687,-1.0252200215566014,0.5383760846694218,-0.18781923868967745,-0.6221903168815668,-1.6033894345611477,0.06596273478557921,9130108,0.0778723695827502,-2.1516869524069
0,100001.0,250,597,0.5139640340546948,-1.0179010146432588,-1.3391950152252154,1.2166207069343702,-0.18263329228457748,-0.6801599710818742,-1.4192028342782377,0.06478524539926775,9130109,0.07713650300125229,-2.0850759449961123
0,100001.0,250,477,-0.36629707317957216,-0.2493087914355926,-1.9403362037763088,1.3073608057591009,-0.1241677404842179,-1.241691538284781,-1.4241407481662005,0.05670861815382972,9130110,0.06634396824836,-1.7362027196300291
0,100001.0,250,525,0.42347545792818303,-0.4949106909537427,-0.04149625978523068,0.1066687259221596,-0.06103467135962282,0.048030942497668,-0.09000826269383813,0.04014598151000389,9130111,0.05595467164521932,-1.0024271567496916
0,100001.0,250,617,0.7013656937285583,-1.1814226161003454,-0.8825798165624781,0.5514681952340921,-0.19506219758896606,-0.5607314766976481,-0.8193843753588271,0.05250420553786975,9130112,0.06847672484524676,-1.6107288095017531
0,100001.0,250,544,-0.6512509742985163,0.6002226650105374,-0.18672069085760565,1.4631308352219423,0.05185605759218002,-0.3586165939638503,-0.1303446059058568,0.03824197875694986,9130113,0.04658743251825258,-0.6349903382994654
0,100001.0,250,604,0.60055533832163,-1.2733331977843965,-1.7769530914082394,1.0087988073156653,-0.23523194026562325,-0.943239309866743,-1.6063793899761625,0.06292225211963964,9130114,0.07932364041039887,-2.212057194141458
0,100001.0,250,457,1.0322908172743768,-2.3228099048887465,-3.5580504252727527,1.2092887704162012,-0.44106545658065816,-1.8607444866254588,-1.491279149234234,0.05836474931986011,9130115,0.09476516996227173,-2.6914366887268133
0,100001.0,250,549,0.29798334965816564,-1.0869873850001701,-1.976464877906696,0.9015708668797472,-0.235570177423161,-1.2739447904047272,-1.4643771869904343,0.05940821148280834,9130116,0.0815092862706169,-2.2936127876939825
0,100001.0,250,572,-0.033116140059897964,-0.08565524596020865,-0.3272414390583214,0.17438345857949147,-0.02764382604977113,-0.2238399769285345,-0.4884523559917024,0.046189218094064684,9130117,0.05398594798128415,-0.8280478953255117
0,100001.0,250,566,-0.07606687669242318,0.09594805459441774,-0.038671778259993635,-0.09337733442348864,0.01278988465575328,0.0038647145607904813,-0.16881768290331298,0.03955647961723193,9130118,0.04586757731160678,-0.5935505759122007
0,100001.0,250,661,0.6168006129007415,-0.7533127124696236,-0.7175831182009726,0.4800647281735228,-0.09708829420416858,0.012190649029278477,-1.1642406847375746,0.049872171738669986,9130119,0.07062734400238767,-1.9054952516173425
0,100001.0,250,688,-0.5732340342212312,0.6516252231691424,0.3461799917338855,0.2556098744265891,0.07758544234175895,-0.09701645763892676,0.09258339476079026,0.035050490809961324,9130120,0.04500957233953738,-0.4604159543488138
0,100001.0,250,615,0.5130704734143023,-0.3254245840211744,0.05925064960654584,0.00593046830891763,-0.002402514875417809,0.5430965002592459,-0.20255966231444292,0.04132101263787073,9130121,0.057649742973581025,-1.2745996807406208
0,100001.0,250,629,-0.23359269951893116,0.25791504866064263,-4.7163740910273215e-06,0.02715652201227984,0.029663612140661762,-0.053068951354377836,-0.0908508901698824,0.03793725697203842,9130122,0.0458819236048725,-0.6269190309772213
0,100001.0,250,458,0.6764501493840945,-1.516905486219334,-2.304804570540806,1.1998756156447985,-0.2876529457102526,-1.210084301640971,-1.5305587159812677,0.06880699729514345,9130123,0.08532424629393143,-2.264203893845055
0,100001.0,250,567,0.07660578753198045,-0.07834034574195592,-0.12773881851726213,0.06913859665081694,-0.008113358275795669,0.0284747078085247,-0.24104027238058204,0.040861915716171454,9130124,0.0519210762895178,-0.8686779010145417
0,100001.0,250,549,0.5916949389678886,-1.3762184588104163,-1.7713903703051654,0.06967033803599845,-0.2637874246839529,-1.1450302771277596,-1.4880338697153708,0.06958532610848621,9130125,0.07772511269951235,-1.8443466078335191
0,100001.0,250,602,0.7211999446654496,-1.4975477435137503,-1.698640871376312,0.6428841312876524,-0.274273417353215,-1.0768550958741991,-1.1591758527916334,0.05548779332553983,9130126,0.0934200761628753,-2.6270512460838127
0,100001.0,250,679,0.670813864880391,-0.9287219036522468,-0.5290231765688864,0.019673652162936067,-0.13402039949459646,-0.18031507080501516,-1.0674191140292546,0.058244498732256164,9130127,0.07543059956949391,-1.9922265009939009
0,100001.0,250,525,0.671877162983426,-1.4132494052066054,-2.282941240875046,1.302363337898898,-0.26072348903895154,-1.0357965944565404,-1.2407407863401168,0.060142096399179085,9130128,0.07103104067122377,-1.966275227299645
0,100001.0,250,568,0.01887644711464757,0.030506141939473756,0.3379346958424832,-0.3721373975640992,0.01098406381757269,0.095174387711676,0.3920633249304302,0.03302821501057995,9130129,0.0349663027988532,0.2374830651677311
0,100001.0,250,407,-0.07582075385258663,-0.4912120475368333,-1.8542933670516577,1.9247368747481275,-0.14099294775703705,-1.036880945009581,-1.2896897767553597,0.06173775922280865,9130130,0.07479074161332744,-2.0064251027021798
0,100001.0,250,459,0.8654023087799021,-1.5693367971352357,-1.5161022761745926,0.6110303054217073,-0.2708923483552529,-0.8901771620080611,-1.4638361315248911,0.06077659462343635,9130131,0.08266873947402513,-2.0701925884831422
0,100001.0,250,461,0.7053920305854621,-1.8781598370087695,-4.0794419565601485,2.2846333457448016,-0.37742303065308014,-1.7869329535827176,-1.7116893912382452,0.05958961293201481,9130132,0.08842344093024235,-2.810606640171992
0,100001.0,250,578,0.4483390471440309,-0.9112308193674366,-1.4983058077255098,0.3707550413750415,-0.1654530610928154,-0.6346129572625158,-1.1777027041408084,0.05555567290198663,9130133,0.07607359359574001,-2.0861937480738995
0,100001.0,250,608,0.5804741291767678,-0.4789984834221612,0.15131768541099894,-0.020708567853837758,-0.03157745156507761,0.4184115224472958,-0.0159117893439757,0.03674436259210842,9130134,0.04274805314447753,-0.3961270640299018
0,100001.0,250,455,-0.3117236792901321,-0.8173780796351796,-4.1982997348492965,3.8585578002490832,-0.2640523101466487,-2.1295035727928777,-2.3729418371484283,0.07166342790516908,9130135,0.10234518720041458,-2.8169580625510355
0,100001.0,250,402,0.10249200574732163,-0.9776604758564916,-2.6877968923046027,1.7039249803821914,-0.23972924806380586,-1.509728887831029,-1.2918016168078046,0.05739336928044157,9130136,0.09234984132618863,-2.8260091069765734
0,100001.0,250,596,0.3592433274971005,-0.4134882019022696,-0.18717283499450846,0.1375745092417718,-0.05003545192188701,0.05187390307977156,-0.5406016179726367,0.04706193455071055,9130137,0.04709990557364874,-0.6300763986714591
0,100001.0,250,544,-0.2020585462871796,0.2573903602044717,0.1801516739487895,0.06399450211008323,0.03464962705955975,0.014714560468888103,0.11653324237280928,0.03496584624789479,9130138,0.03944697863326538,-0.15092605575879153
0,100001.0,250,511,1.1593166243007416,-2.167747880180345,-3.5636572140658167,1.4975627570218124,-0.37936130060857504,-1.3079029444166408,-1.4020107949623346,0.05694486305987609,9130139,0.06754470151838428,-1.7252934105027748
0,100001.0,250,480,0.030687651254994067,-0.7628580674572221,-2.846096495133387,2.5865113231247183,-0.19440694503111144,-1.2843754855009328,-1.8162237850538951,0.06839600922149539,9130140,0.08608092517389851,-2.3583430879296445
0,100001.0,250,674,-0.021822381766114018,0.04316308584993536,0.018346769982397367,0.4106107036346399,0.007728453475382945,0.02876900024748495,-0.3485268923703845,0.0418459192277538,9130141,0.044245061741021816,-0.43616947898732733
0,100001.0,250,587,0.017259921845435837,-0.4402255204489222,-1.135889181967792,1.3227882087548997,-0.11192384113224224,-0.7413758427183896,-1.9797470394179268,0.06330944501368138,9130142,0.07399814311007469,-2.0697312309368256
0,100001.0,250,540,0.5983426845671751,-0.7298667563582696,-0.5728140811475362,0.334214090647404,-0.09418391054748694,0.01366291986347024,-0.8569590266367585,0.051933540614069185,9130143,0.0705094926444653,-1.9849668664711373
0,100001.0,250,474,-0.1395354758989143,-0.15197642948784154,-0.7475239472853349,0.6536764727717376,-0.062204862723640376,-0.5740167120825816,-0.3941105221462156,0.04477286121081415,9130144,0.05846631307011727,-1.1991496989907766
0,100001.0,250,534,0.020547588924979692,-0.003278270946923061,5.761921931425271e-06,-0.3039510266783708,0.0024488084349205555,0.03904056451199794,-0.09627935619236616,0.03831987812417493,9130145,0.04780632294373898,-0.6555716558830064
0,100001.0,250,586,0.6727913770262155,-0.8641754378226116,-0.4322023987693981,0.16067084105732604,-0.11712142644790645,-0.0617223279775107,-0.19743803703569396,0.03985296022800879,9130146,0.05866894999352248,-1.1500134536614408
0,100001.0,250,544,0.18520738190373495,-0.8911439170422832,-1.4933782853804631,0.3438217687324545,-0.2026511603797439,-1.1734050423068965,-2.0698329872412558,0.07397544136868539,9130147,0.0916102816141375,-2.437421936408602
0,100001.0,250,581,0.05362015062760746,0.0612320104495347,0.4606277744664942,-0.7286210934841022,0.0245666225452971,0.22532720080336305,0.1177158081054701,0.033930075139266755,9130148,0.040200994352874234,-0.19634700647381628
0,100001.0,250,617,0.5152232909320457,-0.5602216152727195,-0.052451294598076,0.3662424242600788,-0.06319051124451827,0.13237988685365376,-0.4839011493169848,0.046496940500185296,9130149,0.06322560714321307,-1.4654322527951125
0,100001.0,250,564,0.3374787569222777,-1.2077122786812848,-2.280635892957056,0.018602590979660272,-0.26060623484210577,-1.401294803440749,-1.1388957967091708,0.057964637815948974,9130150,0.08890154329035213,-2.440465410718744
0,100001.0,250,501,0.07478182424791413,0.008766662102256156,0.11431471780558952,-0.08053825736060585,0.014326763120392962,0.17880243257014994,0.22914777929319516,0.034181079155331,9130151,0.03918248638464837,-0.1577404413786923
0,100001.0,250,477,-0.09712351558210648,-0.019618958466092424,-0.16568852167562878,0.4706354529767776,-0.02077425516312836,-0.24688285971919036,-0.8183754843472029,0.04802155837425948,9130152,0.05907831036494447,-1.4397021941429964
0,100001.0,250,650,0.5023584998848188,-0.431351092195258,0.36669635306802223,-0.8954383934268839,-0.031683933598518,0.3321986358436808,-0.3221680118259861,0.04200507855488898,9130153,0.05866351489798994,-1.3486553841252784
0,100001.0,250,550,0.02581167595187947,-0.0043288196867080865,-0.10343667674785766,0.063873219916748,0.00301978683076448,0.04866032397344251,0.1546738927947413,0.03410681725457442,9130154,0.04613624143909753,-0.5079431302738959
0,100001.0,250,559,0.4807190809200604,-1.3771829325274578,-3.17606704412189,1.7830980592560537,-0.2818049022161743,-1.3887882037348172,-1.3609531526464895,0.058763925313615524,9130155,0.10003755015210007,-3.1807509954982502
0,100001.0,250,538,0.5385299247980507,-1.1722379848288464,-0.8661140257106127,0.5238654955151784,-0.2192013894178481,-0.9000294260906817,-1.8189494782167608,0.055738953716781635,9130156,0.08478863270920498,-2.517223916881874
0,100001.0,250,631,0.4804235280275625,-0.8784697566587326,-0.8742721311714088,0.5304213001446567,-0.15159385368869782,-0.506514401392716,-0.6138347814473941,0.049528893814371734,9130157,0.07100416528468205,-1.7702232314508892
0,100001.0,250,576,-0.2150932967869545,-0.5117742258750786,-2.3378970165196797,1.2752372934203668,-0.1679181600651972,-1.3749418940373304,-1.4649666566409865,0.06740657751537192,9130158,0.07609247870673079,-2.0347244764453296
0,100001.0,250,538,0.6170163765532577,-1.4972930629768826,-3.760275550232335,1.6909156452184668,-0.2913752843046239,-1.3042125395412387,-2.151633950827172,0.0712380186674985,9130159,0.09464319380854123,-2.8690415842870425
0,100001.0,250,694,0.3094134462644999,-0.1996401677830688,0.046061491342174216,-0.6525974299396076,-0.002332566209197044,0.3212922118196997,-0.19067681286665314,0.03776594874488592,9130160,0.04656981159354938,-0.5840556172061875
0,100001.0,250,569,0.15890818059739434,-1.1486213893087889,-3.1647797967076685,1.3960919965648406,-0.2738589939754845,-1.6862319746373284,-2.0833595506837965,0.07954439062838509,9130161,0.0958218387104722,-2.6259910762912995
0,100001.0,250,446,0.17288186372665487,-0.8808397928066221,-1.668404083548874,0.2509674258915777,-0.20258334593717173,-1.1833218384549866,-1.145029590549553,0.0549995439591434,9130162,0.07480030933880805,-1.8663020226089069
0,100001.0,250,562,0.2033387394121092,-0.4982649988459866,-0.6502389677314593,0.4700460533747954,-0.09722333633299747,-0.4382756803999989,-1.0176487026351442,0.05213374405627294,9130163,0.06609904947198487,-1.6509436551644108
0,100001.0,250,571,0.5497071668518013,-1.3106066798272813,-2.108233260014952,0.4801913347539392,-0.25328840493419275,-1.1203279810623301,-1.2380118520700405,0.06543629061701348,9130164,0.07780557199003531,-2.0283314782645663
0,100001.0,250,621,0.3261680588932848,-0.5483861379105262,-0.8094735982662199,0.558504509053149,-0.09043746346714038,-0.2589386939197497,-0.56491768682845,0.045736025469233686,9130165,0.05998069431033075,-1.4130142264801373
0,100001.0,250,559,0.08665097589484037,-0.12372225060400455,0.03566305456693347,-0.5661837724452033,-0.01833236601403544,-0.029931103520110306,-0.20359862789896654,0.04325397983621344,9130166,0.05517904953145918,-0.8523167091320956
0,100001.0,250,521,0.0986482203736657,-0.7945945409933319,-2.133911653576296,1.6282824935858906,-0.19150641757881176,-1.1916406505204304,-1.4050090055206086,0.058326639892904965,9130167,0.07787449249218421,-1.8460540446346427
0,100001.0,250,681,0.27663164875026164,-0.44630260326455096,-0.32073852125145474,0.09440876100760644,-0.07173082808853315,-0.186325638866156,-0.5739429573156708,0.044590940642197284,9130168,0.055108246606497685,-1.2228869124886268
0,100001.0,250,557,0.01974285605023414,-0.2149553628016289,-0.3642870192247084,0.6047410428222225,-0.05287203991791958,-0.33740674420964634,-0.642329289758011,0.04922160024071316,9130169,0.059733142661630836,-1.2096059975739983
0,100001.0,250,566,-0.06913344032484749,-0.2331958726323325,-0.6368904650450966,0.3774414840622672,-0.07189349252733572,-0.5635662335261634,-0.39030001455433183,0.0445392472616146,9130170,0.05986173432733869,-1.2099197318515391
0,100001.0,250,496,-0.06194601702630422,-0.09090771419127344,-0.7272369612648478,1.5216837690443437,-0.03371642018568441,-0.29627190718355323,-0.6404488966803747,0.04536314137003418,9130171,0.05281362447816279,-1.1375080645244564
0,100001.0,250,579,0.400380557538242,-1.2098435300910697,-2.1501762274953693,0.6277770197308373,-0.2509659037309262,-1.26768728337526,-1.4915579615383987,0.06566245052447932,9130172,0.0905046663402668,-2.5264315325388003
0,100001.0,250,555,0.969143219748775,-1.8318704608806224,-1.9577499323738163,0.7895983836228084,-0.3218963839296832,-1.1279492603315446,-1.2428042858745671,0.06418280124388606,9130173,0.09594329156699494,-2.7568022835400594
0,100001.0,250,594,-0.22739451070119335,-0.05137480118231389,-1.13466960096586,1.2705384358193237,-0.04988989392517522,-0.5868775987389265,-0.9791800458598794,0.051589252734870486,9130174,0.06443157214525479,-1.619272729323779
0,100001.0,250,558,-0.04330051023070521,-0.035937146806348366,-0.16222315457356185,0.35931885153187243,-0.01632756999530051,-0.1580872222625644,-0.5978158084344616,0.04789503011422954,9130175,0.05865341231444135,-1.1734718496932042
0,100001.0,250,511,-0.26120103367499004,-0.15324327409278746,-0.7453705098182678,-0.32606545886930555,-0.08203673759412951,-0.8415969797404426,-1.2889791782981292,0.05698572934675297,9130176,0.07534591906383363,-2.0656692053114205
0,100001.0,250,640,0.348247869993548,-0.2260422833286652,0.4492515731876818,-0.2651401744993765,-0.0029744682492601174,0.3594102984604576,0.033712096426788296,0.036682435232187054,9130177,0.04302925989672975,-0.3185757939218809
0,100001.0,250,545,0.9298834213700372,-1.2547483897363414,-0.7149527697824176,-0.08150410922492271,-0.17777062985067654,-0.19203670326100536,-0.8884283228913786,0.05642664229931301,9130178,0.06538323381502549,-1.2914367853095852
0,100001.0,250,586,-0.3151016575549177,0.1881574798459552,-0.28119875643175873,0.06319728110845171,-0.0015744432623560735,-0.3543538743206202,-0.6664754661764699,0.04990330178752305,9130179,0.04951011003055356,-0.6250080551985675
0,100001.0,250,629,-0.08041034668748252,-0.5903516150439891,-1.5138723598694728,-0.3968522353654439,-0.16656941927803404,-1.219679299837486,-0.814031135394149,0.051168607294312406,9130180,0.0727092807168166,-1.8350675412879136
0,100001.0,250,518,-0.136493308598779,-0.010609504905286749,-0.6855369347204702,0.8845975879350756,-0.024728020375286174,-0.3167368427505648,-0.8146197350330278,0.05018527308599815,9130181,0.06470505678628495,-1.8892686300575312
0,100001.0,250,482,0.8879109507265998,-1.8784037795232689,-2.255154266528744,-0.2369097382762207,-0.3478124744805995,-1.3883571675236326,-1.88763808345768,0.07056006495158137,9130182,0.09125269406070033,-2.4046020804509225
0,100001.0,250,577,0.8078238085184933,-0.7600064457857869,0.12450603894967703,-0.38205954829099575,-0.06831055980008832,0.4172138779518859,-0.8135020652980276,0.04835789255727072,9130183,0.058381374962214426,-1.3348409764872189
0,100001.0,250,536,0.3855241276728009,-0.6739198934741367,-0.6279776721474395,-0.030495545575441405,-0.11381789166957228,-0.35173843743672073,-0.43538499142889137,0.04571799886016074,9130184,0.07430171216493295,-2.0393972689167903
0,100001.0,250,613,-0.18375800675291068,0.11193856043527367,-0.1384402072779119,0.14041925503917305,-0.0003408529809144917,-0.20267817436067376,-0.7405141774066615,0.05071057077773463,9130185,0.05021525870202149,-1.0473277547969038
0,100001.0,250,651,-0.1824351058600953,0.3641445736176934,0.7603776449066117,0.4768248185617084,0.06549491929188897,0.2463728649836197,0.13869152749808522,0.03478292028787765,9130186,0.04488950652161372,-0.4921147716435856
0,100001.0,250,674,0.15460003797992902,-0.2389316294316232,-0.1739247506791488,-0.4094554601641127,-0.03736385648426805,-0.08557827277237062,-0.0534312165051926,0.03936861816768539,9130187,0.04757562686050836,-0.4820334243535926
0,100001.0,250,528,0.2529247920509381,-1.3152586651075553,-3.726868641420203,2.430242075069688,-0.3025129080022004,-1.7766925573179355,-1.8394787775216184,0.06411128384505765,9130188,0.08122117653611123,-2.451400359560767
0,100001.0,250,613,0.4098516717329965,-0.7310182879044465,-0.6349838797091459,-0.07707693323965498,-0.12457823845892342,-0.3995762382610951,-0.8406722109851196,0.05256397842738294,9130189,0.07342125098635008,-1.9084080546295608
0,100001.0,250,526,0.34471954831026624,-0.3325364792961082,0.043477676162971324,0.1367045875482443,-0.03132934444335176,0.1636275324791359,-0.778252007824016,0.048395227556195915,9130190,0.044631910806088235,-0.4673282202224165
0,100001.0,250,537,-0.3553024011219175,0.12384323432142047,-0.4791532120349,0.5306402808610462,-0.024821475798545267,-0.5561597973483734,-0.1277253785678832,0.04030573433993565,9130191,0.04645766829550897,-0.5482015866818971
0,100001.0,250,608,0.4667187043961815,-0.1929597571291579,0.8082276434901392,0.07326480613399756,0.024654811955354468,0.6764224026884028,-0.19724941530337992,0.04187521664688397,9130192,0.0479513361363342,-0.5435958248450347
0,100001.0,250,471,0.1899153865063396,-0.8430255868447873,-1.8858464849377965,1.0407597931847778,-0.18976595660829285,-1.0787503317438116,-1.253890477805998,0.05538670215274657,9130193,0.08229478832418448,-2.446371723805083
0,100001.0,250,512,0.1184414703661531,-0.17864833724056073,-0.36663260132884185,1.4514306518620423,-0.02757817993311596,-0.05779426107841256,-0.7643636458848682,0.04861975882463363,9130194,0.0560242543739079,-1.2486763172973545
0,100001.0,250,515,-0.22771398519543126,-0.5547371336264157,-2.834614541007773,1.8680560436467408,-0.1814401136956164,-1.479416344236557,-1.6541179874116814,0.06067413037113641,9130195,0.08189028515495678,-2.3726073120939675
0,100001.0,250,689,-0.04737696192020889,0.10018195054182973,0.4394275050860165,-0.49629311479571997,0.018457782690882118,0.07390204574681915,-0.4413687299645842,0.0440643283243387,9130196,0.046550675039964295,-0.6018109564824695
0,100001.0,250,631,0.4019032848968944,-0.5399297396863387,-0.18418022823097172,0.04736451845386999,-0.0760699601433237,-0.07883843073376534,-0.6768508816496442,0.04811240629344532,9130197,0.06332583389056125,-1.4723942627789617
0,100001.0,250,576,0.5513200385775275,-0.7325960493011997,-0.6902328212735663,0.11846120837674308,-0.10236726907264322,-0.09382810882065958,-0.365926543082688,0.04171668753868522,9130198,0.052327166562094886,-1.0562437044079631
0,100001.0,250,580,0.3259951371740877,-0.7058957270574322,-0.6468085715291835,-0.2977667168574898,-0.13158762900330145,-0.538103082868705,-0.7328277755208189,0.05412224483004754,9130199,0.0683434766277219,-1.6087689715463125
0,100001.0,250,444,-0.2023384674591708,-0.16056357328562984,-1.4007423139713044,1.07882979973777,-0.07465422828291668,-0.7267245166491013,-1.5359527782752722,0.06483369962866026,9130200,0.0718149926230799,-2.0134510518742945
0,100001.0,250,574,0.13909532927611098,-0.7219812581212912,-1.39055268903115,1.1910224951238542,-0.16581868076141115,-0.9743186441493836,-1.0482162150758327,0.05180209244235005,9130201,0.06950559910768174,-1.9896932077017018
0,100001.0,250,525,-0.4431971576698204,0.26191882236442743,-0.5107753264041142,1.0124979774196878,-0.0029372461634895397,-0.503614269677934,-0.43611499855439184,0.0441747607903579,9130202,0.05941137823182131,-1.3806406082960585
0,100001.0,250,587,-0.3285247755722328,-0.0745001831002825,-0.8877004664970564,0.1550824476744136,-0.07216190033508517,-0.8484285640990168,-0.8469508346707362,0.05389165198265778,9130203,0.059210306365942475,-1.2723155574389846
0,100001.0,250,558,0.2093285272891276,-0.5544592221770799,-0.836116553193245,0.8368319016297777,-0.1109213953483852,-0.5246857437256807,-0.8762232367000999,0.05177827835370444,9130204,0.0589103898643681,-1.3630400479790552
0,100001.0,250,561,-0.34500927884109456,0.3443970091138645,0.3579944664816199,0.3068023444991676,0.03434883634118634,-0.14316635261174074,-0.02603814320403457,0.03776245847757698,9130205,0.042127147020697066,-0.2612681066516733
0,100001.0,250,514,0.13832345725605513,-0.21180476399296408,-0.2639278669215949,0.7306723823262121,-0.03303264138251207,-0.07310529333304305,-0.19423206636453336,0.0397141466436568,9130206,0.04774181852859469,-0.6203154013819883
0,100001.0,250,658,0.14850089685040374,0.04040436456256483,0.3982945457225321,0.6412841757175622,0.034319587452524,0.3951800905607596,-0.5428622051767142,0.042238347025169716,9130207,0.05129372950860515,-1.0634580979487056
0,100001.0,250,601,0.12394252920538805,-0.4788366118599927,-0.43842055635291816,0.07878260800784584,-0.10482071587006668,-0.5769420560077305,-0.709793388239688,0.05245721484380236,9130208,0.06267200782826735,-1.3215074154803512
0,100001.0,250,677,0.2724638219440174,-0.4471584100477897,-0.18619631608573511,-0.42149799021233053,-0.072626099886942,-0.1969251526960747,-0.6711500270217705,0.05165997900329335,9130209,0.06057748659769646,-1.1754302171316249
0,100001.0,250,538,-0.8429878180373763,0.666093006145526,-0.21961369465185654,0.34703971525710364,0.03821835574452483,-0.6604780734686112,-0.3897634271982536,0.04426973256813455,9130210,0.04624898324126755,-0.5823734482823782
0,100001.0,250,560,0.5672290864490653,-1.1229489939449817,-0.9915945122263224,0.17696769478187238,-0.2016166499511058,-0.7500290858085016,-1.4660061949748355,0.0592539512890271,9130211,0.08916357684091678,-2.4932290780104616
0,100001.0,250,583,0.4830174235305033,-0.8269352224376508,-0.65086904172318,0.504120682547885,-0.13790105140874584,-0.4097742682801666,-0.2945033069464053,0.0401600050188052,9130212,0.05367667403984715,-1.0622696130088387
0,100001.0,250,664,0.14930184061689,-0.5915174810977448,-0.9899960841485168,-0.253729068921666,-0.12993758607047134,-0.7207165880207067,-0.4683867962449922,0.045163616756895834,9130213,0.05358299557677718,-1.0172044533728912
0,100001.0,250,561,1.0136443856701685,-1.6130310579743232,-1.4146435055924986,1.1889090298437932,-0.25764693743574096,-0.6434704498040137,-1.2455177932973185,0.05327968517042474,9130214,0.06739046403289531,-1.730221892970873
0,100001.0,250,638,-0.04313278863230632,-0.05733693721607401,-0.2544586639991387,0.10217091073507653,-0.021840260701613462,-0.19546481029871252,0.033082336120196607,0.03783788469623788,9130215,0.045374596661213525,-0.5203560738546329
0,100001.0,250,575,0.3607377627344751,-0.9795347094472258,-2.0248262677820303,0.9848943132376085,-0.1973358013972704,-0.9466099235285677,-1.0180066365047955,0.054666722821618864,9130216,0.08059915031349155,-2.3131954922586893
0,100001.0,250,532,0.6940030382102751,-1.6590995875494892,-2.740575948853718,1.0297801101476165,-0.32125770708471324,-1.4227250829725686,-1.7813518343571628,0.06884298219870927,9130217,0.08463023595892033,-2.4335292716595998
0,100001.0,250,579,0.7577782531233185,-0.7288677022765825,-0.05666839918357022,0.2332066476745535,-0.06823089327637404,0.3631380901653666,-0.5620601482552984,0.04727174828345639,9130218,0.06152418963340064,-1.4493708849223392
0,100001.0,250,502,-0.20472925736804454,0.07624920189460786,-0.3470621272381731,0.10280193833023747,-0.013042502033459887,-0.31195285415413143,0.05922807988742612,0.03466846679576454,9130219,0.04471309555841231,-0.5269637749623352
0,100001.0,250,537,0.3247270974285659,-0.4496492956862215,-0.2304641345426636,0.28262715150786805,-0.06508592703208398,-0.08737258016716716,-0.7512128573751955,0.04924005597808801,9130220,0.060038848739178814,-1.5106583140737633
0,100001.0,250,477,0.13336641697141158,-1.1071022063122362,-2.590615905503401,0.2315710664675433,-0.2678523728459009,-1.6700104302908048,-1.6401087734617616,0.05871127188655366,9130221,0.08292512716722034,-2.102385772637453
0,100001.0,250,521,-0.04818796025418577,-0.2640419112428317,-0.7213981902242048,0.5695247061004883,-0.07666204000042164,-0.5727185008741654,-0.959021247276198,0.052994561253403086,9130222,0.06378811177388373,-1.6224472686910207
0,100001.0,250,402,-0.547499149300698,0.06437427864964237,-1.3884676803260512,1.5623467442309067,-0.07161683351000772,-1.0831610539420309,-1.137522551918496,0.058360215053763466,9130223,0.07003935379321476,-1.726753390637629
0,100001.0,250,427,-0.3741287101567883,0.058092236332037264,-0.8358756511184473,0.8450734706806198,-0.04518564331167765,-0.7148087132506864,-0.8026487037816977,0.050680109645697656,9130224,0.06656749998368967,-1.640115106066752
0,100001.0,250,418,1.4894240391314713,-2.880588676302534,-4.0176083313096544,1.2024911992214875,-0.5140415487536643,-1.8511284275714053,-1.7758986659813638,0.06702300942558585,9130225,0.08206228468845758,-2.4736895583710354
0,100001.0,250,634,0.5839575884213629,-0.7370962633940857,-0.3287976616519105,-0.02773310620696755,-0.09818194327872584,-0.03068444759317386,0.3562256613505259,0.031491596462433644,9130226,0.04124506926482348,-0.2942769456396083
0,100001.0,250,453,-0.38204096111142455,0.02641228651929326,-1.194658207689095,1.0376849245796995,-0.05469643948680485,-0.7879133583551076,-0.8335071210829333,0.0522080678623376,9130227,0.06304735069309493,-1.5220077503305829
0,100001.0,250,535,-0.2481606267308127,-0.18006730690653325,-0.9034296291120092,-0.024722904357346018,-0.08687899228267043,-0.8603938692792861,-1.1140807845969567,0.05550617842143539,9130228,0.07168022352507719,-1.8798962632531908
0,100001.0,250,643,0.6030316598422228,-0.6674689943483649,-0.4027597944029875,-0.1303250545662775,-0.07698769188678442,0.134048399793093,-1.082595113807218,0.055799669265296496,9130229,0.07489775909692135,-2.25046034636378
0,100001.0,250,634,0.5008227716623647,-1.2498110515456522,-1.6560828358045316,0.2427099771464071,-0.2449646459426545,-1.1189223136410926,-1.0949990917928236,0.06038863595703864,9130230,0.07351479360330344,-1.894211816194252
0,100001.0,250,655,0.6791824091431579,-0.7300831948359703,-0.122643865459586,-0.4761056403928778,-0.08105278244608882,0.1892766528027416,0.26276607435626403,0.03479853110398956,9130231,0.0358319814323898,0.1546003891510647
0,100001.0,250,460,-0.3243494279217468,0.015906421648330987,-1.0362083258391686,1.3050763538116998,-0.04812797838867917,-0.6804051828757679,-0.9276026574413976,0.05118106835945936,9130232,0.0710184685116671,-1.907157389178032
0,100001.0,250,576,0.25110700295603217,-0.4283702350119259,-0.388212132993261,-0.11289400863198105,-0.07130354779549679,-0.21032919854494286,-0.243891735090576,0.04121471222131932,9130233,0.05693936650600859,-1.1770347082078438
0,100001.0,250,527,-0.4353809598566594,-0.02701369834313701,-1.0716299960402391,0.6719835878884919,-0.07707304988898897,-0.9981154917813571,-1.4100498214547716,0.06623718229389587,9130234,0.08191981358931086,-2.1988712010002445
0,100001.0,250,616,0.4571458232937207,-0.7786707453168893,-0.6075520861463553,-0.060988894666618325,-0.12938906203813474,-0.3807452012593469,-1.14483355220649,0.052049821148392836,9130235,0.0863498420958317,-2.7994638014277853
0,100001.0,250,533,0.4044033331187447,-1.0632423341328656,-1.9560397226855382,0.6293795160879352,-0.21236283278158194,-0.9998214645437382,-0.9915733544100308,0.055103047743479086,9130236,0.05247148558884237,-1.0576662410844622
0,100001.0,250,690,0.3465439521116793,-0.22430704657139874,0.2646201658762505,-0.3343462429938966,-0.0027968887410319376,0.3586054132776445,-0.3754699907271088,0.04687451670730245,9130237,0.05268817204301076,-0.7786419618935867
0,100001.0,250,496,-0.06335607176360457,0.011811342527757729,-0.12335114375243275,0.7167126895536808,-0.007115073793372323,-0.11741900224553699,-0.16538204425763028,0.03978901544972279,9130238,0.04987076885460971,-0.8424546384471452
0,100001.0,250,483,-0.8879298676379354,0.6027870959346965,-0.9095461824275852,0.2687250906480364,0.014487454517492232,-0.8713599997548971,-0.4748277874548613,0.044964943867003726,9130239,0.05143714303492865,-0.763175828366304
0,100001.0,250,555,-0.5111576636506946,0.4596967451107828,-0.15479297429747554,-0.20483798395008676,0.03771597179282892,-0.301619324092236,-0.2724777658906821,0.039542920166638615,9130240,0.05146349957854037,-0.906308580244034
0,100001.0,250,484,0.5470778243797633,-0.35379567893913805,0.5251122355308504,-0.09172198941089436,-0.004327941928258272,0.5680326990623484,-0.505867137023965,0.04539927237609464,9130241,0.0566016080450836,-1.2494029437961778
0,100001.0,250,572,-0.08702964783514755,-0.1584587530716368,-0.3275763557422338,-0.5244966017634222,-0.055278834392642216,-0.4703055300964884,-0.6400888736256839,0.048798642847251134,9130242,0.08436939246347093,-2.3544817525834523
0,100001.0,250,545,0.7925035220390682,-0.9115366261422422,-0.7070208307646144,0.7215356305181205,-0.11034187264200834,0.11574611998606638,-0.7596974503135008,0.04775877704365848,9130243,0.0734628221025423,-2.185254009679124
0,100001.0,250,597,-0.4278945049491529,0.4580930796388693,0.2847376619122517,-0.09116270812663936,0.05063225445081508,-0.122676586309843,0.5851817580224535,0.03014766439028001,9130244,0.03918529496904116,-0.031518885442205616
0,100001.0,250,571,0.31539211551229,-0.5546236031892764,-0.4056190381483564,0.7135560404815446,-0.0938914676321774,-0.29353838444545377,-1.0812992681341609,0.055845519967282174,9130245,0.06429733661152323,-1.3705484389334424
0,100001.0,250,615,0.6736873210049845,-0.5360740776713139,0.3591384461940204,-0.7993051393032843,-0.03147725024023575,0.5206663228520237,-0.2273432945002932,0.044515790065104886,9130246,0.06386903102798944,-1.3777418847316305
0,100001.0,250,649,0.3313262950110572,-0.4593814516494277,-0.1305697663960108,-0.4516006752078393,-0.06640320791096929,-0.09023759462979204,-0.2668001185754068,0.04415528509771882,9130247,0.060494193336257676,-0.9811809300024176
0,100001.0,250,536,0.04769314401398149,-0.8399928423363052,-2.4335849850491167,1.4603355969619989,-0.21146188300190907,-1.38304575598353,-1.8782666923497136,0.0677787618795449,9130248,0.0975533181111543,-2.795908455116814
0,100001.0,250,558,-0.3690061381265532,0.30985485006216484,0.07230402168426027,0.3252107765248797,0.021489234717503487,-0.2566735310153077,-0.4274350959668346,0.04409369029696839,9130249,0.0617063788653373,-1.5883125134957607
