start,end,N,SS,ZngE,FulD,TajD,bsfs,FerL,FayH,btree,Colless,path,iColless,ibtree
0,10001.0,250,34,0.09668684616067548,5.209948498852014,-1.2740162462493196,-2.017990787875008,-0.7992611494616891,-0.23192646355406574,-1.2583816696383372,0.0519865385294845,9050000,0.06506024096385543,-1.9707551365845053
0,10001.0,250,64,0.187164094372286,-0.9774888166508426,-1.6343049076752243,-1.8205309408973172,-1.1250228048716209,-0.2907712672426629,-1.5485166131237946,0.06812869758604308,9050001,0.06614476338533859,-1.5964307098548214
0,10001.0,250,72,0.6936165032376063,1.553877177634552,-1.6487606821663583,-2.1498492925693844,-1.7636437536214522,-0.3799500153557369,-1.716889956920825,0.0684596003591675,9050002,0.06629495650094172,-1.7244674193534724
0,10001.0,250,55,0.2781717957226067,1.930010986985256,-1.7197525917888383,-2.1297083510845147,-1.280007437124972,-0.3245247269828008,-2.017638029896139,0.07706280944253872,9050003,0.05354077600725482,-0.8232905533967867
0,10001.0,250,70,2.091705710774292,-0.37950862974468097,-0.24558804716169896,-1.00683943131121,-2.726826943734631,-0.4086157569743637,-1.8217038651568611,0.0724570924078632,9050004,0.08389317639220475,-2.59985003770609
0,10001.0,250,78,1.2290909282876692,-0.6474932795033654,0.27935726499016805,-0.0729644344773209,-1.368847568372003,-0.17182531369977028,-0.4653916708902196,0.046765753139635775,9050005,0.07539620848987348,-1.9724766663765507
0,10001.0,250,53,0.2729261532913877,1.4392698151487258,-1.6558261786700117,-1.0810900162971682,-1.237618213417753,-0.3144307698362543,-1.4693592313262307,0.05839657441310232,9050006,0.06937427127866304,-1.9174077976854151
0,10001.0,250,59,0.3570156682534775,1.3078986704195839,-1.4767077680845566,-2.2533005228139094,-1.2475308712563529,-0.2982964572916059,-1.44400463074755,0.060988963534630077,9050007,0.05217182092425,-0.7421078461926709
0,10001.0,250,76,1.2828579605395145,-0.3472595097849327,0.8263238165255764,0.44191709049616573,-1.1353324403043474,-0.0965727070447051,-0.15599122177113994,0.03505345073285356,9050008,0.06480761756704237,-1.5046736211165062
0,10001.0,250,87,2.057696923643741,-1.102514374325225,-1.0490315212224268,-1.2817218914889692,-3.125779959687522,-0.5189216484540711,-1.9291013709180127,0.07064112529522558,9050009,0.055951404183040405,-1.3050560284664552
0,10001.0,250,62,-0.2636604567791423,0.5299740207269263,0.22003000351381435,0.972107995034034,0.4470640814025296,0.08199567255882911,-0.1458334632842165,0.03705910228349732,9050010,0.049313880833507726,-0.8060132466496314
0,10001.0,250,53,1.1498657451971552,-0.5632217466162424,1.2163954531070396,1.549232891096133,-0.7669475574735115,-0.01569412517273369,0.3300124654844948,0.032899928158381324,9050011,0.06599516344949691,-1.6805627764913535
0,10001.0,250,55,0.7513099505456673,-0.6499569649883468,0.2813182138204378,-0.12865170678117274,-0.7794315886079609,-0.09179990903848656,-0.7239962874757495,0.05383901196182581,9050012,0.055162585827179686,-1.330091498034707
0,10001.0,250,57,-0.7545905095115643,-0.10708012700926088,-0.4636639830660482,0.28591010392135713,0.683869597360381,0.06296688291598902,-0.10687582706371704,0.04185657586357159,9050013,0.0685784613106805,-1.7473671634710997
0,10001.0,250,67,0.5453698662625324,1.0777721508920624,-0.2781902667216469,-0.5550071510113985,-0.8282556343506107,-0.14061886899756093,0.07769217884239463,0.035577304329733404,9050014,0.04931886354350405,-0.6029633319327833
0,10001.0,250,67,-0.2583445564269614,2.1508204330653147,-1.8181826194434951,-2.630092013811188,-0.6746381826388658,-0.23944031794426435,-1.226138510902102,0.05658203870407524,9050015,0.0699942627653471,-1.5904403575294288
0,10001.0,250,55,-1.3250517360879066,3.219994962972057,-1.757498869897432,-2.0410596030218966,0.6890158492811153,-0.03902073803466196,-1.7129648687268355,0.07090426221013084,9050016,0.0911954268687654,-2.5014513277200807
0,10001.0,250,39,-0.2888087766495638,1.151833877347947,-1.2424144824445411,-1.4034873669057548,-0.3069731342692093,-0.14935061375064745,-1.7303271329345942,0.05745802805007365,9050017,0.06473821553495086,-1.8040713593272155
0,10001.0,250,58,-0.4505693066113393,-0.1556806833622326,-0.42272191062163217,0.21123033672134695,0.3287572909303439,0.014351856607742285,-1.2248739823396249,0.05525536067265943,9050018,0.050764347713434375,-0.8865132595019452
0,10001.0,250,53,-0.22767973674038075,0.10427544063874776,-0.8446964641334063,-0.7037342122393607,-0.1759316651744934,-0.09337661811288066,-0.4167801858731727,0.04570334122413408,9050019,0.054494475598245516,-0.9686951082544504
0,10001.0,250,43,1.0579536881988525,1.1934765046723068,-1.4800596731906417,-1.7507328044282344,-2.11183653174682,-0.44001736296874056,-1.3570591336071132,0.05573301269594506,9050020,0.05383284289230656,-0.8772046968008912
0,10001.0,250,80,0.05730942921532412,-0.7065563822737388,-0.926613478872357,-1.075421834963067,-0.5806640432468033,-0.1538204674961678,-0.4506898539292496,0.040925271915150094,9050021,0.05879566653711621,-1.5131365111087287
0,10001.0,250,56,0.195806283133578,-0.3740191419681385,-0.9095319769032818,-0.7160814284659742,-0.7376741637559111,-0.18019581510659752,-1.2069041200383586,0.052266413323545084,9050022,0.059243425314159874,-1.46682318506554
0,10001.0,250,58,1.228192066580199,-0.7696309122327304,-0.07331765747793542,-0.3035837392553545,-1.5635952587484183,-0.2335250755683586,-0.9175165735199656,0.06163215913507403,9050023,0.09030414461817493,-2.358587468593244
0,10001.0,250,54,-0.2306591012538216,1.032795149149691,-0.5432449167709773,-0.9442411847603204,-0.008826122807118749,-0.04462898397172636,-0.40126041163492987,0.04284565484597715,9050024,0.049020127430543285,-1.0717827008737386
0,10001.0,250,60,0.2269282555731226,-0.8432189439040394,0.8588020044254742,1.0263881865794802,0.18676731821037865,0.09503128214599783,0.16629852792601565,0.03508721794197664,9050025,0.05882400570022023,-1.5291381709835845
0,10001.0,250,33,2.5152015730652453,-0.7231196638971007,1.0340133061865453,0.09480036583836927,-2.5818211711445462,-0.3203972193739322,-0.7884471303796724,0.04895156663520442,9050026,0.07307293690892602,-2.464223732982344
0,10001.0,250,60,1.1741658343614456,-0.2483506390917217,-0.2896139537934021,-0.6003380019636289,-1.6142648580993113,-0.25711572261296195,-1.4094652686545142,0.058628780354392486,9050027,0.05597011702724878,-0.8728853535484687
0,10001.0,250,45,1.0312103329876927,1.405754061843998,-1.5516327703166852,-2.2686116054984056,-2.1183026368377234,-0.4442262801718353,-2.7026879173111706,0.07608750413841749,9050028,0.09690374400829124,-3.180267286876598
0,10001.0,250,62,0.5113929043115042,-0.6239052371832599,0.013388301229754077,-0.13185344930101014,-0.626875830035017,-0.08957242491986113,0.1939071906405969,0.03578518026319639,9050029,0.05564192252882499,-0.9793114924783388
0,10001.0,250,49,0.5137957781537202,-0.011444795801529836,0.7007637910630082,0.9122556329191308,-0.25876777820362984,0.017911470215645774,-0.375278498971308,0.04264603998039846,9050030,0.05291812410934058,-1.218184020953002
0,10001.0,250,59,-0.3678764450201791,0.7036404225315986,-0.12730445769258206,-0.4662057993925386,0.3869653826854212,0.046164049243312036,-0.6066791905345442,0.043710030738790935,9050031,0.04806106145010148,-1.092410029998337
0,10001.0,250,52,1.083268854094584,1.5205081136020568,-0.4349103109699585,-1.297890429388973,-1.580673080237734,-0.2679752863686161,-0.9198127720329756,0.051787796346677024,9050032,0.06596061666018915,-1.937993878185684
0,10001.0,250,53,0.38781930838064615,1.7730184087762209,-1.364507888174533,-1.9891960819523131,-1.2220882936792024,-0.2888712764599616,-1.9881440457752464,0.07108001900073414,9050033,0.050842077989376865,-0.7627827992452557
0,10001.0,250,43,-1.537868864677108,-1.2326175648034663,-1.1461226019409778,2.573999253446933e-06,1.2943125329672476,0.10244399585705598,-0.41148432148850783,0.045541035108174636,9050034,0.04334272574167639,-0.476186667474682
0,10001.0,250,44,0.9974181160729384,-0.8760033257215954,-1.5288869995621899,-1.788429689999118,-2.063476190269024,-0.4353821131831989,-1.5393537641954893,0.07392684341855503,9050035,0.07212397979012826,-1.7323415160910585
0,10001.0,250,56,-0.6807647327222976,0.8945822841459391,-1.3188775599657787,-1.7471245378068658,0.12735140456185567,-0.08626967841782668,-0.8772201654578766,0.050260180506974124,9050036,0.052084682817290666,-1.1243909552729308
0,10001.0,250,47,0.06341958852287886,0.11032168173846922,-0.6567584472636844,-0.7698282788482553,-0.4336693832054965,-0.11783770005260127,-0.7664632213009455,0.047534222913158,9050037,0.06813814397374444,-2.085145944496814
0,10001.0,250,39,0.04009400264533312,0.2682766911472261,0.6608599556151095,3.1915551704795755,0.3044825901948717,0.10111195866961277,-0.252190784187422,0.039486575333592434,9050038,0.05989765513667573,-2.1388035091235107
0,10001.0,250,78,0.6855599364820056,0.7472299679940148,-1.542827186222126,-1.9603732587068303,-1.6971993106424,-0.3598601684171164,-1.320885167032437,0.06765384117113618,9050039,0.0651314937168027,-1.4119416778299148
0,10001.0,250,59,0.5425027678264428,3.1206734140835413,-1.7267008109135873,-2.6464516500391624,-1.6138424415103982,-0.3713421236447567,-0.9750308478653216,0.04931554173683984,9050040,0.06925191806653136,-1.7744447743683744
0,10001.0,250,61,-0.22322207066894698,0.2932074070466778,0.32675371126404024,1.4682070940400784,0.4550962836210126,0.09172445911000487,0.06089607420635298,0.036996031664859784,9050041,0.050614902004330685,-0.8910127518295378
0,10001.0,250,39,-0.3347021877139677,-0.17350190195313425,-0.26974931206762554,0.8336555260186067,0.2716429968132145,0.01949168707003164,-0.7555476923768281,0.05132087489743923,9050042,0.07837340143986082,-2.6361827071146644
0,10001.0,250,60,1.5868757772259805,0.3465176657205953,-0.5066811593164829,-0.6985260757161744,-2.244513580045012,-0.3657263578442529,-2.6048515173908973,0.08024337979643073,9050043,0.0636470613637345,-1.657294839941603
0,10001.0,250,54,1.3699684624860762,-0.2793068957810533,-0.7353914588045303,-1.0034932481542715,-2.099739381567762,-0.3669920172322389,-1.1427693607272336,0.054966249871566335,9050044,0.06828388824113657,-1.7337381453022762
0,10001.0,250,59,-0.8326602117662297,-0.2027469493003798,-1.6015780990216018,-1.302346947859855,0.16016682217840408,-0.10357157087577533,-1.8238889917356509,0.07144033121734249,9050045,0.0561424583966364,-1.189700183479595
0,10001.0,250,65,-0.6411992184012179,1.1993194963883655,-0.8047976445468734,-0.9290186907639062,0.3550033371501124,-0.012220235540707584,0.1566799887179697,0.034004051396200635,9050046,0.057973830807099364,-1.521558618695282
0,10001.0,250,43,-0.8132896697008917,2.0021745278308987,-0.8755302947221781,-0.8538799209978669,0.5394275575321317,0.010289264333519371,-0.4023348837172712,0.046360846612255466,9050047,0.06143930560953492,-1.4181705401682458
0,10001.0,250,44,1.015349024380332,0.3118963828689251,-0.8041632223276394,-1.310019529728085,-1.6951776064760002,-0.3209550014968969,-1.2985201294588125,0.054995415906803374,9050048,0.0627024225936002,-2.0772213011273597
0,10001.0,250,47,0.3343557389712414,1.9742742943695908,-0.9233470882400286,-1.4676239712180752,-0.9142746341414104,-0.2111832635643943,-1.1171632219320475,0.06564287711116112,9050049,0.08600531156885607,-2.34128718501113
0,10001.0,250,57,2.9047894609395915,1.4528176269988191,-2.318651792515079,-3.1456836875048233,-4.865923413147094,-0.8941774998972459,-3.02765081466987,0.08322733750250268,9050050,0.07188431143930561,-2.64231899878484
0,10001.0,250,49,0.8227835759861339,1.423739139336535,1.0773007232505565,0.7006964653558676,-0.4386827848854923,0.0214611237663546,-0.17869847019060411,0.03683502337796935,9050051,0.052585341365461835,-1.1588346247103782
0,10001.0,250,59,0.4582873605490619,-1.109134321132358,0.26970049138967833,0.360834802529333,-0.4215235107344698,-0.03990879135503701,-0.31866580882169565,0.04569767905368372,9050052,0.0560548646197694,-0.9034153604050592
0,10001.0,250,54,1.3019302591282558,0.7047696379170046,-0.08476800704710448,-0.6176172076466064,-1.6618711208559194,-0.2507959246204995,-1.1585877193798808,0.05818223806868428,9050053,0.053054511954628535,-1.212876290549322
0,10001.0,250,58,1.9555470909417167,3.834995804296,-1.9534748933092347,-2.8572002685484668,-3.4898446500782296,-0.6631640321424479,-2.3180415191474406,0.07163799510435631,9050054,0.058029352432772574,-1.5828297874594572
0,10001.0,250,83,0.0253155188797278,1.4015238888888946,-0.8985655417299285,-0.9683692328702566,-0.5261033512431089,-0.14356791599536992,-0.7671151090700162,0.057608313438084126,9050055,0.08962912582228556,-2.6277307456545147
0,10001.0,250,60,1.2865321546833417,2.131122580157548,-0.20226148513011852,-0.8217490685957904,-1.706010815564213,-0.26351685609805786,-0.7425188988362935,0.052404317731756515,9050056,0.04985699622310581,-0.4998498314958649
0,10001.0,250,67,0.8259565582073856,0.004723868718810779,-0.1058388892227028,-0.28518432880664835,-1.0817600362129325,-0.1634506657358085,-0.9166527340701858,0.05150202327335912,9050057,0.05541691383530727,-0.925041667208187
0,10001.0,250,35,-1.1208141807309928,2.075612937081368,-1.3286227084838174,-1.2751671968819682,0.6861378343219942,-0.003560743003239736,-0.4033798039015655,0.04542107308691472,9050058,0.06828697277589621,-2.1190874181148343
0,10001.0,250,68,1.406421530082414,-0.5678189987086354,1.8999533508791957,1.6763112473213058,-0.7031449436676567,0.04825516151365265,0.4974372953001226,0.029999764453709263,9050059,0.04219903808783521,-0.5135305247967347
0,10001.0,250,43,-0.5417483403214551,2.002174527830898,-0.16201830233761086,2.573999253446933e-06,0.5861038062796278,0.07546589184148522,0.3938715461215307,0.032803256034892266,9050060,0.07760366981120964,-2.4178609900173966
0,10001.0,250,62,-0.5114735709173361,-0.04696560822816672,-1.0898963633556795,-0.7952797660275372,0.03939933198182687,-0.08030772425291581,-0.736932646694293,0.053501255405647166,9050061,0.0533262080580386,-0.8399198197828242
0,10001.0,250,62,1.3037829853212834,0.2415042062493797,-1.7442061452829354,-2.2264320134170648,-2.568851744144789,-0.5090202654717907,-1.566766764734205,0.06693370777595294,9050062,0.07987109729239539,-2.25265012573426
0,10001.0,250,49,-0.4935546846982943,0.34735118798298703,-0.7667665386292523,-0.5755427617029993,0.197907870259134,-0.03226586858685083,-0.13532517474515232,0.03877056613550979,9050063,0.05779389961278807,-0.8887896615489713
0,10001.0,250,55,-0.5115264195216377,1.9300109869852557,-1.846098492216012,-2.2741197026787496,-0.3686990769370369,-0.20105863572906066,-1.5728420730290633,0.06323501892876165,9050064,0.07457248348231636,-2.3631117444564977
0,10001.0,250,49,1.104138318727844,1.4237391393365342,-1.249633885416909,-1.927536308456105,-2.047523254887287,-0.4048274163897757,-1.5048615896079132,0.06300954652871775,9050065,0.09183508226454204,-3.055636873867195
0,10001.0,250,32,-1.4167838211002441,1.9799983399544518,-1.5258701112307334,-1.1661348095657564,0.9538953954693552,0.02269560540703793,-1.4734684418863144,0.05334779980135595,9050066,0.05913978494623656,-1.3344044097136365
0,10001.0,250,65,-0.8151871278542423,1.4753143374216262,-0.3983204232468037,-0.1840784815546862,0.7929156491367647,0.08274390939957751,-0.9061813755702308,0.054331573606252966,9050067,0.06267466178076361,-2.008349712568493
0,10001.0,250,70,0.815438776100456,1.9374886648052505,-0.18438044348594892,-0.5742838965019704,-1.1116046761667042,-0.17316763102044536,-1.80091706999725,0.06777154701756333,9050068,0.05241788267439258,-1.0925349751145994
0,10001.0,250,74,1.2036676955185366,-1.0089546103087743,-0.5098233867797836,-0.6535612158888227,-1.771102043164268,-0.2913470695888548,-0.8009301674559655,0.0558075620454167,9050069,0.06849170877056614,-1.3253746922008685
0,10001.0,250,44,-0.32257259547905176,1.4997960914594457,-0.6620859645440899,-1.4478807186734093,0.04404024175843217,-0.04716277723184102,-1.9186228876975209,0.057011035343720935,9050070,0.06011546184738956,-1.9800913599421064
0,10001.0,250,59,1.137340707836296,0.09938217464361294,-0.11309346853743316,-0.3574846024750297,-1.4724464081255957,-0.22298425944206424,-0.9353976623321856,0.05115826208058038,9050071,0.04889057697063915,-0.557811943207125
0,10001.0,250,58,0.08737034682269998,1.37919488881401,0.6654740492567028,1.7347603631333262,0.2540188102498888,0.08977184865693084,-0.3884561301453281,0.04463504065136401,9050072,0.0774943090333685,-2.5687595071988527
0,10001.0,250,58,-0.3120254924472407,-0.1556806833622325,0.0053370103974416,0.5766156199329312,0.38999826518248537,0.0572196977637652,-0.047105853483832234,0.041344589828849455,9050073,0.05442333851535173,-1.071295499219571
0,10001.0,250,44,-0.9004995632327443,0.7078629523990992,-1.7537578456028438,-1.3830473142718909,0.1738912550029562,-0.11629625463314908,-2.238201429531089,0.06100147303671075,9050074,0.051596414985455016,-0.8633825954024449
0,10001.0,250,76,-0.3741139810923885,0.1292094882573509,-1.5990756012197809,-1.65572308186309,-0.4148559040813537,-0.18325793601398624,-1.555653643244035,0.0709385055479109,9050075,0.05447215808204355,-1.0390677404407165
0,10001.0,250,58,-0.436498450485298,1.3791948888140104,-0.8475557436914578,-1.2811626441446993,0.07994233458668014,-0.05557707192573058,-0.8094636476602081,0.051494835647575635,9050076,0.04664279236762719,-0.6067911901343516
0,10001.0,250,37,-0.9249090147398926,1.359641034350149,-0.9537675904347024,-0.8631677979527913,0.6405597703731634,0.02016981645563473,-0.0938763555505204,0.03975953441557794,9050077,0.050706050006477515,-0.5949210529589111
0,10001.0,250,55,-0.0837732195976718,0.6400270109984543,-0.10642299380508903,-1.6237311146339946e-05,0.046111078657944594,-0.0017198041211453294,0.10681637608973477,0.033661997217481435,9050078,0.06391464475413174,-2.0321707440107515
0,10001.0,250,47,-1.2560915672665027,0.11032168173846972,-1.30169503413821,-0.6285844029587,0.8568869050378447,0.02293695743965441,-0.6804836118677128,0.04827374012177743,9050079,0.05033845057649955,-0.9488275242911678
0,10001.0,250,39,-0.4524952761126055,0.7100552842475869,-0.7164105344379141,-0.6786271954947929,0.17864948776791353,-0.03153616675999843,0.03274694810055337,0.03718479230013032,9050080,0.05574718227749709,-1.2207292595369208
0,10001.0,250,49,-0.13055682464314194,-1.4466287309395944,-0.5180359059507461,-0.2101168621705869,-0.11825363388811327,-0.05924620288973076,-1.1722396577882868,0.06074956936467495,9050081,0.08517618862546962,-2.7205793402367213
0,10001.0,250,43,-0.2392541132925489,3.215221562568785,-1.7939254441064905,-2.2304998331195773,-0.6685310969261474,-0.2472470856877285,-1.2098475288794042,0.05528774828763544,9050082,0.07455952843632596,-2.4019936208740917
0,10001.0,250,40,-0.1850478988240491,-0.6721351477662793,-0.7514028296207801,-0.33298737340180634,-0.17323079330258506,-0.08814806683907582,-0.8332582737158174,0.04583129150543266,9050083,0.05532099070769883,-0.840098968199687
0,10001.0,250,45,0.9162283039437584,-1.3097288870990782,-1.3471941389385405,-1.2423182841329248,-1.865154137433226,-0.3895974268409088,-2.2989267612740845,0.08018233182469732,9050084,0.07536598004922916,-2.504694135635322
0,10001.0,250,64,-0.6107333936664872,-0.4174263314956763,-1.0820428108675204,-0.7066206614718485,0.16603284605227953,-0.0612640641506436,-0.365515351359918,0.043684723533149485,9050085,0.07165220019864403,-1.8740712485391176
0,10001.0,250,41,0.06534169162942965,0.11798520688042158,-0.04655283576939717,0.2882085569255777,-0.10625475791544033,-0.019995304713711904,-1.0207875399858293,0.05416365924527604,9050086,0.06581163363129937,-1.8436691770655056
0,10001.0,250,49,-0.7158751733825918,-0.011444795801530034,-1.2099905315780348,-0.7069065837129602,0.2341017582381009,-0.06253992530668945,-0.3090990509378822,0.04293145887219625,9050087,0.06985083189902466,-2.131423846949789
0,10001.0,250,56,-1.0905756407721146,2.480334066788535,-0.7406296697605754,-0.7824930451912455,0.9503774229349664,0.08005893580684917,0.3422039441227669,0.03029167360686987,9050088,0.050200803212851405,-0.9157819722306008
0,10001.0,250,33,-1.2467694880816909,-0.2099912691826199,-1.467217658931256,-1.1886898350173312,0.7717931832191067,-0.0014111733270062315,-0.7300595562513646,0.05755850727387729,9050089,0.038789566869629054,0.05307448007835664
0,10001.0,250,86,1.3249875706053822,-0.8680787232409508,0.7640912960366818,0.19803974426598156,-1.2193275099219192,-0.11192948340665164,-0.5265081277288435,0.045992646894586126,9050090,0.05368652027464698,-1.0725630506888066
0,10001.0,250,52,0.7196405903273525,2.19985935610732,1.0981535363137658,1.1746904974798442,-0.2976440069299065,0.043968570658833736,0.2545568116339757,0.032862633329014984,9050091,0.056536998433617175,-1.414351816723883
0,10001.0,250,46,-0.19177287274206234,0.5550457539365068,-1.2328621493948213,-1.4401822344103612,-0.4273835263008557,-0.16380506881086607,-1.2969336030599443,0.06279958543852829,9050092,0.07756833786759944,-2.3069329456372607
0,10001.0,250,47,-0.4940836441304828,1.2286932493171416,-0.5941655710959076,-0.6845404508152853,0.292668585653534,-0.004243859387974506,-1.5821661826678388,0.06527955138526458,9050093,0.06196470469692391,-1.4891048445886503
0,10001.0,250,62,0.2676590183895772,-0.6239052371832595,0.8976676094744833,0.7970508374998645,0.1580357584949655,0.09368259367169514,0.056581069975967214,0.03767867167595111,9050094,0.04832481289923965,-0.5960488017185361
0,10001.0,250,57,-0.07525833115806044,-0.10708012700926102,-0.21059218551940695,-0.12232644025053645,-0.021243220394308527,-0.019824617599744517,-0.1566017009088467,0.040557005286892565,9050095,0.05616012436844151,-1.1927431766797767
0,10001.0,250,46,0.5912601868976499,0.1748386436417104,-0.6199133178969161,-0.6885153119392292,-1.0692449909790838,-0.2104020600496396,-0.3824689846601854,0.04632000487719379,9050096,0.05248952800449108,-0.9430104677850972
0,10001.0,250,47,1.9404339769656216,0.1103216817384693,-0.7180937168494448,-1.0941689053268489,-2.7983872740685105,-0.4761594758888485,-2.2019688168826552,0.07080191734680658,9050097,0.07273261781617787,-2.2908511708811012
0,10001.0,250,63,0.2871554690926285,1.0438995484595637,-0.7765911914783326,-0.8334597050920213,-0.7801729392573065,-0.17380975281942213,-1.2256000478539952,0.058990520285912236,9050098,0.0748360008950759,-2.074941005467835
0,10001.0,250,56,-1.2078239932114352,1.2117326406744584,-1.0119269626946101,-0.6062582699449497,0.9482990604080136,0.058178710011390765,-0.3403291709755132,0.04097513110986359,9050099,0.06598166860992356,-1.8416531405241656
0,10001.0,250,43,1.1859861284762034,0.3847784815137159,0.031627524701778174,-0.6141378818890354,-1.4570330439603143,-0.21783528072942904,-1.181311644139913,0.05653881032816128,9050100,0.05841106360927582,-1.5257409957624828
0,10001.0,250,62,-1.1774075772228518,1.395383464159566,-1.072259156706659,-0.7428986495919494,0.874857363191294,0.04186813891547905,0.04834443781440682,0.037734062802076786,9050101,0.046605777950511726,-0.3672566743105333
0,10001.0,250,58,0.8742559163328537,0.4582695455082641,-0.35569531214124805,-0.4234891278831879,-1.2782892324986812,-0.2143704938913152,-1.0599562271425718,0.06234321450022965,9050102,0.0720462495141858,-2.033133429643458
0,10001.0,250,41,0.14595853939355888,0.9624483246107574,-0.2811711429364039,-0.09941807724838868,-0.332558477331754,-0.07366995097430905,-0.6789330146979867,0.04633804033337652,9050103,0.0513667573519886,-0.9011090660723696
0,10001.0,250,70,2.1026764867170464,0.3928238017719627,-1.3861172999791556,-2.055956644618556,-3.365347328913209,-0.5890396947243178,-1.3437852199292701,0.06158157977532248,9050104,0.08728711371540755,-2.58758326371293
0,10001.0,250,58,0.6664401950867056,-1.3835811411032275,-0.3882223459535356,-0.4655473174466704,-1.0381915276206573,-0.18198416998751307,-0.6825855534665034,0.05052050031551805,9050105,0.08223755235997754,-2.4743385131559235
0,10001.0,250,39,-0.3958934024665069,0.7100552842475863,-1.2918652974923048,-0.9233618623805048,-0.20030343766728287,-0.13704917270189546,-2.054909723340123,0.07175952386395679,9050106,0.06673063220624433,-1.7795353390548987
0,10001.0,250,62,2.044162906573665,-0.33543542270571325,0.3728703476278457,-0.20101134969196244,-2.3314675999116514,-0.3076424743410092,-0.9725935599691689,0.058263777074503836,9050107,0.07087335517183943,-1.6046858855393094
0,10001.0,250,50,1.7970319801798622,-1.1255238311700002,0.6180643776780492,-1.5603521086836525e-05,-1.8965628950789355,-0.23151613890755776,-0.3670516400565429,0.04259284797880387,9050108,0.052794511378848726,-0.9115941445705849
0,10001.0,250,47,0.6078970447123766,0.8559027267909178,-0.1197963683594052,-0.4443812573795497,-0.819846685487326,-0.13218635499334644,-0.5091401354403661,0.045639132211227035,9050109,0.05364684544630133,-0.7436586251344186
0,10001.0,250,63,-0.8447975603747053,0.475524050999203,-0.7261541433181552,-0.26403109560043353,0.650993201920574,0.036722275864812345,-0.7384845627419239,0.052584291766828384,9050110,0.07699345770177485,-2.050168086374629
0,10001.0,250,77,1.9359926426856104,-1.0874914669034843,0.19234556548808213,-0.5089181399712829,-2.2924588333651976,-0.30953166867094617,-0.5745785656615701,0.04517500743009991,9050111,0.04848587899987046,-0.4785647989207799
0,10001.0,250,61,0.87568859289791,-0.8783255172342778,-1.1996454751894727,-1.4257741589944508,-1.7404813512168165,-0.3468430543930792,-0.6990735010072269,0.053411225547350685,9050112,0.09441284198377088,-2.8802504132277615
0,10001.0,250,40,-0.3392467946262988,2.782126802141077,-1.4087807855254382,-1.7953037717836895,-0.3343517855222139,-0.166728582485875,-1.4825248276849663,0.0692308404123406,9050113,0.0777302759424796,-2.2872153640054846
0,10001.0,250,55,2.6529395608177277,-0.32746097099164645,-0.7660451615100827,-1.5141423450225442,-3.7085992165079267,-0.6044137700382943,-1.3860273816312867,0.06010552473824918,9050114,0.0982575463142894,-2.943744466744238
0,10001.0,250,42,-0.9852608428092424,2.5262944716182383,-1.8513537861284768,-2.0035858400276854,0.22893313564441534,-0.11640624283217263,-1.5709533590974658,0.061248866433475865,9050115,0.0832888003627413,-2.9082952943596663
0,10001.0,250,86,-0.037958889784571966,-0.4442949488248586,0.4260105567390498,0.7613998128574605,0.28178140789620504,0.07243523452830486,0.20697650308648224,0.0359757000351637,9050116,0.04264701485844121,-0.27010249053225344
0,10001.0,250,58,-0.21461187311310886,0.15129443107301632,-0.6018277123290734,-0.43980547390244695,-0.06150487265153647,-0.05668779987335396,-0.650393079074179,0.05246534525197564,9050117,0.0648521505376344,-1.7841194688431543
0,10001.0,250,81,0.526667849536812,-0.7350513850614838,-1.8668338679371184,-2.292755216504474,-1.6794444154295531,-0.3814328972004461,-1.6673468159380682,0.06970508763163252,9050118,0.06719782355227362,-1.6195651649133822
0,10001.0,250,65,0.6549129610072681,-0.1806547087779375,0.7931437634287012,1.828806699200599,-0.3783761772367433,0.007941340010133389,-0.3514061099854266,0.04353642859278303,9050119,0.05453611681750042,-1.3619907195712653
0,10001.0,250,47,0.914002791613171,0.8559027267909185,-0.8338653856281913,-1.2073951086808017,-1.5859427687111294,-0.3043276596302669,-0.8284394663799317,0.04686796340507962,9050120,0.05554226832889871,-1.1429898858025958
0,10001.0,250,67,1.633475546211386,-0.8000623429111282,0.306099605929671,-0.4947851935937085,-1.857345890179561,-0.2423568574493989,-1.8391266507855248,0.07153297622467428,9050121,0.07909055577147298,-2.667737522482496
0,10001.0,250,62,1.3506941098083491,-0.33543542270571314,0.4712049574786655,0.17922586828981374,-1.4178173785003425,-0.16779434823323414,-0.8996357742325173,0.05148936760868359,9050122,0.05564192252882498,-1.0827857517111308
0,10001.0,250,54,0.6780545300336709,-0.2793068957810527,0.4327060693235341,0.4715199881351443,-0.6064818062126694,-0.05454205244284222,0.01898616388426916,0.037300636236703086,9050123,0.04788508874206504,-0.6914482726142072
0,10001.0,250,49,0.7888702811020882,0.34735118798298625,-1.1700359330303358,-1.7159445986371569,-1.6129283113991069,-0.33383434537559875,-1.9261111194983769,0.06947773171539201,9050124,0.0855599818629356,-2.2729696135709987
0,10001.0,250,61,0.09134369366657526,0.0003241759764391313,0.1301431978509778,0.6169965070939567,-0.0422905078414124,0.004157263538200245,-0.28892622505137033,0.038718005663205816,9050125,0.057923777220318225,-1.5094846630276928
0,10001.0,250,85,0.17361751428189026,1.0856838450956523,-0.2309886038741617,-0.13365024662380368,-0.3422278985231334,-0.0658969812628971,-0.7775044510982324,0.050653277245604825,9050126,0.0467439651077428,-0.4834390158494406
0,10001.0,250,63,0.4077898949683659,-1.2296024413818796,0.17318480847060996,-0.17269088032667376,-0.4110826189277556,-0.045680473128377135,-0.4366829085432288,0.0421163562438339,9050127,0.057491425805087926,-1.4405974394121492
0,10001.0,250,75,-0.4844368767893661,0.6528469507599999,-1.1891978092845057,-1.4217586148100918,-0.05277094899511172,-0.10012666959708336,-1.2350618632105148,0.05940202015136509,9050128,0.0961307595975299,-2.944155323048605
0,10001.0,250,30,-1.167346851060106,1.7209402324106933,-1.7061538954803763,-1.4754669292590201,0.5509925189489135,-0.0565809044593626,-1.3735150630363775,0.06409509003756962,9050129,0.0575999010705579,-1.6498738799728443
0,10001.0,250,57,0.2622092720046023,3.0127153810069003,-1.4311764695279272,-2.5439151726931306,-1.1042524730102392,-0.2747935269608017,-1.1439368007250976,0.05926763079482617,9050130,0.0648642958932504,-2.2013542603329332
0,10001.0,250,66,1.5784572247581181,-1.58305216439958,-0.12092752066464707,-0.9751091619568418,-2.0229328705368825,-0.3000659861824671,-0.6101524711909301,0.04326855810338128,9050131,0.04787120833564674,-0.9018117875835407
0,10001.0,250,59,-0.17279518512447434,-0.8070051971883655,-0.8426976883929297,-0.6062301241376845,-0.24484723110259804,-0.1023352809686531,-0.7880358285226586,0.056432720127823126,9050132,0.06552014509651509,-1.2674033456712763
0,10001.0,250,41,0.09319114812976496,3.0736061189365955,-1.4535165667798668,-2.2023758847631156,-0.8969145397318502,-0.2555908041670322,-0.8173099006922209,0.05036436066848038,9050133,0.06657598134473378,-2.083230212607711
0,10001.0,250,44,-0.5625709066703233,1.1038295219292722,-0.7204791068458889,-0.9236702725240288,0.3108179451928496,-0.011682143417794898,-1.161500957159704,0.05148081808299115,9050134,0.05685645809042623,-1.5594068212418035
0,10001.0,250,68,0.3111811042869598,0.7549623313661621,0.7512309192928912,4.3706842341258065,0.025544637154678702,0.06255259226703498,0.20579373778461865,0.03129260513636729,9050135,0.04651401304141297,-1.1037703738423943
0,10001.0,250,57,0.36224038564565175,-0.10708012700926102,-0.7505348182127871,-1.1704765695318295,-0.8579168705769071,-0.1847930745906156,-0.7810659330786726,0.05625863669732692,9050136,0.07580321285140562,-2.346498009390309
0,10001.0,250,42,-0.10945615886827964,-1.6046642147136925,0.0687821720607146,1.103830413509561,0.17306262993074314,0.03188428367118936,-0.09950551269445404,0.037805600281309575,9050137,0.04956230451760961,-0.8190621089033504
0,10001.0,250,57,-0.2731220724260711,-0.10708012700926124,-1.5626138301596253,-1.4897425314010408,-0.5116013636856929,-0.19875245839358374,-1.1857881565756594,0.05956982050064055,9050138,0.06262685149198946,-1.5777942622113743
0,10001.0,250,72,1.9350359151225869,0.0496465672131559,-1.0550185082119146,-1.6150554765750122,-2.9763186877417844,-0.5062871511515796,-1.3897617806596838,0.06705855680787666,9050139,0.060761657050036375,-1.249425498623425
0,10001.0,250,58,0.025675054577750003,0.7652446599435138,-0.3260284480698831,-0.24444693904950274,-0.20940273855286692,-0.05635301708350692,-0.8807577346700678,0.053001319795310274,9050140,0.050664195242508495,-0.7699745361609118
0,10001.0,250,48,-1.4759964841980533,0.7795914774652175,-1.029036597554464,-0.5322439942615627,1.2766763089455406,0.10731782934393802,0.33074829541418543,0.03331640819260391,9050141,0.04956384678498943,-1.1040477796272332
0,10001.0,250,59,0.43590098646266995,1.0057695464755911,-0.32093889189128944,-0.6000423952196459,-0.7155978511540004,-0.1294352477884563,-1.22934583674778,0.05977813438979643,9050142,0.0652286565617308,-1.8194438280381093
0,10001.0,250,80,1.091973273556422,0.20123382735276665,0.1982443174254827,-0.9511544835982959,-1.243353231075676,-0.1600217193307812,-0.7538620789898296,0.043548387096774194,9050143,0.07565065013875537,-2.3792438058172003
0,10001.0,250,46,1.495066142176708,-0.5855755769478824,-0.6420844313165165,-1.1566699710779162,-2.2040541083406184,-0.3822645417354946,-1.5208922534452614,0.06367621021721294,9050144,0.07753096754262709,-2.4565095315317333
0,10001.0,250,55,1.7622598209229978,-0.0049649769949459115,-0.5937468198499665,-1.324997042274125,-2.5096423644230392,-0.4150141518829099,-1.1972305708337017,0.06316537497237529,9050145,0.07349559528436328,-2.0824025670861364
0,10001.0,250,39,-1.5569967023959332,-0.1735019019531336,-1.6108968617370214,-1.316919969559586,1.0727388111693328,0.0320734496010947,-2.1518849629372374,0.06807066977587771,9050146,0.05346547480243554,-0.9176428644293242
0,10001.0,250,30,-0.7956741945477108,1.7209402324106935,-1.8639822508378707,-1.9634245825860537,0.004235682591504485,-0.1577022774005809,-2.688154970200209,0.08036114682053275,9050147,0.05511562378546444,-1.0130291394170026
0,10001.0,250,49,0.06789875282645717,1.064943155552018,-0.4682367525387264,-0.7097697863554285,-0.33775044117996866,-0.08786227096049225,-0.985873676331342,0.05438139655395775,9050148,0.060254844261839975,-1.1680086683066702
0,10001.0,250,88,0.07956417652976662,1.1558193047770495,-0.8922790648975302,-1.4665972665841267,-0.5905482826582046,-0.15152724898907996,-1.1511663441431788,0.05259827666290655,9050149,0.0642521699702034,-1.862096712522052
0,10001.0,250,66,-0.5175398157290243,0.04938824319968485,-0.12417928950870055,0.7125354895163473,0.5736713683283207,0.07264463426674456,-0.5681826773968164,0.05010672490268292,9050150,0.09797751801249664,-3.0206313504318367
0,10001.0,250,53,-0.10692468598330317,1.1055212215212311,-0.7195501240136797,-0.7480350423947724,-0.2578828420856856,-0.09543947037357624,-1.0184003232635508,0.05383603379033376,9050151,0.051896736506141884,-0.6382991042425966
0,10001.0,250,64,-0.3173450005491245,-0.9774888166508424,-0.3704890465952023,-0.3176118743863344,0.19104452071578634,-0.0016404704778811,-0.15927587774207824,0.03849547243478922,9050152,0.04480556635142721,-0.4525570264729933
0,10001.0,250,64,0.9731674583657608,0.422667396237074,-0.7741119093908821,-0.9635370714200102,-1.6295871325321971,-0.2957521776055558,-0.3350607994726417,0.043424080345961416,9050153,0.054587525730160784,-0.9063057855008722
0,10001.0,250,66,-0.14828182745553062,-0.22268515806685935,-0.9695255518792608,-0.6526391058913226,-0.3464333988707198,-0.12592432462376216,-1.9385948400612487,0.06944901192860772,9050154,0.04788508874206504,-0.40246713099405496
0,10001.0,250,45,-0.6110035877103879,1.7936801974072951,-0.530299594256608,-0.2679458932661173,0.4731263728418697,0.028118862199935268,-0.3162715125529107,0.04349905826781069,9050155,0.061228786112190715,-1.2116775511373508
0,10001.0,250,70,1.632761583835706,0.9077120894497254,-0.7577798917586108,-1.378127887653488,-2.4386973958028166,-0.4075465972600265,-1.2411119839754496,0.06386150663259096,9050156,0.049455888068402634,-0.6126330138532681
0,10001.0,250,59,-0.5906741680704647,1.3078986704195839,-0.4307343142505025,-1.6692835213947234e-05,0.4979950152149888,0.038269630856290385,-0.09256975254031724,0.04037790948741201,9050157,0.06477522995206632,-1.8803834486166888
0,10001.0,250,72,-0.2269766428335963,1.8045822793714508,0.3132473755486343,3.1227691648164018,0.4530348733556348,0.08898657796176541,-0.16033054813950964,0.034628143912053745,9050158,0.046136157533359236,-0.8751377039310831
0,10001.0,250,61,-0.08663430457589119,-0.5854422861640388,-0.12234331961333242,0.3020833502684109,0.04070482359670018,-0.00377067966125745,-2.106694490738908,0.07112407782831412,9050159,0.05554152092239928,-1.0395813896498178
0,10001.0,250,62,0.6470272425023667,2.260792907592206,-1.5359147200437908,-2.275861682348913,-1.6407134310767508,-0.3584008643859,-2.0608911334665745,0.06696463272444615,9050160,0.07397331260525973,-2.3463383339983253
0,10001.0,250,59,0.5126542690445864,1.3078986704195836,-0.2772187449276348,-0.8338739846385316,-0.7869834888377241,-0.1363486301546521,-0.1721384603545903,0.041276769609455186,9050161,0.05662434684976465,-1.3032234156974938
0,10001.0,250,58,-0.07498568540085318,1.37919488881401,-0.10410886413711123,-7.601861461745269e-06,0.036329221893522,-0.002966112941822465,-0.24840255335687786,0.03980235457960876,9050162,0.051426134646111336,-1.0894121249757818
0,10001.0,250,39,-0.7706895928258075,2.4771696566490267,-2.0238480709791697,-2.100501360361079,-0.12664076690457995,-0.18597928743929745,-1.3026153874615198,0.05230719772758896,9050163,0.056131785205337466,-0.9977842371906318
0,10001.0,250,77,0.7245474573937462,-1.087491466903485,-0.4169922787402617,-0.40398901561207495,-1.126631081753195,-0.19190323725262154,-0.23120753196751095,0.03937311214296915,9050164,0.06674682601373234,-1.92715553187552
0,10001.0,250,56,-0.3681024595507751,0.2602815710889006,-0.865563983701015,-1.8627062389484916,-0.014043754871775631,-0.07089193157728524,-0.8232707265578977,0.04711367463990861,9050165,0.07845359934361099,-3.0354375340435475
0,10001.0,250,69,0.9602526649067143,-0.34190496782024954,-0.6380023056903258,-0.8657865157860727,-1.539558690881914,-0.2701295129666131,-1.4751914498911998,0.0705674310143801,9050166,0.0758008994503359,-2.0179395775172013
0,10001.0,250,53,1.8568103627361636,1.4392698151487258,-1.931006585361173,-2.616904934952565,-3.352976055226617,-0.6477390365232922,-1.4684034862318045,0.0506292030291253,9050167,0.06608692835859567,-2.2678813917828355
0,10001.0,250,57,-0.668849554962093,-0.10708012700926088,-1.308118704220572,-1.4249033692736217,0.11788961549229753,-0.08668573555018386,-1.10703026637236,0.054013473247830034,9050168,0.05801593470656821,-1.7864380683299967
0,10001.0,250,56,-0.2229378327211396,-0.6911694984966577,0.11108589172213447,0.4987634860249693,0.3370498700812533,0.0581171212276702,-0.03400783560026044,0.0378935095219588,9050169,0.04488040137087941,-0.6148311343966566
0,10001.0,250,50,-0.7438150005428643,0.2832237482084377,-0.422179728466512,0.1027356527388136,0.694903857767989,0.06911249550428583,-1.0187500037859274,0.05930949604871096,9050170,0.08745118723742898,-2.6277106656282334
0,10001.0,250,50,-0.3501626514168081,-0.4211500414807813,-0.0006304026051167497,0.39493521908258294,0.4344498560078185,0.06435163053554135,-0.5609916635654785,0.049753374309663985,9050171,0.06271861640108822,-1.6842665913353565
0,10001.0,250,48,-0.6025178678976092,0.4139326065583212,-1.7452580614850322,-1.9998704183583167,-0.19553013347156395,-0.1697914473295258,-2.5013096932414607,0.0725070369454357,9050172,0.07432494956785668,-2.2228588507923326
0,10001.0,250,53,0.09706928325680853,1.105521221521231,-0.3610853694765829,-0.38524754570613146,-0.3164983937225703,-0.07542774744589828,-0.2923817800464898,0.044479626285026254,9050173,0.06156885606943905,-1.2933337002923722
0,10001.0,250,59,-0.7036720563160641,-1.7133925690203435,-0.0586859588280009,1.061455961302407,0.8408957354106347,0.1175797811417993,0.7876528052699158,0.027013669972602482,9050174,0.06241741158181111,-1.7719519126567054
0,10001.0,250,66,0.8081252857750332,1.1376818482658624,-0.5459214707426587,-1.0084225006171477,-1.300400805859795,-0.2296709815699164,-1.4686323091786462,0.06168345839935425,9050175,0.07225676901152997,-2.1209086595589084
0,10001.0,250,41,-0.2747148298483528,-0.30424635198474576,-1.032505918446358,-0.7455306646405708,-0.2132651815273419,-0.11699607213873812,-0.5927042197431881,0.0492150931918417,9050176,0.059755149630781185,-1.438610646628988
0,10001.0,250,46,0.3682948411019357,0.5550457539365071,-0.15423442765890094,-0.20556327401294852,-0.5408215690092413,-0.0935300374796934,-0.2806678013320095,0.042142515471314534,9050177,0.0609354982654633,-1.4759649546689746
0,10001.0,250,56,0.2817884082557468,-0.056868785439619006,-2.1279701514449934,-2.411796579615596,-1.507095055833863,-0.3896009212713989,-1.8073565549847537,0.06671983633458567,9050178,0.08704171524808912,-3.1427729572417515
0,10001.0,250,54,-0.053067858591037874,1.6888461716150636,0.2357537559446927,0.487053044017067,0.19392660415072424,0.04728210847094971,0.46502673312516707,0.03202994305412393,9050179,0.049698795180722885,-0.7756045387265915
0,10001.0,250,59,0.7589043839949021,-0.5048760732443728,-1.0632398151722875,-1.5014870659796555,-1.5207544274620992,-0.305262120574272,-2.02332999622222,0.06399792719264152,9050180,0.06670877056613551,-1.804302051422816
0,10001.0,250,75,1.7104584050983471,0.6528469507600004,-1.9435690354683075,-2.6408624831987697,-3.1861597686750014,-0.6034673186900601,-2.659131534469151,0.0794040216164196,9050181,0.06331778727814483,-1.79882059904808
0,10001.0,250,31,-1.1135719038231668,1.5829631528878734,-1.1350285881270077,-0.909579829426354,0.7851679118193026,0.029182602205959488,-1.416468718435273,0.05579778792589714,9050182,0.04139137193937038,-0.21059952356368836
0,10001.0,250,60,0.1670695615698691,0.6439518181267548,-0.5655468421701999,-0.4271140127617891,-0.515569373948529,-0.11953821974481782,-1.2832806026521475,0.062052511119747814,9050183,0.06662132400570023,-1.8557648681756087
0,10001.0,250,62,-0.460483218214004,0.2415042062493797,-0.7692384150410081,-0.7281793693828492,0.1511862905818329,-0.0388432887450902,-0.34941791079699136,0.04264639201969166,9050184,0.06099235652286565,-1.2522191233564732
0,10001.0,250,56,0.2963048709387103,-0.05686878543961865,0.5219599102377805,1.0855887698364317,-0.0837603474758695,0.029264396812059064,-0.3090841748696988,0.042048377843169935,9050185,0.07673124258821888,-2.4388587828302923
0,10001.0,250,54,-0.13609753048532666,-0.9353579182464252,-0.9572579025786832,-0.6987957407901323,-0.3510829849159873,-0.12791153716851267,0.10845161642135706,0.036192207158806,9050186,0.048818931640540665,-0.6227902680369047
0,10001.0,250,94,3.259449412269464,-1.2475074373534478,-1.474238201144555,-2.6307521460676355,-4.848213766567367,-0.7885386326235377,-1.3787327754895558,0.06785371427812158,9050187,0.0648988917547021,-1.438269945039528
0,10001.0,250,61,-0.07214772332359745,-0.5854422861640384,-0.12800808122310858,0.3026186714217902,0.019647992228619418,-0.007267776886524624,0.06588989673414235,0.037519146795912325,9050188,0.0501869228064331,-0.8170000355132704
0,10001.0,250,64,-0.5373862953871467,3.2229798220129062,-1.7691787504858445,-2.4437695584531958,-0.3003503343772709,-0.18256254791410628,-2.4347097369228714,0.07881033249407167,9050189,0.05864317484993739,-1.3585643374452474
0,10001.0,250,67,-0.10330851986082212,-0.5318002723678148,-1.2262305787371408,-1.0667364223824136,-0.5429128566400098,-0.17409414107272825,-0.1334296435338844,0.04097144975899147,9050190,0.07205704538584445,-1.6203759994589744
0,10001.0,250,58,-0.1301867363568612,-1.0766060266679784,0.7875638465769899,1.7837411215017824,0.5904037406513419,0.1484433147804066,0.539525400776113,0.028264208909370207,9050191,0.03997891206402671,-0.20445950275735067
0,10001.0,250,63,0.8692165739430608,1.8964627946501056,-0.8642899328937025,-1.3562875129370189,-1.549821643621791,-0.29180348862710875,-2.1940548795317847,0.07936382627283325,9050192,0.08124201876630947,-2.2669381057287605
0,10001.0,250,57,1.3878341112181745,0.2048994237923545,-1.55979724369295,-2.2647841926374532,-2.5708207970797217,-0.4990097609639513,-1.3366363941260115,0.06376862287861122,9050193,0.08512112968001037,-2.7987631271570437
0,10001.0,250,68,-0.6038655239483176,1.019518597381122,-1.1076837773733796,-0.9949976355822304,0.14210016489053745,-0.06648945006396739,-0.7560039237794514,0.05426409940838623,9050194,0.0762296497819234,-2.022224826884776
0,10001.0,250,69,0.18130973192598676,-0.3419049678202499,-1.2730810849275316,-1.4564846955569128,-0.9219605794894488,-0.23155083915865146,-1.2424018062076192,0.06325031308027812,9050195,0.07241870708641017,-1.7767914712038355
0,10001.0,250,69,-1.3061841448481486,-0.08095331164316431,-0.8308927395430553,9.155070985480956e-06,1.1638157442191943,0.10135306814417347,-0.0156610470574656,0.03792265837543723,9050196,0.049020127430543285,-0.6470017886322371
0,10001.0,250,53,1.1897266357383265,-0.22947315298874746,1.442711848837222,3.0403472505924984,-0.6935704329517071,0.013185806477004215,-0.8587825761026316,0.045800136027982906,9050197,0.048184674180593336,-1.1644419707033375
0,10001.0,250,68,-0.17778227346748054,2.34229992745592,-0.8306413055824851,-1.466111078667146,-0.2343636271569447,-0.0986826582368517,-0.3723139364739759,0.04268583177663829,9050198,0.0664237595543464,-1.9365925402725568
0,10001.0,250,70,-0.8438910852412429,-0.6369527735835624,-0.8889378608783903,-0.17857547294090306,0.5587680958177056,0.010238563366110473,-0.6831848745691871,0.051040722027896536,9050199,0.05093077022731123,-0.7259431140693737
0,10001.0,250,70,1.645560822435587,-0.8943969174224434,-0.003007425458672132,-0.3064763759185025,-2.0410010309778426,-0.2916967997387093,-0.8255717033118948,0.05563712436364336,9050200,0.04604304314030315,-0.4540400667904682
0,10001.0,250,49,0.17466282931326665,-1.4466287309395949,0.3746254465415132,0.6393639902812731,-0.0141392727943332,0.028033732012808225,0.2516230825458778,0.03628539403054011,9050201,0.07583560046638166,-2.066511258051345
0,10001.0,250,59,-0.1813233276335764,2.818544290139548,0.18542466635893995,1.1390083484822262,0.3259628219706622,0.062066673894379025,1.39092109228145,0.0225032233388238,9050202,0.0624028371550719,-1.942168481330724
0,10001.0,250,59,0.22482945936239934,1.6100277943635768,-0.8353883476594411,-1.383466452727356,-0.7341001452128078,-0.17287146333122752,-1.0413457928340746,0.04751999199142611,9050203,0.1020811356023171,-3.2301948290939064
0,10001.0,250,41,-1.4004191768092862,2.651374560071428,-1.817361470886619,-1.679627883809397,0.7645826566875706,-0.03228917487087641,-1.0900882157159606,0.05545434425875543,9050204,0.048505851362439005,-0.8356667183137008
0,10001.0,250,37,-1.6927860560609196,4.13905328403376,-1.7461419313886808,-1.805224696704054,1.1720766717668776,0.03682605384142645,-1.9468622588396183,0.062312299049570724,9050205,0.05120481927710844,-0.8077321950953096
0,10001.0,250,64,0.29322003377619754,-1.5375513018060092,1.011772157730888,1.241343725306319,0.18925516348750088,0.10692524242617303,0.22150636447705935,0.03282977632831465,9050206,0.039778063868376734,-0.2075255126269333
0,10001.0,250,45,-0.22412287822138366,-0.1459504804091881,0.16788020532523149,1.4415237392039288,0.3690378521986163,0.0690844386136995,-0.10463951318102063,0.037819018007513916,9050207,0.042583236170488405,-0.3279191026533129
0,10001.0,250,45,-1.0087061352270568,2.957458604097185,-1.5199007240148654,-1.7838103260282794,0.4334595163766069,-0.05808509645642178,-1.3206640889646155,0.06553509322650403,9050208,0.09788462606185107,-2.9264235472415985
0,10001.0,250,33,0.2361797785314741,3.381907493818745,-1.6488609891469714,-2.0043625731456887,-1.1714998427405978,-0.3231254878061442,-2.5977821192515247,0.07332232154424148,9050209,0.09496048710972924,-2.811904402913288
0,10001.0,250,39,-0.6100626541003932,1.5936124704483074,-1.4470591010893925,-1.7323966463502507,-0.017147550222794006,-0.12171091559477325,-1.0683550632886434,0.06222838568349645,9050210,0.0955232219199378,-2.7819511400667465
0,10001.0,250,58,0.9554339324446304,-0.4626557977974811,1.6230983291347725,1.8625426774108007,-0.30137162139091456,0.0848377135205869,-0.4253305536854408,0.04249986418096946,9050211,0.049538102783341816,-0.9745320570634264
0,10001.0,250,77,0.2148182721636752,0.3243603229405976,-0.5329644685994758,-0.9613119889298052,-0.5589437386284736,-0.12056837781771892,-0.2944912119746923,0.041835544944755984,9050212,0.06917454765297751,-1.9613033264099509
0,10001.0,250,61,-0.3184196046125916,1.757623562397873,-0.4564701555600647,-1.0314483133939687,0.14589658088454094,-0.014934032538513354,-1.668450232561573,0.0590131788149666,9050213,0.06236235263635188,-1.5207375771901093
0,10001.0,250,66,2.255269516580553,0.8656084469993175,-1.0655139219775074,-1.8274414227662632,-3.3785858620464664,-0.5689914944777605,-1.7885898148299535,0.07122227048611902,9050214,0.09575722243813964,-3.093927915468492
0,10001.0,250,56,0.5017686504514246,1.8460333537314968,-2.036457626080089,-2.7987642508168578,-1.730277937428128,-0.4149560510746693,-1.762377586408276,0.07072130162880262,9050215,0.07990834304961783,-2.3780061196330915
0,10001.0,250,51,1.9457825227721124,0.5672343332080525,-0.28443835648527666,-0.9254089194703417,-2.5699343969887174,-0.4028158243082215,-1.7441475278054668,0.06843740026984411,9050216,0.07493351013160802,-1.8661115873662155
0,10001.0,250,57,-0.7655829395820093,2.0767767286020518,-0.4920904571567591,-0.9502739024680052,0.6820366051686504,0.06044183926732258,-0.6915190570849497,0.0453680077955581,9050217,0.052057693138143984,-1.476217432285886
0,10001.0,250,86,0.8302660371786784,-0.44429494882485815,0.6642553273328746,0.7305753255908088,-0.6618458781999625,-0.04147243366790539,-1.2390394368291051,0.059509630614027385,9050218,0.05729728951648889,-1.4663614933245184
0,10001.0,250,55,-0.4218911335959261,-0.004964976994946271,-0.2607237277038476,1.1080617734361533,0.38182958559886404,0.03518171271241244,-1.3740632769830423,0.05730321666171327,9050219,0.07614096940758426,-2.899251814702968
0,10001.0,250,55,-0.4820261988372261,1.930010986985256,-2.0605984783274867,-2.581340534268074,-0.5219035935423065,-0.2405910237421824,-2.511652052647338,0.0900375696333722,9050220,0.09205948216830456,-2.8840000819969998
0,10001.0,250,45,-1.1805028139162297,0.6299017907174054,-1.2256003275793272,-0.7960992587663888,0.8056758171370023,0.021727844209984488,-0.6440645686935339,0.049192562677075766,9050221,0.054779602280088095,-1.0287666952033885
0,10001.0,250,57,-0.5072608329265508,0.8288585253955866,-0.3096337900646528,-0.3361377980823801,0.460839181364768,0.04265508791618655,-0.5535768426574649,0.04640389515049445,9050222,0.047405502904919926,-0.858665985576557
0,10001.0,250,41,-0.8903343945926131,1.8069114423410924,-1.6887046321949808,-1.7957825247932893,0.1995267986017288,-0.10782896664582356,-1.941615669393166,0.07435386708122814,9050223,0.05913978494623656,-1.2868878405768798
0,10001.0,250,48,1.7391209995198342,0.4139326065583213,-0.08197718488655974,-0.7844340887643365,-2.2043296635212304,-0.33509506504502873,-0.4775292735399712,0.044986397201710035,9050224,0.05788255661943964,-1.273182974585103
0,10001.0,250,66,0.5940906293867415,0.8656084469993176,0.9014828000530656,1.6677591474727225,-0.2434446954460497,0.035851240838263305,-0.3349114622164964,0.03905006080513521,9050225,0.059431273481020876,-1.576507996089877
0,10001.0,250,78,0.8380137512567644,-0.647493279503366,0.18135695198529184,-0.07178737409644886,-0.9383112992019648,-0.11856970479083745,-0.5200596329727707,0.04693289286176965,9050226,0.04847211426350563,-0.8791278833856674
0,10001.0,250,64,0.010734587700358891,0.14263615365949028,-0.1804096871755526,-0.05149126156038192,-0.11188284323651017,-0.030324620940865687,-0.13643576316226594,0.04064525725362621,9050227,0.04918826409202173,-0.8946109445605199
0,10001.0,250,48,1.96164703061248,2.242226961092802,-1.7219146341278593,-2.4465269575146094,-3.3676087863878226,-0.6406121138153581,-0.5631913317723619,0.04648992994309746,9050228,0.12398788703199895,-3.697185317821105
0,10001.0,250,70,1.4508295494516847,0.13537965793308154,0.028828799750511818,-0.3964787781454605,-1.782225564491139,-0.25225179594365865,-1.7355520244746208,0.0632257382671603,9050229,0.06118668221272185,-1.5653718580898626
0,10001.0,250,67,1.6505960901266654,-0.8000623429111281,-0.684052464372558,-0.9831511193752616,-2.4203630706741888,-0.4008077411764052,-1.233530676167376,0.058153529832127675,9050230,0.06810820996596358,-1.9721443908698495
0,10001.0,250,65,-1.1905318313933515,1.4753143374216258,-1.1997651050867453,-1.0221913616510212,0.8201482301500587,0.023634342783934063,-1.5298228225096215,0.05854736148896664,9050231,0.0509813447337738,-0.7737739333180902
0,10001.0,250,57,1.2053597720487872,0.8288585253955867,-0.044173021440395636,-0.6108106080629936,-1.5195343111153203,-0.22523835129346734,-0.4150816050792143,0.04678743022581209,9050232,0.07525137771931398,-2.1556953504423744
0,10001.0,250,47,-0.27134286659841544,2.7198553394220406,-1.2885680168630695,-1.4619548526255235,-0.35924669769670203,-0.1577346206252368,-1.1843948618990638,0.05908220696405695,9050233,0.05216349268039901,-0.7087975195439304
0,10001.0,250,35,0.6781072025723299,0.12802021470403582,-0.39626548883392654,-0.5873909888300936,-1.0554856747485066,-0.1978219520613933,-0.6974886611382595,0.04803819383104264,9050234,0.08270177484130069,-2.7160813200455465
0,10001.0,250,50,-0.9116417073803048,0.9875975378976556,-1.4042295470549018,-1.4458800710713946,0.3713512809255512,-0.05770459081963774,-1.757674273880032,0.06767894715681412,9050235,0.06265615457220587,-1.4339252602736758
0,10001.0,250,67,-0.6102668480188106,0.5412480098054366,-0.4394922635158029,0.13703903013296825,0.5159972852041484,0.03951396982605825,-0.25426814242369444,0.041577924601632336,9050236,0.058175630561950034,-1.4065298709869951
0,10001.0,250,50,-0.9128757272835216,1.6919713275868746,-1.9268466109002984,-1.9845236864869693,0.08980108728260587,-0.1414049580678476,-2.3817208130224947,0.0782862633329015,9050237,0.06497603316491775,-1.897677668597337
0,10001.0,250,75,-0.120338441922234,2.100251981888767,0.010129362479496577,-0.4272887425872688,0.1546458654973145,0.02273070296552615,-0.7308246595385227,0.041295253856215706,9050238,0.053331605993867964,-1.1045985419821394
0,10001.0,250,48,0.5139489432741157,0.41393260655832104,-0.8772514533900594,-1.396900376260446,-1.1127563944367382,-0.23652187585195894,-1.6722665100491243,0.06998153905946365,9050239,0.07626203739689942,-2.509634079210168
0,10001.0,250,58,-0.5144293459526034,1.072219774378762,-0.02615444471554649,0.5435350964104111,0.6239460914849347,0.0887925307763502,-0.28146023147814275,0.04297977323036888,9050240,0.04042563214735777,-0.3720783739635117
0,10001.0,250,67,0.9686277575013784,0.5412480098054371,-1.0706687438379845,-1.5098891472861924,-1.7865525469921046,-0.3402476110438145,-1.3222666925149524,0.06266505226862785,9050241,0.0553126484432353,-0.8581279834180249
0,10001.0,250,62,0.7398296844224311,1.395383464159567,-1.3334529337863767,-1.857068214080561,-1.6452915466316882,-0.34308646337817683,-1.3548890667310136,0.07160425382745401,9050242,0.08158764088612515,-2.827197350257717
0,10001.0,250,40,-0.6656095061300885,-0.2403524040278594,-0.5819775236199024,-6.075476972112264e-06,0.515299516056548,0.03102054199037993,0.4790123603713645,0.031332526134313934,9050243,0.04537504858142246,-0.7531995032633025
0,10001.0,250,45,0.1438196147192079,0.6299017907174054,-1.049678162005803,-1.1832186800993432,-0.7449284948741557,-0.19708670594563604,-2.084620087993005,0.06564687924207349,9050244,0.08741417282031352,-2.8426308914713334
0,10001.0,250,61,-0.5191622305372341,1.171857100257395,-0.020452889861411104,0.6592939677661601,0.632719023503594,0.09001754260719591,0.3758088991810459,0.029765334977283987,9050245,0.04999568165133652,-1.0493402620198962
0,10001.0,250,58,0.512743151248409,0.4582695455082642,0.7462590504563533,0.1856043841123466,-0.2296946523157673,0.02573447146254205,-1.06775610572144,0.046004115718456966,9050246,0.04946236559139785,-1.521211858005316
0,10001.0,250,40,0.07244928639912462,1.0549958271873987,-1.448941782894843,-1.6948300035689432,-0.8678598267282648,-0.2515887997481666,-0.5093142644006734,0.0453804465172518,9050247,0.08258032128514055,-2.787516278797858
0,10001.0,250,53,1.2975855160262022,2.1067670024037155,-1.2575153269788657,-2.1390169302554267,-2.29324529897442,-0.4379688922658166,-1.2524255917064702,0.054667055318046366,9050248,0.07782743878740768,-2.4403174964928924
0,10001.0,250,57,0.16437664437764146,0.20489942379235532,-0.854758540919139,-0.687788734404226,-0.6691514068320696,-0.16552568604322493,-1.2868486028303856,0.05860453699347475,9050249,0.055411160772120736,-0.8241173938751063
