start,end,N,SS,FerL,FulD,FayH,ZngE,TajD,bsfs,btree,Colless,path,iColless,ibtree
0,100001.0,50,420,-0.00368867067126665,0.7282268398730573,-0.013049825770881485,-0.09005944120524419,-0.18062909970102786,-0.2500795755800826,0.10963137397026954,0.13181211711203816,3070000,0.14408615008503406,-0.589979480645776
0,100001.0,50,417,0.059576358799318566,0.3309113201548856,0.002939744847119272,-0.08270617696097833,-0.059022589786012776,-0.21023455993812373,0.5145375877316787,0.10675364673232476,3070001,0.10724740715958517,0.05778212973262256
0,100001.0,50,458,-0.035042395684712666,0.29780592374921083,0.009215919930210354,0.12971661090897554,0.19149572926080144,0.3679823640311856,0.04871672469283013,0.12006955248467102,3070002,0.13191307057174018,-0.6261632904876185
0,100001.0,50,513,0.154655551210978,0.4618761572182709,-0.011162299734772221,-0.3540830944426403,-0.42215031269343023,-0.5534921135477829,-0.4844772710863025,0.14493450889127588,3070003,0.15387821795384835,-0.6373318519789356
0,100001.0,50,454,-0.41167356612787614,-1.0740336635897059,-0.05789554629716949,0.29305345753113465,-0.1313201260358173,-0.35791280635759026,-0.040479578609183414,0.14298124655267522,3070004,0.1528754358886412,-0.5391351165162188
0,100001.0,50,362,0.19972873291613927,1.5345182067799399,-0.012894805120684057,-0.4451529100809621,-0.5239010358170669,-1.4509339999996609,-0.1519091012162677,0.11389522914428925,3070005,0.1200055971755791,-0.5306989815733381
0,100001.0,50,489,-0.7091445400974433,-0.3239398926800621,-0.056164321300976205,0.8271753131104681,0.3969836035519816,-0.08072368995811029,0.06427095459150947,0.12641324135287918,3070006,0.14209631220909416,-0.2149549057732522
0,100001.0,50,401,0.3859390513977658,0.10609167635732317,0.05804435423710042,-0.2475832192833331,0.17569193911758524,0.6653019787374479,0.3403584738732655,0.12200609410430835,3070007,0.14429993308798927,-0.3633197064645624
0,100001.0,50,497,0.08077070492971827,1.1196762002745917,0.011223077862416072,-0.058410828236924665,0.024001297123874804,0.02307203318804328,-0.7276997624975727,0.16145202373186726,3070008,0.14920005039052653,-0.6546511739863548
0,100001.0,50,487,0.17778786610012098,-0.1899779419575403,0.02057100680405844,-0.15925871966856794,-0.006501138794434501,-0.20778805943368428,-0.04808921501699222,0.1116565109456104,3070009,0.1307193247669438,-0.13884796843370673
0,100001.0,50,421,0.8197064922036942,-0.09049001288046447,0.09180535238703404,-0.7580304231446822,-0.07641735147297096,0.9819250968058872,0.4616263536313979,0.12014959044842427,3070010,0.12905377668308698,-0.2274159402499657
0,100001.0,50,425,0.048515418826891935,-0.190333960744065,0.04332080724829041,0.23544121068822746,0.5381262916406472,0.7993784588787902,1.013157487404177,0.09708351425676648,3070011,0.11767804466919513,0.3848757225244649
0,100001.0,50,362,0.06987270556203608,0.7578852921363987,0.02482856470777153,0.060669447492316175,0.2364150798893862,0.3384897110682066,0.3560919858615302,0.11990756754679263,3070012,0.1347962654449535,0.03705284764887679
0,100001.0,50,429,0.25580486824959303,0.056967723517520434,0.028519117051551742,-0.23747090080117494,-0.02559296572811211,-0.0225774634383457,0.6233302498422374,0.11484413352970045,3070013,0.12468530719374366,-0.06029649613393034
0,100001.0,50,535,-0.14533297369041026,-0.5241961104585756,0.002934456022237521,0.2767072380505575,0.2883044974022864,0.2420256342176626,0.2988058664960455,0.1162106764103021,3070014,0.13537298481036245,-0.4547245545982756
0,100001.0,50,448,0.04461372509321201,0.9732459071936904,-0.013846356050139327,-0.18076014507493826,-0.2740662044048094,-0.6981576708226819,-0.7505379590969611,0.14437903366474794,3070015,0.15320885298563874,-0.6973704017112442
0,100001.0,50,470,0.15824289309090495,0.9314132517534915,0.013765124509301266,-0.17548555341905267,-0.07104836561900096,-0.025747459876899983,-0.4141340447132831,0.1290391156462585,3070016,0.1548351128530882,-0.7477902803206649
0,100001.0,50,429,0.09375040135679234,-0.25379758851153744,0.0036996922479241947,-0.1369952281185504,-0.10609597989183008,-1.4167097195831988e-05,0.2874168577120986,0.10824420129497593,3070017,0.13234531908001304,-0.4223996912844076
0,100001.0,50,431,-0.17812069370728026,0.3851285546185914,-0.031520676756291166,0.07904241675033699,-0.14925083786889834,-0.4487622754284961,0.1698270742042787,0.13761868383717116,3070018,0.14236408849253995,-0.5305990964143504
0,100001.0,50,492,0.1206812396671465,0.44133845283957146,-0.029990170337296493,-0.4340574904438816,-0.6345202156712872,-1.09968475625356,-1.0282454197244553,0.15417611489040056,3070019,0.16178160919540238,-1.1728192766736454
0,100001.0,50,427,0.6011386356876198,0.8358389673014002,0.05324067467058575,-0.6600334033906206,-0.2575692467435073,-0.09227043696812212,0.4170298259765873,0.10776775826609712,3070020,0.13397652294000306,-0.51127250096693
0,100001.0,50,436,0.010787126044017888,-0.6084162973050559,0.038144941228807384,0.2634202341674926,0.5281246622285148,0.938979504325103,0.7100025972710108,0.11171065284752636,3070021,0.11357273678702252,-0.09502800711860684
0,100001.0,50,474,-0.41168304915953613,-0.3862325917929458,-0.03838915772791155,0.437410091971044,0.1478162024816233,-0.021142475001983737,0.39221152547429616,0.12002507188442385,3070022,0.13965755793842954,-0.4222410277260605
0,100001.0,50,441,-0.005767618825886557,-0.7396787110882383,0.025353175096564897,0.1978036519025557,0.3729985414715133,0.6531803866280168,0.304168177280121,0.11998159919705592,3070023,0.12426172019195275,0.34193292749211546
0,100001.0,50,439,-0.19552280609809825,-1.1667448763100259,-0.0004538385855683906,0.33946435523882484,0.32522492772508904,0.2707679105551397,0.2304006819920792,0.1279608690322975,3070024,0.13725962826075316,-0.4715813206414896
0,100001.0,50,462,-0.6391543340560412,-0.5672698360189196,-0.054487373762385466,0.7171056105308479,0.3031213139669769,0.08527727808477452,0.18887731027205226,0.14427848434059626,3070025,0.15793650793650793,-0.8003365715164165
0,100001.0,50,359,-0.5566489267926159,0.7092258624053742,-0.07416811133312036,0.4286139807404805,-0.11476287100246335,-0.9236396312727876,-0.17962908579042633,0.1369760479041916,3070026,0.14528061224489802,-0.7770534552970085
0,100001.0,50,589,0.2290544791350169,0.3548807977430897,0.025482777713500875,-0.2123705419730139,-0.02211005979189529,0.2513028254212478,0.16455054246625855,0.13843322138982184,3070027,0.14550717547292882,-0.507465305531045
0,100001.0,50,494,-0.09924998908375184,0.8163453737038568,-0.029540557747479063,-0.04502779229560592,-0.2552780677049533,-0.8244315998933658,-0.08167355005648695,0.1263052721088435,3070028,0.13060301640035865,-0.5103895612257936
0,100001.0,50,518,-0.02114062369807241,-0.2900228182199994,0.0019749410241813657,0.05173682734525136,0.06414524704364928,0.20589658028063929,0.4871659056659484,0.11160159716060332,3070029,0.12670068027210887,0.2558326645911215
0,100001.0,50,352,0.4295092577922524,-0.0939768126857518,0.05358392006072158,-0.3577160422669691,0.03615643780285238,0.5148382828655508,-0.01593469884358819,0.12786618143761008,3070030,0.1401808091657715,-0.41966894546597583
0,100001.0,50,405,-0.26503201512494273,-0.1833952682207413,-0.017386211977247216,0.33610155320178897,0.20103659263621315,0.274733070431246,0.306773405228963,0.12336976210602585,3070031,0.14539098467669898,-0.21184020294613085
0,100001.0,50,471,0.34962289699461924,-0.14742807081869466,0.026848032649602085,-0.4141322917697054,-0.2080503559491924,-0.025136278465271025,0.3682284576115227,0.1131465148873621,3070032,0.11884444043103964,-0.02954229902969715
0,100001.0,50,505,0.3635351648734717,0.7562329967268225,0.016667964079969632,-0.5139252158858888,-0.3771279777109245,-0.328081131856792,0.03974987406815519,0.12503882831671487,3070033,0.1348865495565314,-0.18999907377005407
0,100001.0,50,463,0.18915466887455834,-0.3171031478882973,0.001152299362653994,-0.32315655963065665,-0.3042739027929244,-0.259471835330712,0.7294605879994475,0.10291262969834393,3070034,0.12743572005073214,0.2189206650665701
0,100001.0,50,508,0.12889461898445184,-0.8145662780627981,0.05027990285395925,0.14699793760721347,0.5025277459186259,0.7373590147060026,0.8565297087925696,0.10462654449534904,3070035,0.10908041788143827,0.6634346622320395
0,100001.0,50,396,-0.03513784985862233,0.3733033561375682,-0.02142348527246105,-0.0966976076943724,-0.24700914288535397,-0.5587396042291946,-0.6479152570527409,0.14173235431738831,3070036,0.15584628346751545,-0.9310012756927764
0,100001.0,50,468,-0.3125522924340928,0.09442137219602363,-0.03643593546296487,0.27808865542026423,0.007819935770498198,-0.32679953179085736,0.21188320566202773,0.12294128177586827,3070037,0.13815369897959187,-0.4371352121662699
0,100001.0,50,533,0.041093039152640974,-0.8476762757743831,0.012415344173339185,0.020104407105757883,0.10845621480594726,0.2015577856058073,0.21289451610856755,0.11169467787114848,3070038,0.11652661064425768,0.1870893506494932
0,100001.0,50,470,0.5085648820853322,0.4584082901629732,0.05939263273402585,-0.4516765310304833,-0.011147274700843604,0.4633389294218442,0.22558820742228414,0.1164755506162861,3070039,0.12573525650861844,-0.2159127116330854
0,100001.0,50,381,-0.20344752792968976,1.9160491175576062,-0.05200002629616481,-0.027325023645989814,-0.398559222449062,-2.1234562027477133,-0.8094386013789004,0.120451137444225,3070040,0.12918837747865106,-0.552918476231005
0,100001.0,50,434,-0.4183307339523622,1.1448041596041176,-0.10120613189441302,-0.015557339977333112,-0.7399225171774808,-2.0052624052239127,-1.022529977420013,0.16911426732855306,3070041,0.17905389105997002,-1.3497949243134142
0,100001.0,50,398,0.021758242285218644,0.3177006439238087,-0.02682282058515595,-0.23634881335865174,-0.4209290500196082,-0.7672363602189344,-0.1203378481884325,0.13599835538611058,3070042,0.14776190476190473,-0.719703254529619
0,100001.0,50,413,-0.29582302946015443,-0.2794841298347574,-0.03516926709852023,0.25855947735014445,-0.0014529477611652812,-0.3050615842372285,-0.13891841116751594,0.12793625737587866,3070043,0.1326058201058201,-0.24226971810373615
0,100001.0,50,511,-0.2894512278474928,0.8827999497588114,-0.07371796295591038,-0.039348584313654233,-0.5665648727476067,-1.290376112379412,-0.37522093039958904,0.1416738865357464,3070044,0.1729962661756432,-1.0236224225843888
0,100001.0,50,508,0.23874933928532294,0.14859446577672872,0.03487358232316249,-0.1599830531241975,0.09543895261640774,0.4108809880502514,0.5031577198901162,0.11729402872260004,3070045,0.12308816143907235,-0.2553056360953257
0,100001.0,50,405,0.5711037550145136,1.4253684973219451,0.035923166042197134,-0.7356422641386053,-0.4552733598780384,-0.8610982543031812,-0.06449145921893151,0.1188919229663698,3070046,0.14156346299203448,-1.0048071950274011
0,100001.0,50,501,0.5856507733390554,0.07833119134469317,0.09656797372662312,-0.31077042566880125,0.3919624347819273,1.6617645685043925,0.5621609397971006,0.0983909545553381,3070047,0.10017006802721087,0.2349770525137956
0,100001.0,50,421,0.2970591365157538,0.4724164434192639,0.03611251170348863,-0.2536815003388197,0.013015847757506286,0.08797215589352284,0.21302568903246352,0.11937880415324018,3070048,0.12399566125662866,-0.2293912437978317
0,100001.0,50,452,0.3613103064683076,-0.5724514742790021,0.05027786760184342,-0.26118505891856675,0.10754813682033884,0.4984184168213565,0.19296371855780836,0.1383928571428572,3070049,0.1460860568003425,-0.4828602789886276
0,100001.0,50,431,-0.30915866690015914,0.5226093392026878,-0.0577683195933718,0.11455570452151742,-0.302864571664394,-0.8233606387787648,-0.783790806238499,0.15651986183074273,3070050,0.1618240516545601,-1.1226078473909138
0,100001.0,50,428,-0.035750583445912684,0.030182755742444133,0.0051127835836522134,0.10051131112555918,0.13389877112342088,0.1610088542692973,0.2794138904684247,0.12484665997546555,3070051,0.1290055495882564,-0.03488640075413808
0,100001.0,50,513,-0.5476365824574256,0.7798161225760564,-0.10360009441335476,0.19170585767327933,-0.557584479754929,-1.717700126584519,-0.9036147117078728,0.1457332933173268,3070052,0.17967225649949906,-1.2883711000815363
0,100001.0,50,377,0.122940886471447,-0.148896633776647,0.016779875537293317,-0.09162254803327832,0.031250856960572525,0.18160043687766275,-0.045019753936360346,0.13240618828176426,3070053,0.1318704472939618,0.217881028880208
0,100001.0,50,478,-0.10501282175141312,-0.8447079918580943,0.004400836147486163,0.2167802526085814,0.2411287383257605,0.3568876465904045,0.25420341874466285,0.11621578864103778,3070054,0.1282272751620333,-0.08302804896311235
0,100001.0,50,387,0.14562127246820508,1.6825172017998071,-0.023336106749670783,-0.4276066687137469,-0.5813279913922574,-0.9988635995766704,-0.08328652826973243,0.13060917137939526,3070055,0.14386835815407245,-0.5396363091083304
0,100001.0,50,377,0.18498761372831507,-0.7377972105950801,0.03207258645142022,-0.08748930566873643,0.14467230683052826,0.3375517796829798,-0.09494305809743996,0.12686219739292365,3070056,0.14872776033490315,-0.6521892960573686
0,100001.0,50,447,0.10000996060622357,-0.3431000669209767,0.017903841324219412,-0.0427877540828076,0.08686327285543582,0.3079759526484241,0.3026389164442181,0.1242083040112597,3070057,0.12436224489795915,-0.19282896631680926
0,100001.0,50,396,0.03064586207852138,0.07419577443983963,0.0014327808621709616,-0.043134950594236623,-0.031529599335765525,-0.2611322149801721,-0.033328854274605364,0.11410196262413018,3070058,0.13525835866261401,-0.13761224487795773
0,100001.0,50,384,0.2485103495659715,1.4899841691560605,0.035673762054691555,-0.17217126069206773,0.08843332400987487,0.13696189375981505,0.0740462532895175,0.11508706743566985,3070059,0.11582966519941308,0.3752117189276963
0,100001.0,50,411,0.07629435204056663,-0.1567214582532284,0.029991448051345924,0.08799965463660775,0.299933478066701,0.5475793499211009,0.7920138872935013,0.10035794422481034,3070060,0.14059414088215932,-0.6612291586635736
0,100001.0,50,351,0.1502052275519902,0.37874364682398,-0.013087756978961206,-0.3596984426984562,-0.4425235457576001,-0.7947324555448791,-0.3486408110401391,0.14414315108759554,3070061,0.1558779761904762,-0.8498163748588268
0,100001.0,50,441,0.3599011150612376,0.8393016895853213,0.017872035842761244,-0.4987383351867739,-0.35455284453749875,-0.351436890632344,0.2941379573532713,0.10411255411255398,3070062,0.12353949213273095,-0.10323450529920658
0,100001.0,50,500,0.3864715636543936,-0.3893433092931064,0.03174505206441644,-0.44231725302239977,-0.19988969444055055,0.04457022000002915,0.18310300695974505,0.11264012647312455,3070063,0.14411027568922308,-0.5783451276851487
0,100001.0,50,303,-0.06245118780572428,0.6659167654218475,-0.04345259283583473,-0.20981692994997406,-0.5142303414488818,-0.9064028442778068,-0.6092162369232087,0.1625497760079641,3070064,0.1712316505549588,-0.7777434695321529
0,100001.0,50,459,-0.4153239049134169,1.0002588568037991,-0.08321849814127652,0.11180084894405896,-0.4881273414447703,-2.1935677758109136,-0.5207366286324838,0.13982147263050304,3070065,0.1663469387755102,-0.7739080304647892
0,100001.0,50,432,0.4222870833191771,0.2737474035140725,0.033620745800532245,-0.4915928303044448,-0.23496463050061714,-0.2827178685962076,-0.08061085279913101,0.12825364887739138,3070066,0.1507012225179927,-0.9957128472269972
0,100001.0,50,438,-0.6727848199561599,-0.8236344486246648,-0.06348988005538735,0.7096714107767297,0.23195341893407986,-0.12750269991289928,-0.3729068965983409,0.13146865889212828,3070067,0.15518372703412076,-0.6758100400602419
0,100001.0,50,463,-0.1408489379815629,-0.5411576829042235,0.011566751830185054,0.3326855077713569,0.4046268073548413,0.6950499497706422,0.26515141371628115,0.12008564687136115,3070068,0.12712914623213625,-0.3726074494258692
0,100001.0,50,451,-0.1695001149021748,-0.4678473959984541,-0.029065663138126783,0.08195723153277266,-0.12894855652956574,-0.26980161772479844,-0.012344760961073195,0.11788931788931782,3070069,0.14230898971158715,-0.25454409132583805
0,100001.0,50,413,0.18503005885018609,0.18668207089402186,0.026501649538782632,-0.12841667931254128,0.06540567719736097,-0.001095634249642575,0.3117131505885453,0.11505309440849502,3070070,0.13435374149659862,-0.7093302628384455
0,100001.0,50,398,-0.8868050951099186,-0.6495452960522553,-0.08357417271217997,0.9369959967186968,0.30940996443829977,-1.8108022183610543e-05,0.4610540110031107,0.11554621848739498,3070071,0.142383969716919,-0.2802909227109837
0,100001.0,50,453,0.11332208662107375,-0.5784651513601411,0.05203031073226915,0.18664818478649586,0.5533143493821748,0.9904153253760668,0.7953478949403977,0.10065422565422562,3070072,0.10861766581632656,0.5688097807933269
0,100001.0,50,369,0.2758240527866615,-1.043319743452505,0.06291982479500552,-0.01917221999782246,0.4315091972212959,0.95143000194904,0.2951317283432926,0.11153061224489794,3070073,0.12296691403834267,-0.3003248217844616
0,100001.0,50,459,-0.01911254773464552,1.1939699195428817,-0.041756382200308126,-0.2758164610619229,-0.5659543847466089,-1.5946714656063266,-0.8820508801985554,0.15638711105744085,3070074,0.16010923600209315,-1.1602210824246295
0,100001.0,50,412,0.1401785149252244,-0.4159507617950652,0.04706641598311601,0.102267122307552,0.4360001131439379,0.8580678223775374,0.9060717522818109,0.1028297430083144,3070075,0.11851013990501864,0.031357567421167465
0,100001.0,50,457,-0.30274468610114563,0.53264069184974,-0.0187529922839458,0.39195503516659297,0.2447535834011277,0.3490865045300289,0.2892272789315814,0.12540103377595588,3070076,0.13500934725035052,-0.5261427188965027
0,100001.0,50,488,-0.1362579277745136,1.2313586348909231,-0.048979931453204235,-0.1242354177306618,-0.4711699946289224,-1.3297273809532602,-0.4366469646814045,0.1351942511108489,3070077,0.14806204739960502,-0.5726469273125995
0,100001.0,50,473,-0.2332245272800942,0.6226314290833185,-0.03424429679105507,0.15518589290699528,-0.09535617261700848,-0.7459548895358417,-0.5122858857496497,0.1309109009457441,3070078,0.16625566893424046,-1.0389685819568248
0,100001.0,50,512,-0.10766202403963504,-0.6891817605505668,0.02103617212422279,0.3449278783767937,0.4841040265524851,0.6282946755558415,0.4765842410872077,0.1249106785571371,3070079,0.14146869685374133,-0.42030867193959626
0,100001.0,50,343,0.0737755215656608,1.1541546394062248,-0.01575698791320355,-0.2453678562683785,-0.3507462403230853,-0.5798104240149782,-0.3220968999146437,0.13118828176431854,3070080,0.1634432842904604,-0.2726058545904139
0,100001.0,50,380,-0.35632822619173515,-0.368462516479706,-0.035436479103816775,0.3629501220678955,0.0982003117952953,-0.10156309153947488,0.14801753061732306,0.12242772108843546,3070081,0.1286316609977324,0.07199915595717139
0,100001.0,50,484,-0.14319605388486278,-0.262607136934062,-0.03370941290099476,0.0011941366142643026,-0.24045616921891425,-0.4048683166021847,-0.007247993445657529,0.12845554888622118,3070082,0.13530633772496345,-0.6215434799752543
0,100001.0,50,410,0.2934300707595166,0.031525144730729905,0.02198428528007029,-0.3518742441049908,-0.1833354253275392,-0.013802039010007788,0.2795764088145082,0.10348090849242918,3070083,0.1161020408163265,0.03279693857981756
0,100001.0,50,390,0.512188191362323,-0.2536470865911409,0.09065106536957218,-0.2282155542863171,0.4276479642978113,1.4600308633113863,0.7361523877040766,0.10419439514936413,3070084,0.13621928363182012,0.11099054782114204
0,100001.0,50,442,0.2552481917210938,1.5003587718620264,0.0008862299261685145,-0.4409898646626317,-0.4203370518172193,-0.8527391755701493,-0.4415153464131293,0.14493916123150294,3070085,0.1589017185821697,-0.2332187666139588
0,100001.0,50,401,-0.09616096090080883,1.4723246385092648,-0.03167510393002534,-0.06552280854874007,-0.2901987760069685,-0.8956121766652859,-0.3308426609071133,0.1610108145822432,3070086,0.15755406640268044,-1.3339606536191309
0,100001.0,50,415,0.42444104542883065,0.3126728806164055,0.040232021164714034,-0.4465902664289176,-0.14432700413753755,0.01942631752659782,0.4175550247359551,0.13325248132039702,3070087,0.1416004454879297,-0.1820974454393333
0,100001.0,50,444,-0.1883517899398309,1.3119574311842552,-0.04988422393764014,-0.039079598093759285,-0.3951513471643571,-1.4890990435192746,-1.475875281548917,0.14260035697447304,3070088,0.154132326007326,-1.3888148116438401
0,100001.0,50,440,-0.4574269146326653,-0.026770235848594528,-0.05471277983108718,0.3970168559045485,-0.007749421817911134,-0.32536618286678265,0.18315156262012006,0.12273242630385492,3070089,0.13225422912527834,0.10469819648335214
0,100001.0,50,358,-0.3512156367249863,-0.27151452250622343,-0.042891197852700534,0.2992429676646016,-0.01652374059376776,-0.12874629485551525,-0.05292062181763008,0.12531707598293546,3070090,0.13126566416040106,-0.21899865812648955
0,100001.0,50,349,-0.16846816921674904,0.3997402620149357,-0.05032859010491693,-0.07569490713334245,-0.4332924090926878,-0.8262045268168559,-0.4416503549589788,0.13355255396956464,3070091,0.14799536836010999,-1.0155506011976625
0,100001.0,50,418,-0.32308998935960626,-0.17380743912209906,-0.011181438405673334,0.4837379352965592,0.3882550831322871,0.4131350970732032,0.3420413757679792,0.11736022534013618,3070092,0.13244756235827668,-0.41462467187029056
0,100001.0,50,394,0.02441283451113917,-0.5475353811596035,-0.0321356861314166,-0.28021535482228993,-0.5014613637414471,-0.7689923069104351,-0.22410713711260016,0.11717264545569768,3070093,0.1245748299319728,-0.2787118452583792
0,100001.0,50,542,-0.07327226172310232,-0.06747291194747282,0.012140482266705823,0.21868713374036647,0.2982719891195195,0.4582431138863557,-0.1021763196518788,0.12937663216945547,3070094,0.11947589254679974,-0.011189889179006231
0,100001.0,50,478,0.018799615301358517,0.023536129862024645,0.01170495264267185,0.05379831490849021,0.13590160089163386,0.17118652585355482,0.5619933535304868,0.12180515063168128,3070095,0.12760770975056696,-0.3772738916674872
0,100001.0,50,349,0.17953304438536347,1.3322524317491198,0.011730432924453721,-0.2281664173743289,-0.1374836321332245,-0.4308526654141887,-0.12688244526477008,0.11561131301835799,3070096,0.1384716808071543,-0.5070371461218037
0,100001.0,50,388,0.06803348921999619,0.4487917116024582,-0.023963544563730874,-0.2962478962467728,-0.4585328914009914,-0.6803226130277437,-0.2275095002273191,0.13249757045675412,3070097,0.1381617864537119,-0.7147439221931193
0,100001.0,50,385,0.4226000745623858,0.9777485385698488,0.03758987405081827,-0.4631656328962686,-0.17982082319419831,-0.04656531661001323,-0.11283768995734768,0.13329292112884755,3070098,0.1381195335276968,-0.4488241541972696
0,100001.0,50,406,0.3091137569213677,-0.2639996428875907,0.01885724086252626,-0.4025026950691292,-0.25479943373643626,-0.3827461626027898,-0.3805510982515653,0.13254404325832905,3070099,0.15320523370638578,-0.8195733153975091
0,100001.0,50,403,0.09281706819561067,0.7138683779116989,0.0262047085181096,0.030971775053519324,0.21758129996125966,0.3599202215352279,0.2179166610070028,0.11181520480532638,3070100,0.1086977648202138,0.6591635017270877
0,100001.0,50,469,-0.26929540541020025,0.08719756007602543,0.012880150689103954,0.5676868300302967,0.6412516690464183,0.870408183457621,0.7892461707918244,0.11953097028284995,3070101,0.1188813871413227,-0.11327706229041545
0,100001.0,50,426,0.2646755263563634,0.8802887913525073,0.010749259775434523,-0.3845151115893272,-0.2952045461399856,-0.2455714165271175,-0.04607442924828176,0.13704408316999125,3070102,0.1445866482186095,-0.3702594304225751
0,100001.0,50,400,-0.11177885521868906,0.22563348177226766,-0.021166777023588542,0.039523935578680135,-0.11323017337601599,-0.31323772837538594,0.5180048695359567,0.10974079286887167,3070103,0.12391235563993044,0.19229650677285726
0,100001.0,50,496,-0.5925397371753779,-0.2762266069818155,-0.06640560952076258,0.5466573203537806,0.05231046545853098,-0.18742559048399,-0.4647556098926969,0.16206822534839158,3070104,0.17972434372522014,-0.8708695629036961
0,100001.0,50,391,0.4439277025489172,0.04148942762248111,0.05845098745017145,-0.3463944658297164,0.08272195280984787,0.5487055580623552,0.2924508338835604,0.1134482094724682,3070105,0.1321870094191523,-0.19868543197775151
0,100001.0,50,472,0.055533839760624384,-0.8449134972202471,0.03384476952011417,0.15344918673386276,0.3909182163948313,0.6046962972234166,0.4917398807196029,0.09985548623594513,3070106,0.12201009436032477,-0.08297399831207261
0,100001.0,50,375,0.6590784286133717,-0.1321409320547769,0.07127874536929506,-0.6290935561692298,-0.09982549530614487,0.4942865916158588,0.5807330365124351,0.10105666632135098,3070107,0.11385039090262973,-0.04535883166718738
0,100001.0,50,356,0.27940740201966113,0.28571747242034257,0.023463844585810845,-0.3166662833610903,-0.13934201997905385,0.07258322227841832,-0.036308273354344583,0.1271844944874501,3070108,0.13843697856501094,-0.3738648239490484
0,100001.0,50,570,-0.1932950594913045,1.1532466530837246,-0.04538667888944525,0.0017810776409577394,-0.3238951473507853,-0.939807440009502,-0.8244196780978539,0.14554577017529016,3070109,0.14471529352481732,-0.5286731180465842
0,100001.0,50,377,0.5280462136572127,0.5577840584054718,0.06347326117550622,-0.4570011730587896,0.011188176085016644,0.35578577370573616,-0.06460516406749868,0.11456134177809064,3070110,0.12627146096533848,-0.1505579033865918
0,100001.0,50,405,0.485118598021345,0.3284841117246593,0.05837097546318011,-0.418973170733212,0.01210385356598636,0.5775208496877989,0.6168014452512347,0.1029166666666667,3070111,0.11058257889622017,0.33182746253677026
0,100001.0,50,458,0.034927114961708826,-0.12281267183536812,0.01204705053277098,0.027995790015770232,0.11339405345900555,0.06578470918431244,-0.08542272268359924,0.13083723072562356,3070112,0.13128562235705096,-0.6888977457090887
0,100001.0,50,463,-0.3637119181941682,-1.5974147765507316,-0.013193098398994182,0.540042371512261,0.4277508030970098,0.4100572624381382,0.1535154378872918,0.11747085768980955,3070113,0.128897867871981,0.016573046113464156
0,100001.0,50,505,-0.31112776235902234,-0.4474941901694085,-0.044788885427884687,0.21337998992975168,-0.11490838285116013,-0.5173180038624217,0.1584958538231044,0.110697693711631,3070114,0.12433451641526175,-0.5410463067269208
0,100001.0,50,503,0.2045036689424308,-0.3772113133921791,0.034495618388161245,-0.10275630485949,0.14800322604159244,0.5662155840883812,0.0862848359273031,0.11938005654936862,3070115,0.1310738581146744,-0.15784491383416965
0,100001.0,50,460,0.15852510032410308,-0.10438675681526632,0.015430040008200422,-0.16366997699379995,-0.04774028321851022,0.16624930139498748,0.6475237707010503,0.11065227195850716,3070116,0.12749169435215954,-0.041585729875701034
0,100001.0,50,449,0.3899457136744279,0.10575223308138973,0.036212062663543085,-0.4155900041128123,-0.1426243559446529,0.02145744160182193,-0.13773045340161874,0.13061588271672298,3070117,0.14166527266644358,-0.5133932923298273
0,100001.0,50,431,-0.13810657444838195,-0.027313799133698392,-0.0014730020457824446,0.2312422214839685,0.2132495165854948,0.2574112357024258,0.5337304516641467,0.1246607017191114,3070118,0.13118622448979586,-0.05128387227169565
0,100001.0,50,417,0.297422890009289,0.08229184824298062,0.032596344379215034,-0.28035890876580233,-0.0380312781050543,0.24000326111064985,0.8768049854685781,0.10056658532978408,3070119,0.11572044925352695,0.017641714283218694
0,100001.0,50,400,0.4134548621012784,1.2250908916197316,0.05666988726857855,-0.30599259230654113,0.10926430610113858,0.33565387551104825,0.1759394179938847,0.11926672509494606,3070120,0.14358202297312367,-0.44717439807550496
0,100001.0,50,414,0.3718397123901036,0.929512952011442,0.028321880033415032,-0.4424549408283089,-0.22561444434555825,-0.07463795631272076,0.18954370196068224,0.12621109049680468,3070121,0.1441589910300404,-0.7070893936823309
0,100001.0,50,525,0.20509679055382368,-0.9232909033305968,0.05564076430044222,0.05330257081749972,0.4504884722458038,0.8626407467911021,0.8941859334488459,0.10291499777481083,3070122,0.10984681642441152,0.08354029774728736
0,100001.0,50,398,0.0741247990831747,0.4293059446902772,-0.004429456610392728,-0.16267185133642642,-0.18927592505454036,-0.19777840880693565,0.1924086264462765,0.1288737717309146,3070123,0.15116362334407452,-0.6189594380950207
0,100001.0,50,341,0.5062068371842537,0.6162931237782256,0.049123652207976425,-0.5251788954175874,-0.1584891570135989,0.2464114470197411,0.3552561185481624,0.10739396429712827,3070124,0.12739723548994067,-0.07239553239296005
0,100001.0,50,349,0.31894519206502153,0.7812225132698297,0.021650972320134472,-0.39936249904841903,-0.2326379351673249,-0.5108201650719099,0.2926788467271305,0.1224245093720941,3070125,0.11557388913012015,-0.16628614801745964
0,100001.0,50,399,0.3333313503575571,-0.0624296888439661,-0.006145050103921632,-0.6297426945475832,-0.653964269984515,-1.006163918394977,-0.3480970508011537,0.12580897223754367,3070126,0.1386506730351715,-0.3609627950177981
0,100001.0,50,435,-0.16279032998048446,-0.2616774450229031,-0.03162642299940471,0.05134923612463908,-0.17682935714304587,-0.40817461479149375,0.048449606428838735,0.11223125613881912,3070127,0.1308106575963719,0.06604771065432782
0,100001.0,50,467,-0.06839075068705007,0.3872921248401795,-0.053151423263665926,-0.2739263226438369,-0.6457705600715808,-1.1122625650129456,-0.3638386609017437,0.1445799098860323,3070128,0.17513736263736274,-0.8236429734191567
0,100001.0,50,485,-0.21301229490751888,0.9536792956079274,-0.0682264965695025,-0.13230168281140656,-0.6169115324636725,-1.7084717926710693,-0.6990948606280506,0.1481228641691418,3070129,0.1668667466986794,-0.9582335888367906
0,100001.0,50,445,0.005259680729489389,-0.22994761010099934,0.021125973008300127,0.14719808928320807,0.2937499574690741,0.4001202300720693,0.5621202028224058,0.12357811977249898,3070130,0.1294701366785246,-0.2100952831309152
0,100001.0,50,584,-0.01318101980776855,-0.5284423681796286,0.018550367229309247,0.16102767100963958,0.28852113999119783,0.4014628381269864,0.4059719315801325,0.12406971335542767,3070131,0.13392350988014254,-0.2454095647671316
0,100001.0,50,583,-0.18161342650219744,-0.14196240096981647,-0.013857037729275256,0.21558872297957216,0.10865773701187144,0.14301978492128964,-0.1150787451930968,0.12580466070725818,3070132,0.14171974522293004,-0.1536278095737061
0,100001.0,50,426,-0.1058901377434754,-0.19761813379847,-0.015727530526889442,0.0692908471173614,-0.04556158612147747,-0.2591102268873837,-0.15868254831860054,0.12454981992797112,3070133,0.13771714042759964,-0.38505452702035947
0,100001.0,50,502,-0.15855273848559664,-0.5190635030143891,-0.02581400463153018,0.08657612468410222,-0.10139584126664934,-0.2874378583288507,-0.18916072270861786,0.11864651520985738,3070134,0.12669489564533298,-0.19352181775227528
0,100001.0,50,370,0.03597252133582983,-0.5294392550063115,0.0279880883749062,0.1434751787225097,0.3393106549086677,0.3175104103232531,0.4682350053590934,0.11851204570225875,3070135,0.12039270253555967,0.13920513083073874
0,100001.0,50,411,0.21567627365515946,1.5728315372773252,-0.01543121628504866,-0.4922033876158977,-0.5870801296411121,-1.3904354340004268,-0.4622769435933079,0.14472689660659574,3070136,0.1620860608394301,-0.4023238359260126
0,100001.0,50,490,-0.04324791789220805,-0.3602596414372803,-0.01707534768078392,-0.05077902995379091,-0.17147921696895532,-0.3998280586373597,-0.2561520013357821,0.14008127289377292,3070137,0.13357268833459304,-0.0929745590197039
0,100001.0,50,499,-0.3200116684051137,-0.026991147892603533,-0.03874426559201384,0.27384558421433824,-0.013093951225599554,-0.5875806264752541,-0.0927050645831708,0.13328984561861273,3070138,0.1540678771508603,-0.9152304447616588
0,100001.0,50,452,-0.4462003952920369,-0.14628091911343746,-0.04182849638970598,0.4726147388857509,0.1575111149361384,-0.17023074338671282,0.13561835199613362,0.11459081119885145,3070139,0.1363748397909889,-0.5780570140375015
0,100001.0,50,452,0.11667320154097027,0.3126719864494785,0.009540094640052607,-0.13392854355947678,-0.061207374694515385,-0.07649503779902728,0.2990521377683597,0.12370313422172527,3070140,0.13058794946550048,-0.3407327163166557
0,100001.0,50,457,-0.3819170984458702,-0.1807242927668568,-0.01708310408214447,0.5431546066761765,0.4029644373177657,0.2753345578067429,0.0832244753379007,0.11331070889894412,3070141,0.12779682185374147,-0.14567610182449298
0,100001.0,50,500,-0.4803640799274361,0.11472868882935072,-0.075537152178805,0.28214009957372377,-0.26885013250301765,-0.6995239298061665,-0.4364061368448842,0.14701436130007564,3070142,0.16882348966076502,-0.927531501221941
0,100001.0,50,442,0.4621986804111166,1.0981216740305486,0.05515253307767688,-0.4021042982030541,0.006006908816267452,0.4611193305087008,0.7497093255317075,0.11026360544217692,3070143,0.12117648477830847,0.07501779543406144
0,100001.0,50,645,-0.7695778388590702,0.5210205742350391,-0.07945679762069509,0.7588500184802912,0.16149011103696193,-0.44156192801702,-0.19216005613814896,0.1330439758841924,3070144,0.16661200194363454,-0.41084844087491934
0,100001.0,50,371,-0.26052386494744895,1.3379711088589663,-0.028249395016381018,0.2481581698552563,0.03848118515469103,-0.19326509838446235,0.11895298959348947,0.13606740406086099,3070145,0.12618504848748016,-0.4982578655746224
0,100001.0,50,389,-0.8873455028797674,0.2108458838791947,-0.1345641157141027,0.5615040548346705,-0.4189716634276344,-1.2604993473199184,-0.6587515234634719,0.13377356150793648,3070146,0.14894618561710396,-1.420617908189564
0,100001.0,50,546,-0.051676610650237764,-0.7159238978712809,0.021697579356754502,0.25180132288303764,0.3987895825151708,0.6820599463305917,0.5798242098101123,0.10816888738966657,3070147,0.12280912364945973,0.2001932471119741
0,100001.0,50,445,0.17691619865728458,-0.8625540500632918,0.05134279216025815,0.06994298528746573,0.4354646718821092,1.1913423636724658,0.8985960642600456,0.10477405247813416,3070148,0.12615646258503402,0.24039828723918635
0,100001.0,50,437,0.502818376393752,1.2499903819313098,0.05474878985816819,-0.4763735585472678,-0.06882942403683942,0.10490013549555814,-0.18246645900305505,0.12911856661856666,3070149,0.13341097308488614,-0.4263397188964956
0,100001.0,50,329,0.5000846724719734,0.758469711911888,0.03304178126447716,-0.6330253397406189,-0.3784788635149893,-0.3972780579494878,0.2293881512684663,0.110792693700857,3070150,0.13452183198860942,-0.6015442312317155
0,100001.0,50,540,-0.07599619767138828,0.16420957159614075,0.002288295680791853,0.1502950139516942,0.16156393629172378,0.175893270568745,-0.16667320524060472,0.1370088851867278,3070151,0.1412425089083253,-0.6788852405676804
0,100001.0,50,464,-0.2503944784207035,-0.6748534005215185,0.015027624252463382,0.5504276416607692,0.6399982036473459,0.5885603210076422,0.3981037787021067,0.1142006802721088,3070152,0.11428074879586872,-0.06617198538860522
0,100001.0,50,499,-0.09677452390652032,-0.9777243230174416,0.021056960272851404,0.32591884269963234,0.4659348993328367,0.6616176746223974,0.4150701601449038,0.1074096305188743,3070153,0.1175609316574312,0.09992529655668428
0,100001.0,50,397,0.03460874841884883,1.2591568258531507,0.000697569832841515,-0.0555142111746077,-0.04878200616208981,-0.3653000206048649,-0.7463095888637656,0.13158392011775458,3070154,0.20570916538658493,-1.7314951675270522
0,100001.0,50,412,-0.5797144234871888,-0.1283872647088141,-0.07853419218638706,0.4356182161434104,-0.14047666887203147,-0.4767604036176199,0.256554014413327,0.11784829538751912,3070155,0.14012390670553934,-0.2523918138632084
0,100001.0,50,372,0.31922007312862194,-0.22602423637462615,0.0411568898316805,-0.255773064953995,0.046488877783003486,0.6792081610947481,0.7731931666247858,0.10130739795918367,3070156,0.11522108843537418,0.13548869751309914
0,100001.0,50,467,-0.4846685936247297,-0.7551725641938164,-0.028292955955750886,0.6402569726890883,0.4164107259847197,0.2514691385874828,0.5723544327650256,0.12147251244995608,3070157,0.14246841593780368,-0.2508023399243571
0,100001.0,50,426,0.029992302118726912,-0.232389324932372,-0.01919963656054749,-0.1946350739398401,-0.3258883482752905,-0.41106852888053336,0.33062908131104424,0.10882959741273554,3070158,0.13115978098556494,0.013148393573311623
0,100001.0,50,507,0.3937352528550896,0.09689795003166478,0.0565591907037721,-0.2709168185337732,0.14371216985536284,0.667640167671286,0.7910967430321295,0.1033512438791943,3070159,0.116051182377713,0.41675758392716294
0,100001.0,50,488,0.3230796020455439,0.9579691079536944,0.02730947724901782,-0.3640915552608201,-0.15619550291402978,-0.11225123630886052,0.2380789477103,0.1407572418638816,3070160,0.13225783271054894,-0.10383237202179893
0,100001.0,50,403,0.1454093761483186,-0.05773715093364409,0.010290816136948695,-0.17884774242970725,-0.09954932225377668,-0.04473095830007827,0.161989500943531,0.11240079365079356,3070161,0.133765589569161,-0.5166909655127213
0,100001.0,50,367,-0.13545363831339047,0.7431431916840933,-0.05276225048160114,-0.15186425735751613,-0.5246584727873035,-1.4059202033127414,-0.8044028094437593,0.14317849232716334,3070162,0.17466491547113894,-1.229121459685245
0,100001.0,50,321,0.4382285439728283,0.4446180598923717,0.030183061158631206,-0.5457578190088492,-0.31440589739528946,-0.23501900866431635,0.004190309519674384,0.13776504753948368,3070163,0.14949166479778725,-0.3882726090505538
0,100001.0,50,549,-0.1281818368459878,-0.02759928891950061,-0.013824277073970824,0.1221586896482184,0.018804001402992508,-0.19110406453919795,0.286282482465318,0.13278826174821398,3070164,0.14550939423388412,-0.5418953315832811
0,100001.0,50,527,-0.1382150818375727,-0.28510378944747744,-0.02180146619579776,0.08057986174203029,-0.07850233951459351,-0.5076682899767098,-0.09278869021968768,0.11651868539623644,3070165,0.12917587417132462,-0.4026812189534785
0,100001.0,50,397,-0.4326776998727587,-0.26993299603101073,-0.05008040982851258,0.3884271876173419,0.01780076019850077,-0.14841362106722225,-0.04366567223610263,0.12536443148688042,3070166,0.1464094983787908,-0.6501112232866953
0,100001.0,50,440,0.25199301819421005,0.20892843512410314,0.05940200812072027,-0.0021002150734848713,0.42346232747884494,0.9644607235519465,0.11476120090283598,0.10040816326530624,3070167,0.14446539485359358,-0.6913794848144107
0,100001.0,50,517,-0.2649005481622901,-0.4849740934070719,-0.02346436023328129,0.2904715961784552,0.11238906244850023,0.012433669742865576,0.4244346747597022,0.108312593330015,3070168,0.12069284235433304,-0.14523378626567865
0,100001.0,50,393,-0.3712799884659198,0.7026297332978021,-0.046534560910360616,0.3070493603191377,-0.03558787048104202,-0.7138616160288412,-0.10408117466942893,0.1340295786823016,3070169,0.13741056767534604,-0.4287310373672751
0,100001.0,50,440,0.16380966443572187,1.3200793125668215,-0.0005295527855723064,-0.2911405138066868,-0.28550278277174346,-0.7317347081642163,-0.32857529223262044,0.14922635720955052,3070170,0.15173338566195702,-0.4652515261869578
0,100001.0,50,376,0.1780332255236895,0.05627782391252095,0.01398603310807789,-0.20881387019984496,-0.1023339784101238,-0.10534020357192,0.4511846600857935,0.11736833098019085,3070171,0.14084644274376415,-0.581995054465266
0,100001.0,50,450,0.21754533865998688,0.5921084779453335,0.00030766183103643946,-0.3791785322369998,-0.3646088398215753,-0.3899820389584828,-0.4789222078308617,0.15136490493633362,3070172,0.14333545918367346,-0.4337068043181809
0,100001.0,50,454,-0.08131093636989219,-0.8782011922477504,0.04365223037231344,0.4658950419198386,0.7634077950708795,1.054412749575899,1.0306022165380735,0.10653663379227288,3070173,0.11829176114890405,0.44571200725736737
0,100001.0,50,417,-0.22239237796331984,0.3664283875708718,-0.017436007316385078,0.2609400499269539,0.1277826880598648,-0.043395616489675416,-0.14737578781714625,0.13031691171092094,3070174,0.1383773021403683,0.06152247362870818
0,100001.0,50,504,-0.26732182359969586,-0.6771765391582459,-0.004743022647977461,0.4336526678210935,0.3850589984344835,0.2483669758482055,0.654354251671901,0.103612182200069,3070175,0.12913832199546488,-0.3517805353225656
0,100001.0,50,486,-0.1878131142375764,-0.12258567307286647,-0.04615256361556621,-0.012836494252664076,-0.3432134689456472,-0.7862898045111576,-0.7776883156895991,0.1409448223733938,3070176,0.16170440779051354,-1.0448199285903814
0,100001.0,50,528,0.3831379886974611,0.8326500539513325,0.04189609856614195,-0.3609881397269128,-0.04825646052921728,0.2650130306030287,0.3531190509343252,0.11499533441695255,3070177,0.14293812763200522,-0.5356166520397986
0,100001.0,50,437,-0.2522788285832686,0.4363653206478436,-0.0339002034026512,0.19140820859834815,-0.05759364938101996,-0.5825460316380324,0.0008813704870126799,0.11542884199134207,3070178,0.13099876314162026,-0.30704708225892724
0,100001.0,50,388,0.025121461877933755,-0.2379855187097889,-0.007816659287406581,-0.10176833941399352,-0.15454442120382436,-0.2351490476421827,0.2339328445945505,0.11359058186381345,3070179,0.13615773412168605,-0.5860999326328694
0,100001.0,50,376,0.4510419936786432,0.8435527746630871,0.040637645331370834,-0.4906079757295328,-0.1847889793744485,0.03294778961122037,0.31304209119998416,0.11966882561407804,3070180,0.12323911865631215,0.14220503664318973
0,100001.0,50,580,0.08640731557654349,0.8463821750537975,0.03969670790396651,0.14349996453192074,0.4233291576823341,0.8032098256296977,0.5420004619096443,0.11638941290802035,3070181,0.13716640502354788,-0.229368171068043
0,100001.0,50,393,-0.1191515672229262,0.7403017418222371,-0.0020710672538129023,0.19356569933844728,0.17269989583406348,-0.36901610047008426,0.004879031381121077,0.1249465754888344,3070182,0.14288778574492858,-0.8919610911765681
0,100001.0,50,386,-0.502578976870934,0.08464270645108005,-0.05310179460000165,0.4887908094322396,0.0936277226362782,-0.21706419375459235,-0.49522030563379993,0.12622655122655124,3070183,0.15104591836734696,-0.4067068140493189
0,100001.0,50,473,-0.6378184758259966,-0.6307581638240178,-0.02717699351335141,0.9170750683061076,0.6919771267643754,0.5976739285408205,0.23563072576193336,0.13416956644408914,3070184,0.14798296941154088,-0.6429441555782829
0,100001.0,50,393,0.3197326112763338,0.7779737503466729,0.030954291486448564,-0.3317922277190155,-0.09989168258275276,0.027914587767099357,-0.09769073908201716,0.1236750514159152,3070185,0.13264591550906074,-0.08683066007352963
0,100001.0,50,462,0.010435557094960263,-0.15027287261562844,0.020143152527046862,0.13093683926205166,0.2709660693164753,0.4224076492392739,0.3654920477608579,0.12119650815991423,3070186,0.13332118561710402,-0.33153198734927924
0,100001.0,50,394,-0.1826854184127276,-0.2469192888174389,0.010123298298533756,0.3950310321857311,0.455141987247369,0.6175369986379304,0.7908083304971842,0.1046013911182451,3070187,0.1159171633255072,0.4638301378347077
0,100001.0,50,419,-0.4464018629185701,-0.03985750911571305,-0.08578819213396256,0.14810246601830024,-0.4709080079411209,-1.4147274213972898,0.2250424618692256,0.12219686869722762,3070188,0.13583497915295153,-0.1031766460839862
0,100001.0,50,554,0.1470413149875797,0.18386375837892865,0.04138462224460621,0.049510329641641336,0.34466322489818146,1.0640415590527192,0.4654134450810441,0.1118030181504918,3070189,0.12035462333081386,-0.09556182929877437
0,100001.0,50,372,-0.3938977939039339,-0.3453766013524937,0.010704604701423174,0.7693892648234971,0.8224253958921782,1.2876152662349578,0.5865937837383786,0.1176154672395274,3070190,0.123405612244898,-0.12020995637854427
0,100001.0,50,553,-0.2783850048767634,-0.3999409659331594,-0.03464626690172422,0.2309469565012337,-0.02551929922421291,-0.13050903011819856,-0.056106045786020166,0.12986888303708596,3070191,0.14647495361781082,-0.4550621955882679
0,100001.0,50,493,-0.28148066379626285,0.19320341525025805,-0.041579096650199945,0.1852870503540928,-0.1189613383871732,-0.7324631124570298,-0.10264770384983067,0.12932900432900424,3070192,0.14025610244097636,-0.12464738907607027
0,100001.0,50,508,-0.3171177948298734,-0.1140857370885966,-0.02233185374610748,0.3904868760387546,0.217212967749712,0.14345983561123052,0.22645832716037526,0.10694392435873433,3070193,0.11492405181250585,-0.2767777456039655
0,100001.0,50,507,-0.20595224034410045,0.009166049036208832,0.008783889383995694,0.4263836413633804,0.4749926025394306,0.6797312521909652,0.5224668269652345,0.1195426527418478,3070194,0.12060869123768908,0.26198700648123296
0,100001.0,50,475,-0.09918983787782536,-0.26754512430551003,-0.05671242723868596,-0.24641279860380325,-0.6446873287840402,-1.0082080621425538,-0.7845699034422876,0.15000377928949354,3070195,0.16143578643578638,-0.7383389695124374
0,100001.0,50,509,0.3901657828811071,0.3457370465938404,0.04360077922602207,-0.3607872443347173,-0.0360157419166128,0.23805856628663294,-0.2009542834008732,0.13597127739984882,3070196,0.12642834911742473,0.2678709369181862
0,100001.0,50,385,-0.2642131325915623,-0.06039155471501712,-0.02465930827464413,0.28102492994119804,0.09585519915866587,-0.3401960852637341,-0.011267715806202764,0.1169699838698366,3070197,0.14957162110127062,-0.7775142271960952
0,100001.0,50,458,0.13015603942261847,0.6537139661669331,-0.03830873596589842,-0.5120120578132584,-0.7697069037385098,-1.816072135204733,-0.5873124107973322,0.1410768740993935,3070198,0.14063796250207405,-0.6400381817877359
0,100001.0,50,441,0.16451461638771855,-0.03417682993622221,0.0050001882627776755,-0.25144112919066397,-0.20747387121900465,-0.229293736567338,0.27011874926041296,0.11094870380584668,3070199,0.11733147804576376,0.00800328600366647
0,100001.0,50,448,0.09067427226739216,-0.3166161273009594,0.001582871404751915,-0.1472710343554684,-0.13113518168132066,-0.06785108832817305,0.6675975680649986,0.10562804356715362,3070200,0.1257440476190476,0.08370859601709496
0,100001.0,50,484,-0.4916532243968368,0.931820044320063,-0.09964926611709628,0.12339203217555975,-0.5949466559379564,-1.7566813201795128,-0.965262730735706,0.16309612850375768,3070201,0.17796796137809964,-1.3259233189869115
0,100001.0,50,429,-0.276469971552878,0.8166162640329979,-0.029904533723114867,0.2634512934426351,0.040816383490977465,-0.06739963967275751,0.000603578869909298,0.13144296180010467,3070202,0.13681603076013016,-0.11946208734648885
0,100001.0,50,465,-0.1038524027132665,0.97679189552584,-0.058819231859628215,-0.2537113731445281,-0.6668347777979031,-1.2397757178965092,-1.0384257735563625,0.15528901619127186,3070203,0.16672633965867048,-0.8753504523851824
0,100001.0,50,436,-0.19990325987141014,0.003193907886285425,-0.032095966792320345,0.11293775716690875,-0.1205982166383834,-0.3543058293949098,-0.14485004122161918,0.12239229024943307,3070204,0.13706896551724132,-0.4154011113938148
0,100001.0,50,370,-0.3122784442874848,-0.7694254179662504,-0.05758279891353825,0.12242535704226105,-0.2932406287679173,-0.571294062277781,-0.7510057233502384,0.1420261286332716,3070205,0.1407093765341188,-0.5887542168180239
0,100001.0,50,501,-0.30078364788336304,0.6405870020973401,-0.046285773156148215,0.1841656829804866,-0.15384241111045865,-0.6994551302424867,-0.12825605896595307,0.12178450615218775,3070206,0.13478525738653674,-0.5676311900442326
0,100001.0,50,339,-0.14546923428293346,1.642737276676943,-0.07222258467811844,-0.27704403323820503,-0.785146756601586,-3.130050638413114,-0.4839418693735861,0.12223771496176113,3070207,0.15321677451468396,-0.9636628958486858
0,100001.0,50,455,-0.0697665229271518,-0.981222609626346,0.03160031629917945,0.35639668325710944,0.5711397061482612,0.8234968558486877,0.7532387899171833,0.12198171347747015,3070208,0.11967249020820454,0.1351776541948152
0,100001.0,50,528,-0.06800391193448355,-0.4593278250986397,-0.004424923719134644,0.08642797939023175,0.051754320454207414,0.026880719857095756,0.3545369120617075,0.10944066515495082,3070209,0.1299923195084485,-0.2472963286185793
0,100001.0,50,445,0.4085739915187739,-0.13006238273853216,0.04312460653957242,-0.3970992343231604,-0.07526820087112096,0.2511503567953352,0.7741631575251997,0.11089100444647132,3070210,0.1197724991635999,0.2849488671690735
0,100001.0,50,400,-0.203752150075518,1.669294184885271,-0.06662426704951628,-0.13518419590278594,-0.6078369423671969,-2.632005636457752,-0.9905952633419144,0.15136475382232098,3070211,0.17155117861097924,-1.3159667872770262
0,100001.0,50,332,0.4403890702766051,0.6774286384621212,0.027899532558867717,-0.5662556080449075,-0.3503171206671805,-0.2297575791561691,-0.21315838557295735,0.14126689636893716,3070212,0.1612322201607916,-1.010030957237012
0,100001.0,50,481,-0.2613828057513397,-0.12042311236464905,-0.0030817099732332307,0.4355379181153076,0.3989769010886987,0.242958051892336,0.4342849121530288,0.1177253011296261,3070213,0.13375096874192713,-0.20728981945067312
0,100001.0,50,456,-0.4262748512443181,0.18356461267287288,-0.04002460150248882,0.4510057253936432,0.1494765598953829,0.05531452201593209,0.2103348732938244,0.12647885241052947,3070214,0.1393503137689184,-0.07711371579866534
0,100001.0,50,398,-0.28378487804821,0.2804988770016517,-0.051999444652273207,0.11322485751275625,-0.2625254449045328,-0.7733846134508781,-0.6878223163134093,0.134020776985493,3070215,0.15964550957997886,-1.0523198722447582
0,100001.0,50,389,0.15619867015704486,-0.017495208840441742,0.023988686477712483,-0.09661426392637748,0.07806631513310959,0.2789304656289042,0.3997983490888531,0.11289783770651117,3070216,0.1271410349854227,-0.00456345771608186
0,100001.0,50,435,-0.21373082613268068,0.31727453076281786,-0.03195246859733674,0.13825191710338966,-0.09506715974636848,-0.2988771533562461,-0.19645863893495846,0.12160323588895028,3070217,0.14323129251700678,-0.5680628486019189
0,100001.0,50,445,-0.3601312608293402,0.6357243603737166,-0.07014672934221493,0.11208213292150716,-0.39405835916619003,-1.5349706791728774,-0.10011681935385912,0.12329562259686495,3070218,0.1316944959802102,-0.5040216121138232
0,100001.0,50,436,0.09154523486014267,0.5128690788790708,-0.010301070423210929,-0.23675485605349536,-0.302888568952102,-0.5621603479047862,-0.180991072843365,0.13054868412011258,3070219,0.12568877551020413,-0.3313869736489997
0,100001.0,50,466,0.14609476121703774,0.5542015232452889,0.02097727002991712,-0.10075152311507504,0.052884620445695266,0.27869129514004903,0.3205466994985177,0.11091855220349008,3070220,0.14563363224077513,-0.9024352376493896
0,100001.0,50,515,0.2134743318180148,-0.733176958133422,0.020887292891575728,-0.21940616787022926,-0.06221893953816636,0.04453840155471492,0.15251926869622973,0.1201839826839826,3070221,0.13829070589274667,-0.4020973659838406
0,100001.0,50,440,-0.3930431836320714,-0.666523771345917,-0.026224374902907133,0.495020691838656,0.2911412310283997,0.14420210396026908,-0.038367128866133526,0.139100185528757,3070222,0.1379357052555535,-0.1408969355688835
0,100001.0,50,339,0.3960221392630293,0.2030163976332948,0.04875622334851455,-0.33484079923583354,0.023554344213358367,0.186703310658879,-0.2616622841916787,0.12120444204171728,3070223,0.13129613547546673,-0.44631565672974977
0,100001.0,50,483,0.14579966359767313,0.296082519834171,0.03743543326329251,0.021857635707747416,0.28944358584628843,0.6791137664946058,0.08579523457148411,0.13513070202700364,3070224,0.13661553056596792,-0.3326142516239963
0,100001.0,50,457,0.25545749649963523,-0.8616635962645157,0.04180631613182242,-0.1382697065525341,0.1657937411335468,0.556730547614411,0.8941805123935358,0.1060777403745003,3070225,0.118708715370206,-0.003235069848069276
0,100001.0,50,470,-0.8385891651193943,0.08000432089055931,-0.14281675893549048,0.4121689844867135,-0.6248824743874362,-1.7366117962130891,-1.121549232446959,0.16138491479065842,3070226,0.1604684842687074,-0.7387991379497286
0,100001.0,50,442,-0.6040858498123585,-0.4437872009901155,-0.04420453752423305,0.7319402218180757,0.3915525352411329,0.15191364999018514,-0.3816167966840268,0.12872674580036106,3070227,0.1268933354591837,-0.11092296536067173
0,100001.0,50,450,-0.18142775860312804,1.1189440756255362,-0.03863031966282047,0.03204678094977735,-0.2457482779367872,-1.050297347607635,-0.2874029174034599,0.13361398371007593,3070228,0.1366678814382896,-0.6877265522995113
0,100001.0,50,409,0.13447408538301125,0.5103461823740603,-0.0037569634530260103,-0.26352302905866964,-0.28207983507570883,-0.5222989654725602,-0.28746998697137,0.13512759601194985,3070229,0.13739410858683096,-0.8382819686536316
0,100001.0,50,431,-0.2118185346368812,-0.3366455644479149,-0.012669384617181909,0.2776269238789801,0.17795342944125134,0.0569647905845843,0.12246922555461626,0.11856592347921832,3070230,0.12455211092070415,-0.02163260245164289
0,100001.0,50,397,-0.3392849550179459,0.06572086730941487,-0.01399393140273538,0.4913587331779528,0.3758011029667608,0.3142995717222953,0.08625572764419992,0.12360265743724393,3070231,0.13333333333333328,-0.5177337939136304
0,100001.0,50,396,0.006507194009782434,1.3827914443674048,-0.02891999942631985,-0.22509044750793264,-0.4250391963591146,-1.2244397935699067,-1.0204951983429094,0.1651873767258384,3070232,0.1677794574619971,-1.077417676878876
0,100001.0,50,364,-0.446682366560586,0.6543744443332975,-0.10256304831882172,0.0263050857018378,-0.7080946903747048,-1.4964625066626582,-0.43602736337062176,0.12204710651383835,3070233,0.13919344333478073,-0.435500310050016
0,100001.0,50,433,0.3214704535072773,-0.6240069581914239,0.03875266992923028,-0.27684272484006633,0.009634173543288984,0.27267711151571056,0.34619234187008946,0.10733772675736954,3070234,0.12162328699595785,-0.16903796038216026
0,100001.0,50,549,-0.4985895231587039,0.16152058489959364,-0.0663971172454017,0.38138543264308267,-0.10796696474419744,-0.6305650560261152,-0.3376228707399461,0.13061082173455155,3070235,0.13352439741328634,-0.5347286027660874
0,100001.0,50,405,0.16626503180071653,-0.8780887124323555,0.07520683252891736,0.2644465028691817,0.7944883542370527,1.9758744026539612,1.0552769894075635,0.10729291716686684,3070236,0.10923005565862703,0.8249102801448265
0,100001.0,50,437,-0.6170886114172438,0.8431778512895768,-0.0799401878733592,0.4902655733380351,-0.09816420515794368,-0.9609008276194384,-0.7440463202692471,0.13959004654493384,3070237,0.15921606737933272,-0.8316355446523757
0,100001.0,50,456,0.1758646059884104,0.08607543449600426,0.028561496391322737,-0.0968191913155206,0.11098491430772674,0.2668735843000426,0.5629451652509734,0.12365398420674804,3070238,0.1299901539563194,0.3923503255140302
0,100001.0,50,434,-0.47564376333928204,-0.596030257402792,-0.024525388462457904,0.6524468260085449,0.4557430263802065,0.3722078123141804,-0.05773557158090713,0.12952268819615764,3070239,0.13971938775510198,-0.36880215892035606
0,100001.0,50,421,-0.22714502668119674,-0.09049001288046436,-0.04702166672719911,0.0504112325294212,-0.2879093486255831,-0.505870277148012,0.0042157742610926426,0.1232496245251348,3070240,0.1321727765180146,-0.6612991395130081
0,100001.0,50,360,0.15471432258941795,0.6570336467384366,0.020266080944628173,-0.12168886294144304,0.026931690906899026,0.375108220327279,0.7153324955332404,0.1212478741496598,3070241,0.12468574386276245,0.14457072972050314
0,100001.0,50,414,0.5523068012971956,0.3929201239181089,0.06294929384155062,-0.5027763852429239,-0.036091317579532066,0.5079838047333647,0.4061683894429001,0.11247348401726273,3070242,0.1315690398296723,-0.5645859830270661
0,100001.0,50,337,-0.6009278378262951,0.4431443759647118,-0.09389205064656042,0.3615266267347903,-0.3202374980674825,-0.9745453273954272,-0.2162610904913519,0.11549460548550633,3070243,0.12472000995520162,-0.3192219620446141
0,100001.0,50,430,0.18276719123105148,0.9104205320349564,0.013162229483415337,-0.22304637235608565,-0.12160672065393867,-0.2526014917096006,-0.3179396254579828,0.1248680506685434,3070244,0.1507936507936507,-0.8740159493580544
0,100001.0,50,556,-0.03049641792361218,-1.5627591090545787,0.03642045287308683,0.3240704610403931,0.5741595232553481,0.8307770780236854,0.8471137138728866,0.0968710493046776,3070245,0.10099471443253558,0.8843087692328764
0,100001.0,50,374,0.6269433521560029,0.19288620974970666,0.06318835252952369,-0.63250151971292,-0.16104015463980145,0.2809321898984556,0.105477017020878,0.13622267088653647,3070246,0.14099702380952375,-0.41313108364236334
0,100001.0,50,396,-0.13187225905143873,0.5602455946986489,-0.03435262686205142,-0.02265511111477289,-0.26782458887697125,-0.8668735262546692,-0.3543930959956614,0.11692897497982238,3070247,0.12899187452758884,-0.5043613182371436
0,100001.0,50,543,-0.5299490350700885,-0.6197052064788312,-0.02146315852741297,0.770166552118117,0.5898368168113652,0.6062948235709849,0.9076230156011276,0.10018876660611896,3070248,0.12775408670931054,0.02670741186254293
0,100001.0,50,374,0.2345938698345797,0.746905664777095,0.014376998317421997,-0.3050713656211657,-0.1928599309198005,-0.3529532728092326,-0.4271932386355865,0.13482734866098342,3070249,0.1468942717273826,-0.4920352462665524
