start,end,N,SS,FerL,FulD,bsfs,TajD,ZngE,FayH,btree,Colless,path,iColless,ibtree
0,2501.0,250,17,-0.716512088280633,-1.6187954659433672,0.7303764725768427,1.5458599919264433,1.2062925682535557,0.01407631407260306,0.9682100121688269,0.03381516138997678,8060000,0.0576445567215097,-0.6569756612752934
0,2501.0,250,13,-1.000359520506098,3.2274499563188983,2.575142121067917,2.017576928332554,1.609618043454036,0.003767119336223008,0.7250579288710429,0.039784946236559135,8060001,0.05696981474284234,0.20875624103157425
0,2501.0,250,9,-0.21030185729929055,0.7828117394489834,1.13792160092062,1.4636342235281203,0.7418026930891023,0.1144780953361935,1.1531503301642576,0.03074124454808481,8060002,0.029375566783262082,1.2294089279199902
0,2501.0,250,15,-0.7252833719474242,-0.4602920395039865,3.8159693698261017,2.113148800235956,1.4380072542051645,0.06634592290737581,0.8495268492396281,0.026233968130586864,8060003,0.04181241093405881,2.6520402303045953
0,2501.0,250,11,-0.4942263321951897,-2.3105962099881507,3.477243326175645,2.295787798856792,1.3071798241412809,0.1359117581567332,1.934106325860594,0.027250129550459905,8060004,0.04278403938333981,-0.3450158270073252
0,2501.0,250,10,0.061708662523395526,0.4973207385797265,2.2161413932376344,0.6648351832865501,0.2138609259064721,0.08425178101227995,0.37091225706817205,0.03804195275726562,8060005,0.07839422204948829,-2.093668368237286
0,2501.0,250,10,-0.9919630313091496,-2.2591619954937,3.3378474636462205,3.0076019625897272,1.978214473408632,0.10819941342394282,1.5153647692988297,0.026630716414043267,8060006,0.028209612644124887,-0.15381639823306986
0,2501.0,250,11,-0.472518993305233,-1.029123745469293,3.645785934896397,1.5980903728732876,1.0121731722669436,0.06791309109254719,1.1995711570812078,0.03142678239841085,8060007,0.048710972923953884,-0.6141197310387916
0,2501.0,250,18,-1.4287830988809629,-0.8215446257946853,5.054439428970599,3.0189917898792054,2.384677171953876,0.022723632919459082,1.0816717505762423,0.034503605821133994,8060008,0.03501101178909185,0.3635775997331673
0,2501.0,250,19,0.19679537426443208,-0.09454019612673516,0.4589721433259125,0.3510025333426737,-0.012307478305678942,0.06696691764249098,0.4628952936630599,0.037691986584330164,8060009,0.039296972837586916,0.2984418633157969
0,2501.0,250,5,0.8818250240999446,0.40820632868312895,-0.7903561147794036,-1.483686388848499,-1.2592030430043135,0.04945504621884169,1.4191733064791263,0.02535950252623397,8060010,0.04586086280606296,0.23342391632162535
0,2501.0,250,8,-0.7197057371189219,1.120547557355928,1.665120936054676,2.4999261585107098,1.5452437067595162,0.1184353376114264,1.3078856913846122,0.03190180075139267,8060011,0.04673532841041586,0.13482659067180935
0,2501.0,250,10,-1.3770884814282836,1.8755621056164389,-0.7557008554374007,-0.16897316824120276,1.0281779478305462,-0.3137404669666985,0.6227157805841398,0.029096223604093793,8060012,0.05904262210130848,-3.4033728118941053
0,2501.0,250,8,-0.15892798169049402,1.120547557355928,0.4724044955211975,0.6495848567645756,0.3792286623756253,0.03733001335193251,0.5931286287079096,0.04039140432698536,8060013,0.05551237206892085,0.42460498329589824
0,2501.0,250,22,-1.2700663967069168,0.2876268263757852,1.4961893792635361,1.4170564744231031,1.607739594474712,-0.09090575798527192,1.5856293142027866,0.024906075916569504,8060014,0.06332858314980351,-0.4337459201522584
0,2501.0,250,16,-0.7727209014254734,0.3592984541263132,4.3654449039762415,2.198728408192489,1.5149381935933441,0.0652464477631822,0.5464487017964018,0.031729066804853816,8060015,0.0330029796605778,2.0826824936897186
0,2501.0,250,9,0.033638253665378794,-0.7089587510095278,1.2860364704774072,1.1663824779273593,0.4312746226675173,0.1361263999759464,0.8444758278474614,0.030398475622921795,8060016,0.0775359502526234,0.8670107229576502
0,2501.0,250,17,0.6998212747611159,-0.7127076431669839,1.0018857579732343,0.6579958149993134,-0.28910263008652193,0.1890823767260261,1.2059768448519352,0.025553828216090167,8060017,0.0392537893509522,1.0094933401410684
0,2501.0,250,13,-0.022068074811422447,-2.3970717900180207,3.4189800837764794,0.8996478895682584,0.37985490521584253,0.0851340213350246,0.21247476567026036,0.029224424580040587,8060018,0.04689726648529602,0.038852841490997575
0,2501.0,250,12,-0.1126818694042774,1.2374296820739528,4.72985831489979e-06,0.364939751939748,0.2358797055436685,0.014299377306685087,0.43025745347471217,0.04037116206762534,8060019,0.08284751910869284,-3.442352318308098
0,2501.0,250,13,-0.4668356574810784,-1.2721674407506367,3.5250575343424875,1.5735423954779657,1.0056515317749228,0.06461616143887867,0.27550751695045445,0.031772250291488544,8060020,0.036031221660836894,1.3984382660321408
0,2501.0,250,11,-0.7835270811394232,0.2523487190495646,3.5849951022014714,1.6453967780695018,1.2784986218757204,0.008215293277324284,1.2516788168839403,0.0363928833614026,8060021,0.030573908537375308,-1.1354765648408305
0,2501.0,250,15,0.7354674300850572,-0.4602920395039864,-0.6692882414790233,-0.976598500680688,-0.983946951722206,0.04483804244319473,0.7261210494437009,0.02376441248866433,8060022,0.02979660577795052,-0.6853034950302687
0,2501.0,250,15,-0.6889391756244293,-1.4636660782230697,3.2942302967530086,3.0709720753659613,1.7985146461564647,0.1652821730426086,0.7828601676948348,0.03188560694390465,8060023,0.06542298225158699,-1.1319868543655631
0,2501.0,250,9,-0.44744348197080985,-2.2007292414680384,3.1340463993066674,1.7386951342025432,1.038215851218797,0.0918995901064512,1.1055315831624997,0.034087964762274915,8060024,0.045731312346158834,-0.13333440086952295
0,2501.0,250,10,-0.2375910954178767,-0.8809206284569866,1.7399231268218125,1.2807817669164514,0.6954462614529673,0.08576505952170571,1.1455272930390048,0.03200706050006477,8060025,0.0485328410415857,1.220558167236688
0,2501.0,250,14,-1.1580049672601505,-1.373242665914419,4.242095049437272,2.6472762542128403,1.9948453065612912,0.03573478515359008,0.6311273999043174,0.02892214017359761,8060026,0.032225676901153,2.040844105349735
0,2501.0,250,7,0.210920471262663,-0.26412781878448416,0.8167057989658538,0.22138392896874928,-0.08174537585878884,0.07857971813749826,2.3104918926868665,0.02552144060111413,8060027,0.0587835211815002,1.7903427334174842
0,2501.0,250,17,-0.06288300821048534,-1.618795465943367,1.9197781551753128,1.661635454454368,0.7317060681815547,0.14400984474587222,0.3008258532742364,0.040516906335017484,8060028,0.04680010364036792,0.3325957292286101
0,2501.0,250,11,0.19276769375574584,2.8152936480872786,1.749454741305179e-05,0.20043107157138668,-0.07361519921499242,0.06087874622383831,0.3932814021088609,0.0328641755963948,8060029,0.057358466122554734,-1.8145899847810716
0,2501.0,250,8,-0.1596720931024103,2.7476664446803647,9.120471661981978e-07,0.5565842302408757,0.34358628110624906,0.026499996641359,-0.9379574149410008,0.0456989247311828,8060030,0.0386708122813836,1.7543494238493809
0,2501.0,250,10,0.3487633383884833,0.4973207385797264,0.7721189923857414,0.17925141361828986,-0.20643173057046915,0.094031343379444,0.3323728791695811,0.04458694995033899,8060031,0.08783521181500195,-0.2365406318989157
0,2501.0,250,18,-0.8683971924587811,0.9071258047630172,4.1372342046542885,2.2669576705228502,1.6272531903487537,0.053768306826604516,0.2405365384169396,0.0387679751263117,8060032,0.029084078248477783,1.0685231675652471
0,2501.0,250,7,0.1113802140595179,-0.2641278187844843,1.690525703800356e-05,0.1321566099009861,-0.037276483666442685,0.043326677804876736,0.6591323184194071,0.035666860992356525,8060033,0.03786112190698277,-0.6220164552311052
0,2501.0,250,22,-0.7395093905110345,-1.172994251653622,3.6855632381612033,1.8720663369957342,1.3728425560129958,0.040359814906800566,0.9303987337596638,0.03708381914755797,8060034,0.032193289286176964,1.4201760782461943
0,2501.0,250,15,-0.2695514671504506,-1.4636660782230697,1.701726545429613,1.6291759667166117,0.8775821267172346,0.1057791031705227,1.198299011283658,0.03096660836895972,8060035,0.03520533747894805,1.366874060397056
0,2501.0,250,20,-1.0624462045414105,-1.0119084632668651,4.7253597999591985,2.50073738454498,1.8865082835057818,0.04087246532414654,-0.2927215559135161,0.043690892602668736,8060036,0.04080839486980178,-1.3668970064583177
0,2501.0,250,17,-0.2132145575567813,0.19338017960939966,4.367585601601526,1.3906970009096358,0.7406605304470643,0.09126724689334023,0.8274300077475065,0.030654877574815387,8060037,0.03756963337219847,0.7076057521898835
0,2501.0,250,10,0.29145811615425304,1.8755621056164395,0.8282822795244965,0.5732623914140386,-0.005041499341934643,0.1238050980523961,0.5754560766466416,0.028735011731513868,8060038,0.056224899598393566,-2.415646569620736
0,2501.0,250,21,-1.4648810713611684,-1.0956646725615409,3.7198835599388502,3.3560654748768077,2.56787228744313,0.04829984602795481,1.694860409385602,0.03740121777432311,8060039,0.06192511983417541,-0.193169144662463
0,2501.0,250,11,-1.731215125751718,0.2523487190495646,1.5411505242151966,2.4579223712351133,2.3560923641389246,-0.10423153345605148,0.7141477158117909,0.03981517467720344,8060040,0.03622014941486376,2.8759501177611195
0,2501.0,250,12,-0.4021923846301035,1.2374296820739528,3.2659861515461985,1.2420865537786827,0.8176979178121143,0.04489848196951513,1.2573515734900762,0.030169063350174895,8060041,0.04216867469879519,1.059473527544037
0,2501.0,250,13,0.0984286202060034,0.9776412577841306,-7.123906620505881e-06,0.14421814793333956,-0.020363867583569343,0.033717155891003665,-0.03432989664880537,0.029611533692373182,8060042,0.03593945675173813,0.7399323463407596
0,2501.0,250,8,0.4508071728391667,1.1205475573559285,-0.9624938603751452,-1.0487351847618172,-0.7664193069971935,-0.014927213297980697,1.5714583127595054,0.02488178520533748,8060043,0.0769529731830548,-0.93411466105111
0,2501.0,250,18,0.11030737203172322,-2.5502150563523878,1.5487816540986918,2.3754820728139263,0.8898366346728229,0.2394918870937392,0.5976837387525167,0.03235522736105713,8060044,0.04352895452778857,0.24228015949044476
0,2501.0,250,13,-0.7515679963741803,-1.2721674407506365,1.0219973934429307,2.3744020091459483,1.5550427562541156,0.08822535972161984,1.7059477717749196,0.025026372772194768,8060045,0.03898389255948525,0.3058613743067679
0,2501.0,250,14,-0.1279578168797283,-1.373242665914419,2.4942706437150486,1.294768414793457,0.6260754723596553,0.10185212608977792,1.1009674910363922,0.03102733514703977,8060046,0.06830547998445395,-0.9450828571316257
0,2501.0,250,8,0.6989554992060542,2.7476664446803656,-0.666592145118147,-0.8698958686642461,-0.8937135258163956,0.06349456699783125,0.19592944393097733,0.03531689481942105,8060047,0.06438657857235393,-0.25277659361623606
0,2501.0,250,8,0.6413510123180733,4.374785332004801,-1.0499841149124671,-0.9219113961465852,-0.8682546820525551,0.04408679368906019,-0.6895178449357432,0.03607517628116151,8060048,0.059690374400829124,0.038302733903983865
0,2501.0,250,11,-0.3956577136683085,0.2523487190495646,3.653768226542055,1.1547523649073743,0.7745289249237273,0.03780746427001934,-0.3985829454704796,0.028166429157490173,8060049,0.02574815390594637,1.7615313406448074
0,2501.0,250,12,-0.6870386820492969,-2.356251271886407,4.167548345519812,1.6955350035731784,1.2261265966230759,0.03342772465464417,3.4313505413244934,0.026428293820443063,8060050,0.03439564710454722,2.163308849829614
0,2501.0,250,12,-0.0118496089372305,-1.1583576205662869,1.7915860742184144,1.2966989583159758,0.528715362049641,0.1292413664768151,0.1859766344792688,0.032933577628486296,8060051,0.03658181111542946,-0.12199874907728415
0,2501.0,250,8,0.6383489076562053,-0.5065713299685086,-0.8932907452675011,-1.071789302972583,-0.924264138333004,0.02621247407382166,1.5998802142762971,0.029809560823940918,8060052,0.06182795698924731,-0.2005632345070083
0,2501.0,250,14,0.43633098839021545,-1.373242665914419,1.0322946845959804,0.6942785134484392,-0.06692890213537928,0.1517929528822951,1.1705477218984812,0.03040313747659258,8060053,0.03943192123332038,0.031990839930507484
0,2501.0,250,9,0.543477349440537,0.782811739448983,0.4399760196585494,0.14900698552694813,-0.3732753779702255,0.13769082824092854,1.018520635324804,0.039917735457960866,8060054,0.06082394092499027,0.36124448181266333
0,2501.0,250,19,-0.5613125369488081,0.7317926280143299,3.781480139436081,1.6916395974599874,1.1477077793783503,0.055412184646275335,0.7861429979116001,0.026150685692077062,8060055,0.03640367923306128,0.9975737527550588
0,2501.0,250,14,0.1618050986041543,-1.373242665914419,1.44533529260041,0.3663823368245325,0.01926567180678914,0.06692949514422397,0.9255490227726398,0.03161840912035238,8060056,0.0416288811158613,0.4745827736598582
0,2501.0,250,23,-0.3064082240105078,-0.5414743867334508,2.3264317563165484,1.973290146176056,1.0707914611180784,0.12263877213180008,1.121779687124616,0.033265024909020245,8060057,0.05031955780109686,0.6584003229126076
0,2501.0,250,15,-0.30262600024185593,-0.4602920395039866,3.6776286311653297,1.588460740663529,0.8874141464977247,0.09562639187359806,1.1564710926097463,0.02940795439823812,8060058,0.03523772509392408,0.4025558800991546
0,2501.0,250,18,0.7605118268089416,-0.8215446257946853,0.9491155882977588,0.8258435822691635,-0.26773586551613754,0.212895374603468,0.8907572243862252,0.037317009975385416,8060059,0.03533488793885218,0.14611829390452208
0,2501.0,250,10,1.112561344654949,-0.8809206284569866,-0.6226896568208607,-1.617178273749177,-1.5242243305658787,0.06618701880600977,-0.05132002696467197,0.038055447596838966,8060060,0.037796346677030704,0.28310838917257924
0,2501.0,250,14,-0.4374026111878115,-0.3126827056713455,4.056190375823454,1.4177081846426784,0.9225848067207147,0.05430781991113777,0.3051427497854121,0.03403938333981086,8060061,0.050233190827827436,0.4923578534144656
0,2501.0,250,4,0.8125462996299918,0.902972379422686,-0.9114135260340946,-1.5112902254997238,-1.2071507081087216,0.03141551452571212,0.97435038782487,0.028991542205689117,8060062,0.03403938333981086,-0.4123359925376403
0,2501.0,250,6,0.4789558545073574,0.032958223794150095,-3.1178367348751664e-06,-0.2417393724408665,-0.4718616975583605,0.0955098288960952,1.415289697995137,0.030055706697758783,8060063,0.0640627024225936,-0.9955204809347714
0,2501.0,250,10,-0.029314582478170256,-0.8809206284569866,3.0240556937512113,0.7585777366686135,0.3233121385306756,0.07471812640289753,0.55113567456629,0.03458997279440342,8060064,0.04469490866692576,2.1328297397608496
0,2501.0,250,14,-0.4997516209955825,-0.3126827056713457,3.61674973900077,1.8996879641651927,1.1673773967164736,0.08939021889761682,0.2735417626648716,0.035132465345251974,8060065,0.02707604611996373,0.40804638063248105
0,2501.0,250,10,-0.1460172621934609,1.87556210561644,2.257402614443269,0.712127128025352,0.397738963115134,0.0446984639721638,2.495241308442545,0.02671978235522736,8060066,0.03423370902966706,0.5829192464090036
0,2501.0,250,14,-0.6084862186825329,-1.3732426659144188,0.7450450245264898,1.2680542297707882,0.9984360317898232,0.0067635137324976455,0.08358105106715545,0.044448762793107915,8060067,0.03366152783175713,-0.5101838848278505
0,2501.0,250,14,-0.5958780555341654,-0.3126827056713457,3.064594398808996,2.0851198454067283,1.3190798468546898,0.0890041127987144,0.7345239548717891,0.03928617696592823,8060068,0.036031221660836894,1.2551477080844131
0,2501.0,250,19,-0.01450286895645904,-0.0945401961267354,2.7394258518953007,0.6191458754735896,0.2674125129089097,0.0540905331008714,1.2942598291124017,0.031395744267392146,8060069,0.038962300816167895,0.24966478102266804
0,2501.0,250,10,-0.17284192041071395,0.4973207385797266,3.1743623518663977,0.6803334797833485,0.4064950601250701,0.03554312899013785,1.9056196110631127,0.028393142462322413,8060070,0.06192511983417541,-0.22245023772337671
0,2501.0,250,10,0.09802546170258307,-0.8809206284569866,1.9449542366157453,0.6160819705923357,0.16570239235182255,0.08684327045967158,0.4463073479891831,0.04125719467732682,8060071,0.07975450187848168,-0.14538607408850712
0,2501.0,250,14,0.3242411319230409,-0.3126827056713456,1.1066489891590945,0.09010859681968643,-0.22207913523128256,0.07120329023897151,0.4978564547162326,0.03308394869801788,8060072,0.035739733126052595,1.5474881003918868
0,2501.0,250,13,0.5060865811303715,-2.3970717900180207,0.938150380216604,-0.16941783416922612,-0.4715195751029065,0.08276159885228875,-0.3698939906756787,0.037836831195750736,8060073,0.04537504858142246,0.3380921839105769
0,2501.0,250,13,-1.1328364871105854,-1.2721674407506367,2.3101491104646943,1.6650526866376447,1.573234518654089,-0.05736948912797635,0.6920829622374549,0.04495400958673403,8060074,0.03403938333981086,1.2788576583797422
0,2501.0,250,18,0.2903450611842859,-1.6858798410735367,1.1936195149892066,1.1559432675388728,0.24388259753034144,0.15902433887578096,0.8688141984715751,0.02829238099350808,8060075,0.06555253271149113,-0.07414443119633253
0,2501.0,250,13,0.21910794131469544,-0.14726309148325312,1.244568400728248,0.3107582038827085,-0.04947068742352684,0.0740339597794362,-0.037025956788800635,0.02993425314159865,8060076,0.030865397072159607,0.2482212577815843
0,2501.0,250,23,0.016599013260297595,-0.5414743867334507,1.214183385099057,1.1966334820825582,0.4872621935407826,0.108637525632718,0.6246727335905184,0.028992313339379024,8060077,0.05170142937340761,-0.5352252474277618
0,2501.0,250,10,0.33398555048718875,-2.2591619954937,1.0777078111850975,0.4705751069109659,-0.07946832392639296,0.12197024785971736,1.1179771751463177,0.02980020440183673,8060078,0.040387355875113364,0.28161403392916745
0,2501.0,250,22,-1.3029572140618884,0.28762682637578485,5.344087755191115,2.6679112482343115,2.155832684218716,0.014927946458483013,1.210652397660523,0.049547652977501404,8060079,0.03493004275165177,3.780223164607819
0,2501.0,250,14,-1.314041795688919,-1.3732426659144188,3.899462599044814,3.021342992961385,2.27066794317623,0.042245332821289616,0.6661032141378644,0.03319730535043399,8060080,0.034849073714211684,0.4617964553329138
0,2501.0,250,12,0.2682357026710426,1.2374296820739528,1.139753658817371,0.6605933753756088,0.05093086985568578,0.12120871080945325,0.5740764190219426,0.033326855810338125,8060081,0.06051625858271796,-3.320185468632116
0,2501.0,250,19,-0.5891792078567062,1.558125452155395,3.93749239659066,1.8434724463358991,1.2327207178847452,0.06437220468202877,2.227241218247728,0.03103381267003498,8060082,0.03894610700867989,0.5318592678589763
0,2501.0,250,8,0.09915038317334164,1.1205475573559285,0.6999313775952787,0.4696477255141111,0.10427314972614866,0.0769602072441638,0.6934088322655539,0.03867728980437881,8060083,0.04255732607850758,0.6477627689559042
0,2501.0,250,20,-0.019445481356315318,-1.0119084632668656,2.105137991616968,1.5310186442743523,0.65026936587016,0.13535949998280966,1.2530779777906291,0.03364533402426912,8060084,0.046843287127002635,-0.016422561047650237
0,2501.0,250,13,0.620812291663786,0.9776412577841306,-0.7186760168968194,-0.7013485076637596,-0.7771411834224575,0.05243772602750122,0.28934197008264945,0.038204430625728716,8060085,0.06526104417670682,0.37280859757521
0,2501.0,250,11,0.06886698145785262,-2.3105962099881507,1.6135462239176857,1.661371438832018,0.6065390259397297,0.18696638283643796,0.7053043910302323,0.026906011141339555,8060086,0.05272703718098199,-0.41383632477832205
0,2501.0,250,6,-0.4087107280609191,0.032958223794150095,1.75091453826732,1.577771264989672,0.927321212264252,0.09315640395409693,-0.2324701264553317,0.0414075657468584,8060087,0.054605518849591916,-3.4151587105585164
0,2501.0,250,14,-0.6403784722430133,-0.3126827056713455,3.9742628548071712,1.6141119633042391,1.1639296137587871,0.03443001281936805,0.9867396364103098,0.039361748067538976,8060088,0.03659800492291748,0.8879895355193034
0,2501.0,250,14,-0.18292179834133612,0.7478772545717273,0.658788845813753,0.2664767367142453,0.2537149129294877,-0.009173348349785209,-0.25582120714533474,0.03521343438269205,8060089,0.08679880813576889,-1.331705032642061
0,2501.0,250,13,-0.29429052645279097,-1.2721674407506367,2.877456484026752,1.4632385216156667,0.8237339077751906,0.0876070920443008,-0.04700474503251185,0.036149976249082345,8060090,0.031529343179168286,1.1112965908273145
0,2501.0,250,11,-1.1225240433108536,1.533821183568422,2.8418363395602566,1.7705590685799382,1.598089161406253,-0.049206183692306726,0.8046256240248845,0.035453642527097644,8060091,0.035172949863972014,1.0167252312396644
0,2501.0,250,12,1.130845046486157,1.2374296820739528,-1.2463943285020669,-1.5785152106534115,-1.5326935357226668,0.06804315715115515,1.1351757024050186,0.035998834045860864,8060092,0.04109988340458609,-1.4220750806357425
0,2501.0,250,19,-1.3713120037374646,0.7317926280143296,5.047327620017173,2.905320081174326,2.2967536256422,0.02305115783601631,-0.09341289690936347,0.05268655266226195,8060093,0.033391631040290186,0.7212841664355822
0,2501.0,250,10,0.3321135505294988,-2.2591619954937,1.105143285896403,0.6771452587897212,0.0037145976680016814,0.14362904652587374,1.0135428306438103,0.0346628449280995,8060094,0.044532970592045605,-0.7151009044808568
0,2501.0,250,17,-0.7886509027526646,-1.6187954659433672,4.332855254701618,2.0603723189866776,1.4749264362188386,0.04907098961532823,1.9737895966100585,0.025785939456751738,8060095,0.03873558751133567,2.384749521488455
0,2501.0,250,15,0.5627667756768304,-1.4636660782230702,1.163754426997414,0.9492026784049126,-0.06301443228297589,0.19740143430064494,0.4786169811642283,0.02948712412373508,8060096,0.035950252623396815,0.46927508590807604
0,2501.0,250,17,-0.3217217382970377,0.19338017960939935,2.2288619303128767,1.623325042413446,0.922734596512423,0.09326102822096133,-0.7867395686873104,0.0379906723668869,8060097,0.03653322969296542,1.1979840150956504
0,2501.0,250,12,0.5072913804616305,1.2374296820739523,4.72985831489979e-06,-0.3265094798551844,-0.5347404431562598,0.06926212046254472,0.9612664455567864,0.034515481279958536,8060098,0.04827374012177743,-1.4837091731393257
0,2501.0,250,19,0.4799761821758589,-1.7472058444088658,2.7036257997573703,-0.09000034350253881,-0.4209180537073819,0.07675296989412184,0.7059797259952425,0.031148788703199894,8060099,0.03614457831325301,-0.06246615436886596
0,2501.0,250,18,-0.015292665561279626,0.04279058948416604,2.420342822056156,1.1805750855614383,0.4982627272014958,0.10643741441162577,1.0140672423216877,0.03055366627801528,8060100,0.0640627024225936,-2.389659951823673
0,2501.0,250,21,-1.6558324595820613,-1.0956646725615415,0.2694920656040188,0.9994351452216886,1.7405756660622365,-0.19640943380243714,1.3893828346508568,0.028772347454333463,8060101,0.0454074361963985,0.19393149085229425
0,2501.0,250,8,-0.08287466358983703,-0.5065713299685085,1.1914833961975726,0.8829489921225284,0.40977927489223387,0.08182413067833726,2.022260786789349,0.02691410804508356,8060102,0.03530250032387615,0.7176469625057841
0,2501.0,250,9,0.05462591518360538,0.7828117394489831,1.1085547122109732e-08,0.2502796295860269,0.05487696155044468,0.03978721614454592,-0.05175824610196373,0.032168998574944936,8060103,0.029343179168286045,1.6156997403555586
0,2501.0,250,22,-0.01261009989651561,-1.9033047906683256,2.610820619815727,0.850218177185602,0.3647427659481328,0.07360272088577538,0.7853711159701735,0.02926544889234357,8060104,0.05567431014380101,-0.843500036604473
0,2501.0,250,13,-0.5606506805645154,3.2274499563188983,3.755340892539535,1.1077868179997723,0.8928626048950886,-0.0001725398169262182,1.6316501552320262,0.04461933756531503,8060105,0.021634926803990158,1.3402152684892632
0,2501.0,250,18,-0.6973012988974733,-1.6858798410735365,0.8631588816896848,1.8145597591298293,1.3042761717775126,0.04264276683936482,0.40146298011818987,0.04089746081098588,8060106,0.03888133177872781,0.01324585089436911
0,2501.0,250,11,0.2599904206407733,1.533821183568422,1.2079002348930026,0.3965735557791889,-0.04903131155879789,0.09522894123965037,0.2986812757383073,0.0324469922701559,8060107,0.07894481150408084,-2.4134291707243185
0,2501.0,250,18,0.2009843327635209,-1.6858798410735367,1.5051362583078598,0.9408383493846564,0.2267333753053198,0.12308976927710642,0.6682250389928273,0.0331784125750313,8060108,0.037602020987174516,-0.05874741658915297
0,2501.0,250,8,-0.1879226677410147,1.1205475573559278,2.4173431132915355,0.8780349623905287,0.4912475749365229,0.056737786660703525,1.601375768409416,0.0255862158310662,8060109,0.03491384894416375,2.0651507963591738
0,2501.0,250,19,-0.9598978593882164,-1.7472058444088658,0.7994236474760279,1.4911958120056883,1.3835501249122193,-0.03350775388641832,1.2565704376797862,0.03551481913316348,8060110,0.04236300038865138,0.17452819102109882
0,2501.0,250,20,-0.1021647283070171,-0.22031949447871887,1.8544532780111416,1.161610458839884,0.5632845379768223,0.0874152591333709,0.8251200330654829,0.03331297540391983,8060111,0.033683119575074486,0.7961076415337848
0,2501.0,250,14,-0.25628781764912106,-0.3126827056713456,2.899243522966516,1.3145314598357376,0.7364045270056311,0.07908518025794517,-0.0202328779240752,0.03945171366469462,8060112,0.033618344345122425,1.4001827303235743
0,2501.0,250,13,0.3407003928797186,0.9776412577841304,0.91307877405265,0.2803270565065431,-0.1586212618233662,0.0949400342636662,1.2531695983414386,0.02591009198082653,8060113,0.07190050524679363,-2.871130899237784
0,2501.0,250,15,0.4825696589261354,1.5464560379341799,0.8810793211504713,0.5097812640505407,-0.17772132972202573,0.14003055776564213,-0.09336478316147677,0.03799607030271624,8060114,0.030671071382303405,0.4177034503554905
0,2501.0,250,13,-0.6044626798592718,-2.3970717900180207,3.6865568763603673,1.7890903324749352,1.2021225656946344,0.058965482434544185,0.17305590733692489,0.035172949863972014,8060115,0.04537504858142246,-0.7050145027863336
0,2501.0,250,8,0.1228336532836338,2.7476664446803647,9.120471661981978e-07,0.29572243914853985,0.017713080929091442,0.06256011865333486,1.3333129593021598,0.02882497732866952,8060116,0.04858142246404975,0.04792659016776011
0,2501.0,250,9,0.9063080621659052,0.7828117394489834,1.1085547122109732e-08,-0.6146357204802957,-0.9613967234656512,0.13443512617596573,0.3193106747208305,0.034534913848944165,8060117,0.05978753724575722,-1.6056483597360027
0,2501.0,250,16,-0.5897604618695006,-0.5928903682049144,3.996060044946754,1.9368267693819623,1.2619057429182654,0.07431554163997008,1.1170668303463294,0.02521051949734421,8060118,0.035140562248995984,1.3325427384517676
0,2501.0,250,15,-0.6871318240893799,-0.4602920395039865,2.08163924487044,1.188658497187414,1.0316171032782444,-0.01533443696495214,0.06221908884750226,0.04400937081659973,8060119,0.05726130327762662,-1.0861005608587888
0,2501.0,250,22,-0.14051747549144375,-0.4426837126389184,2.4061228459764807,1.8894060795927408,0.9006016349389218,0.14432857141764696,2.5117369894746786,0.027221790387355872,8060120,0.027594247959580254,2.22508174136285
0,2501.0,250,16,-1.101983952712961,0.3592984541263132,-0.11195746562899088,0.5915254533332641,1.1213321592098886,-0.1480628152492974,0.7506377458790633,0.03240149538245146,8060121,0.04098112881634063,0.056524907512779624
0,2501.0,250,11,-0.00041526524595610515,-1.029123745469293,1.2728683218821848,0.9258782948588492,0.3688947785965136,0.09613604653902158,-0.009978027136249882,0.03656561730794145,8060122,0.046897266485296026,0.5979666505391926
0,2501.0,250,11,0.6833247193913049,-1.029123745469293,0.7095846538849397,0.2856155383694436,-0.4300815702298169,0.17164828391309372,1.3636011948933628,0.028015286954268682,8060123,0.08160059593211555,-0.5712758923428339
0,2501.0,250,7,-0.29202420294939696,-0.2641278187844843,2.1373716500906985,0.9014112322897057,0.5797293955023609,0.036248420294954314,-0.3083360925092642,0.04545061968303321,8060124,0.02989376862287861,1.7787997593744014
0,2501.0,250,13,-0.8393198332275802,-1.2721674407506367,3.672055587811663,1.7037963802091989,1.3549333698544102,0.004255982150847389,0.203997535462213,0.040039189014121,8060125,0.028533488793885217,0.4634613240010856
0,2501.0,250,14,-0.1277329799511565,1.808437214814801,1.2583593821168482,1.5081752270344966,0.7122700463018241,0.12274179744074015,0.9306559716264964,0.03985527362907853,8060126,0.044014768752429066,0.7742966742144132
0,2501.0,250,15,-1.2824898502031752,-0.4602920395039865,4.597383012053262,2.784869437819556,2.155744698180935,0.025821853029907315,3.4814366212988865,0.0386708122813836,8060127,0.04143995336183444,0.6508076649683258
0,2501.0,250,12,-0.3605240819841243,0.039536030753832926,3.356442513850525,1.1228937300633932,0.7367828021986219,0.041210336565823666,0.8051178227008758,0.032333635617739775,8060128,0.045115947661614204,0.08682801734253769
0,2501.0,250,15,0.002126329504485347,-1.4636660782230702,2.9194062773103524,1.7511926972082332,0.7104377904489044,0.1687531854518136,0.6155129252962278,0.0346452222552449,8060129,0.06443515999481797,-2.0040951820355453
0,2501.0,250,12,0.5890603440841397,-2.356251271886407,0.928871009138188,0.05739378671246857,-0.4461191260557679,0.12474057886553065,0.02978724944879735,0.03577212074102863,8060130,0.06305868635833657,-0.4696049549270608
0,2501.0,250,7,0.11833401230920243,1.5276143141084952,0.8285129051552137,0.6357440855169794,0.1517163081510288,0.10551027600728123,0.9018602123330784,0.035367275553828216,8060131,0.08265319341883663,-3.772916988148877
0,2501.0,250,14,-0.5953937913803189,-0.3126827056713457,3.107719091315696,2.375704755959433,1.4363044674160392,0.11748276609362088,1.3626972479254154,0.030217644772638944,8060132,0.02591009198082653,0.946574218245454
0,2501.0,250,21,0.7957337024503112,1.1834217993038445,0.7359977682443725,0.2366398529192844,-0.5382966222814536,0.15879221215473452,0.6088272247496523,0.03898389255948525,8060133,0.04809560823940925,0.1910218548852276
0,2501.0,250,8,-0.012697259741895976,-2.133690217292945,1.5345039222798058,1.2219647667184794,0.4861558061837551,0.13705242385946972,0.6074030481534265,0.03538670812281384,8060134,0.06607073455110768,-3.2778616408421755
0,2501.0,250,10,-2.9116439290980387,-0.8809206284569866,-0.3764197484907248,1.6165191498842384,2.9545192900165267,-0.4525648542251454,-0.2830810161796181,0.04238999006779807,8060135,0.04229822515869932,-3.2420356569762183
0,2501.0,250,8,0.2415835710197475,2.7476664446803647,-0.7331999963465184,-0.3249090606206394,-0.3183436567536021,0.01916817116915661,1.5765210428037026,0.03471142635056354,8060136,0.032808653970721594,1.171451782558896
0,2501.0,250,17,0.1964340563276013,0.1933801796093992,2.809057787882079,0.4345378189308311,0.021318728451138715,0.07645007418533707,-0.16858940512428802,0.03980437880554477,8060137,0.035043399404067886,-0.4004914554218904
0,2501.0,250,19,-0.3284179667909245,-1.7472058444088658,2.143395814829703,1.6909493274703429,0.9612277852352912,0.09658746110125052,0.8908522241464519,0.029271926415338774,8060138,0.03556160124368441,-0.31575399118193703
0,2501.0,250,19,-0.10777595060682384,-1.7472058444088658,4.350788023284713,1.1554856574269328,0.5635866212537685,0.08665563845858247,0.8610513022283653,0.031098587899987037,8060139,0.05331001425055059,-1.4698653530829304
0,2501.0,250,15,0.0732702581114326,2.549830076653264,2.4865611169065627,0.4562357450686165,0.12707128347316424,0.05768078835725327,0.85936902339278,0.033242648011400436,8060140,0.05871874595154813,-0.8930194971268643
0,2501.0,250,13,-1.0601513027866456,0.9776412577841306,0.40693060987638413,1.5920468461390065,1.4859140591342173,-0.050324113270154715,0.18755899099209086,0.03821738567171914,8060141,0.0519497344215572,-0.534642144335957
0,2501.0,250,8,0.2423790004600716,1.1205475573559278,9.120471661981978e-07,0.23868832811011545,-0.09939760038457444,0.08393262950694448,0.8822146168507059,0.031539059463661104,8060142,0.08025650991061017,-3.133679931274907
0,2501.0,250,9,0.2166288690472076,-2.2007292414680393,0.8491793382351548,0.11076014692820448,-0.12861689824412814,0.06054760203930901,1.0741798946190362,0.02846871356393315,8060143,0.07789221401735975,-0.027895113484572583
0,2501.0,250,13,0.5509212865362189,2.1025456070515136,-7.123906620505881e-06,0.16326472117234073,-0.3732840581430507,0.12467439604728905,0.8691336326787339,0.035383469361316235,8060144,0.031815433778123244,0.7832249588862625
0,2501.0,250,19,0.2116548546156156,-0.9208730202678008,1.3508125205406545,1.6740111638783108,0.5224513284280935,0.19066767147666125,0.3025346410835547,0.0368166213240057,8060145,0.04615235134084726,-0.2985540208423517
0,2501.0,250,14,-1.3573488471615012,-0.3126827056713457,2.914521999418679,2.6634274324025657,2.1603388885302546,-0.0010518062694238276,1.8641508071930128,0.035145189051135416,8060146,0.03591786500842078,0.6744184811610238
0,2501.0,250,14,-1.3038030678647303,-2.4338026261574925,4.514655600061754,2.93929228182033,2.2292945476839887,0.036200775272955066,3.0987404647713963,0.02749708511465216,8060147,0.04106749578961005,0.7071808259514183
0,2501.0,250,13,-0.2182998098769333,-0.14726309148325328,1.8591594963379467,1.8575784848239048,0.9219694247350458,0.14178459455914166,0.9462540212788584,0.029045801976233382,8060148,0.045245498121518325,-0.7770985834200567
0,2501.0,250,11,-0.17160255258307205,0.2523487190495645,3.510609545760069,1.0777199157149318,0.5655658798460717,0.07635088189613234,0.6014846266723034,0.03357947920715119,8060149,0.05554475968389688,-0.728047117683325
0,2501.0,250,13,-0.8414565584953945,-2.3970717900180203,-7.123906620505881e-06,0.35329675549998424,0.8128188503352063,-0.1304832365504726,0.083819047800113,0.04305197328905063,8060150,0.04436293561342143,-2.559908937595886
0,2501.0,250,13,-0.23833389208883346,-0.14726309148325314,3.5421748678157168,0.6342969584093469,0.4453452498557465,0.016175607836835464,-0.923882434556114,0.02833268558103381,8060151,0.040354968260137326,0.08797920509328896
0,2501.0,250,20,0.6641516483843284,3.7376253494620153,-0.9710729877376764,-0.5644476980665873,-0.7652110153032489,0.06497366639730671,-0.05233781196176522,0.034853700516351116,8060152,0.0581033812670035,-0.6984586525378035
0,2501.0,250,22,-0.9158848701933632,-1.172994251653622,4.698826509059888,2.8065118700482823,1.9038077367024997,0.09346483452101184,1.5487768551900427,0.026984281210864963,8060153,0.0352539189014121,0.7047639850719115
0,2501.0,250,19,-0.013350333084345078,-0.9208730202678008,0.16926340695977907,0.11694790916186633,0.05899369592549082,0.008338066367327998,0.07975807455180521,0.03789813632409823,8060154,0.059690374400829124,-2.8436205139379305
0,2501.0,250,19,0.5089405062952939,3.2107911004375254,-0.7390083082925427,-0.18661159320693488,-0.4839921693734164,0.07304068393570774,0.8683816836456699,0.03472877685858642,8060155,0.032225676901153,1.142916655050414
0,2501.0,250,11,0.2439467612524654,-2.3105962099881503,1.2021923969038175,0.7247540221142834,0.09437469976900506,0.12600206064096078,1.1896494704328031,0.03176341730558598,8060156,0.028015286954268692,0.4380693778718457
0,2501.0,250,8,0.13715138320946613,2.747666444680365,0.6890607532480783,0.664692884344873,0.1500990685010615,0.10818036603592758,0.7464385469671182,0.03373709893336788,8060157,0.03439564710454722,0.2025883302262272
0,2501.0,250,25,-0.5644045080808258,-1.373139834581267,3.7946940229784913,1.7192626228747043,1.1751668017498391,0.0561630895076654,0.7689608528027316,0.03411063609275812,8060158,0.07209483093664983,-0.3570491171737449
0,2501.0,250,7,-0.4737763007496185,-2.0558699516774643,3.594531762040935,2.0825506726976784,1.1800594400990352,0.13327031717900825,1.1515315180143602,0.03175605648400052,8060159,0.08012695945070604,-0.7049503934608475
0,2501.0,250,10,0.2852695045294187,1.8755621056164389,1.331586504129518e-05,-0.2030251396870256,-0.3071268461847362,0.039572233021483966,1.3478454528553108,0.036309215356047864,8060160,0.053455758517942736,0.6623289464434685
0,2501.0,250,25,-1.3294218642909021,-0.06408293727392282,3.5996641505734916,2.7375091132284224,2.216328471929102,0.01779867904548986,3.773318777389525,0.024771127520836038,8060161,0.061487887031998964,0.3034281279955097
0,2501.0,250,16,-0.7783870558543607,0.3592984541263132,4.658932521931564,2.187653955062083,1.5149381935933446,0.06314733524182849,0.8939133843136263,0.04194735932979229,8060162,0.05188495919160513,0.526225761658456
0,2501.0,250,17,-1.5934934613141245,-1.6187954659433672,4.1338426200385765,3.64422838882747,2.7673538232073684,0.05060718178579037,1.0372317566540292,0.04025240747937989,8060163,0.026363518590490995,4.440479228175285
0,2501.0,250,16,0.06887520722757975,-0.5928903682049144,1.6456609011416858,1.5185979054433212,0.5652855392078643,0.15667961416292064,-0.4050500684466653,0.03833973888385081,8060164,0.04565034330871875,-1.4307212106550848
0,2501.0,250,12,-1.0377646367870743,-1.158357620566287,0.7559174930988584,1.0942982286037666,1.2646576040580726,-0.09840784579256412,0.8924250706257819,0.02971023880468109,8060165,0.03556160124368442,0.3816210189264786
0,2501.0,250,8,-0.2543538555151713,2.7476664446803647,9.120471661981978e-07,0.4420977928676862,0.3741368936228574,-0.00872151788196621,1.0887531408015039,0.03270069525413481,8060166,0.050362741287731584,-1.6795368245756213
0,2501.0,250,10,0.5185867698443444,-2.2591619954937,0.8322047423665783,0.022541495612091463,-0.4034439132940352,0.11376071194608252,0.6930821926730011,0.04402916324797398,8060167,0.07659670941831845,-0.10528710018253228
0,2501.0,250,12,-0.324390909183361,-2.356251271886407,3.3764141276971857,1.4545322712176247,0.8408165222731122,0.08217062937546482,2.3231946408851947,0.02287645204473809,8060168,0.042022930431403024,1.4010385291882903
0,2501.0,250,15,-0.1662531116881233,0.5430819992150967,1.5438232414606357,2.549120864481317,1.1692653802051045,0.21370279615101853,0.7982158064092201,0.02886276287947489,8060169,0.08961653063868376,-3.258685779785373
0,2501.0,250,10,0.16638649545164189,3.253803472653152,-0.9224356411248472,-0.0878063754451127,-0.16702929402575584,0.026349962045376287,0.9816570960077352,0.043917605907500976,8060170,0.049002461458738183,0.6100685461600334
0,2501.0,250,18,-1.5902075463307688,-0.821544625794685,4.93646104370604,3.6706658299418193,2.7819674868335444,0.05401485618920266,2.7678949634889407,0.0383793237465993,8060171,0.037828734292006734,-0.06431631823581724
0,2501.0,250,13,-0.4361909993666134,-1.2721674407506367,3.085566775828027,1.6341878411991118,1.0056515317749228,0.07667957030563863,1.9330383298572056,0.041051301982122035,8060172,0.0549779764218163,-0.0825412778111663
0,2501.0,250,18,0.6109906976502136,0.042790589484166135,1.1237681279745677,0.5009090809365423,-0.2820268840369889,0.15600410918395413,0.5032719960159411,0.034226511781894606,8060173,0.04534266096644643,0.04926198966918873
0,2501.0,250,17,-0.4338612712786337,1.0994680023857828,1.5384437454057949,0.9100410638217364,0.7197667851608757,0.006090293782186593,1.4071361801396844,0.027066329835470915,8060174,0.10700867988081357,-1.9232511329964528
0,2501.0,250,18,-1.5121635544102958,0.9071258047630172,0.3397401011787597,1.343694926671413,1.7615887644447563,-0.14717969658096347,0.2197083580233128,0.035945625821257376,8060175,0.052619078464395216,-0.5015617957339537
0,2501.0,250,12,0.7357025777806492,-1.1583576205662869,0.4286346535627912,-0.08396728577905915,-0.6195086595132518,0.13999324799266144,0.10404922138977364,0.0375588375005398,8060176,0.031901800751392664,1.280791783583885
0,2501.0,250,15,-0.7801282758019255,0.5430819992150969,4.458094951429867,1.7798835532551402,1.3462417362539247,0.02396238209640456,0.3055809199141053,0.051274992442889834,8060177,0.042583236170488405,2.401987091171022
0,2501.0,250,17,-0.5833706832863546,-0.7127076431669838,3.47641427449171,2.7439919283764858,1.5913344456704617,0.15043788290596186,1.2459000492103465,0.03443266152166269,8060178,0.049391112838450574,-2.433614567410024
0,2501.0,250,15,0.3026724593147113,0.5430819992150971,0.5072104739163427,0.21323386542638484,-0.15477995023421587,0.07758952381862197,1.6356465144930183,0.02679103510817464,8060179,0.034903053072505075,0.5516249186234993
0,2501.0,250,12,-1.0166111510499376,0.03953603075383266,3.9686393211920916,1.9926896021865967,1.6075835702295405,-0.002938014135144009,0.291268410863791,0.03614862676512502,8060180,0.0391566265060241,-0.027557437777215716
0,2501.0,250,19,-0.6321660517535276,-0.09454019612673524,4.338085087894613,1.4881692435895577,1.1202842508279007,0.024246475042521424,0.9668128864088448,0.043140303148076174,8060181,0.03378028242000259,1.0468554974012647
0,2501.0,250,10,0.17140786004403394,3.2538034726531526,1.331586504129518e-05,0.14369389336992092,-0.07946832392639308,0.05215136063108571,0.23009077874044845,0.03585308977846871,8060182,0.043140303148076174,-0.5285566718669931
0,2501.0,250,5,0.1639775726889584,2.6707576555551764,4.4122748688504134e-06,-0.058406264640298265,-0.15183809923882707,0.039100270979811794,0.7484193699571291,0.03758906594118409,8060183,0.07662909703329446,-0.2481971459858485
0,2501.0,250,11,-0.4867914656493886,-1.029123745469293,1.2471049833461751,1.5798512627758785,1.0162704868763095,0.06305237590346369,0.8899006278432058,0.038955823293172695,8060184,0.04942350045342661,0.5528650031911195
0,2501.0,250,15,-0.601676957418541,-0.4602920395039864,2.711238811511899,1.9446464355649635,1.2708629179368345,0.07346149834624607,0.9872298485527896,0.03441993781577925,8060185,0.043059334110636095,0.583216580535415
0,2501.0,250,11,0.25000174951968296,0.2523487190495648,1.749454741305179e-05,-0.04540578258578889,-0.21702121054279552,0.04722082115028672,-1.1041228971022017,0.041729642584675625,8060186,0.05435721380144232,-2.8924551094774262
0,2501.0,250,19,-0.17709275091539167,-0.9208730202678008,2.781449654941607,1.3001237691030942,0.6787654411656578,0.087617723039428,1.796335951385538,0.027484130068661742,8060187,0.03871399576801831,0.3463763214178328
0,2501.0,250,8,-0.982710632709926,-0.5065713299685084,3.79293190116952,2.30388773835114,1.6776296943314863,0.034574588746366264,1.1722791739877036,0.024722546098371986,8060188,0.04155331001425055,0.055286349134171686
0,2501.0,250,8,-0.6183013129847125,-0.5065713299685086,3.1504944647940847,1.2950478897539677,0.9953326814605634,0.0040492761594843815,1.0207840421273644,0.030695362093535437,8060189,0.037828734292006734,0.24270296492065296
0,2501.0,250,10,-1.019624583625135,-2.2591619954937,3.2040189246179938,2.9298447950229325,1.969458376398696,0.09395567945397272,1.9087434226965558,0.033424018655266216,8060190,0.05457313123461588,-0.6361501136598025
0,2501.0,250,18,-1.1649500548836318,-1.6858798410735367,2.9045000457903263,2.8576769861666,2.107431412649359,0.05516541988132713,0.9738837616886676,0.0427408558967051,8060191,0.03335924342531416,-0.119178651250715
0,2501.0,250,23,-0.3061367992742092,-0.5414743867334509,2.185886519923217,1.0758167090649595,0.6951592605318839,0.04331435846177222,-0.08182880800067692,0.04289199809992659,8060192,0.04280833009457183,0.4323488631212802
0,2501.0,250,14,-0.5637955553418171,-1.3732426659144188,3.800781845141533,1.5605472963965406,1.081182822774305,0.043936211254414013,2.187108867085969,0.02454981215183314,8060193,0.03458997279440342,1.5923397158572896
0,2501.0,250,12,-0.1062758275204785,-1.1583576205662869,3.1333733657849123,0.9068687641241212,0.4478002464361488,0.0706061056520255,1.760174989475504,0.02654344978480229,8060194,0.05075139266744397,1.216321914650155
0,2501.0,250,14,-0.6963109820123144,-1.3732426659144188,1.3026380210902957,1.8276209981920493,1.294945366150883,0.04452202740447285,0.7731644305623862,0.03116768147860258,8060195,0.057552791812410936,0.21074049168685471
0,2501.0,250,14,0.07787174365349875,-0.31268270567134565,1.8437916728304728,0.7376890641102761,0.23647599814105386,0.08704695429738141,0.11555763662488115,0.04192036965064559,8060196,0.062265189791423765,-2.385939785716209
0,2501.0,250,10,-0.6618523564171902,-0.8809206284569866,3.820022316260497,1.7783213653108132,1.2295681790590804,0.04780068491648662,0.40626852250667206,0.03209072850541953,8060197,0.04064645679492162,1.826328096618849
0,2501.0,250,6,0.7033206798737281,-1.9642299758823036,-3.1178367348751664e-06,-0.22633936704577115,-0.6436911777120147,0.15663350447299387,0.8709295204841453,0.03012587986354018,8060198,0.0638683767327374,-1.218959660292322
0,2501.0,250,15,0.7257734536697918,0.5430819992150969,-0.44069891764023583,-0.8021967802157807,-0.9052907934782858,0.05977579227566629,0.5229490570807189,0.02950916569503822,8060199,0.04178002331908278,1.0533301923883358
0,2501.0,250,13,1.1121495276063182,-0.1472630914832532,-7.123906620505881e-06,-0.9216671233467786,-1.257403710781752,0.12723373666502835,0.5972699566272535,0.03443883059118193,8060200,0.0520468972664853,-1.6047848315925806
0,2501.0,250,16,-0.5838282173155003,-1.5450791905361416,1.9146808456435769,1.8642921606189955,1.2275433113451069,0.06854008287956039,1.0258747647006456,0.03352765902318953,8060201,0.040290193030185266,0.2843269253733781
0,2501.0,250,20,-0.06447638933776507,1.3628584430975743,3.705644915148468,0.5285681770051617,0.2706992077901397,0.036631244018234664,1.0965785679706903,0.029035496826013724,8060202,0.03601502785334888,2.020533610972645
0,2501.0,250,10,0.6721788604905867,1.87556210561644,1.331586504129518e-05,-0.3328565834830623,-0.6661268235921235,0.10878580884634527,0.3835345328573172,0.028672755538282163,8060203,0.06548775748153905,0.4918841732685459
0,2501.0,250,12,-0.5426995268548177,2.4353233333940723,2.9552197295461333,1.8478647408237812,1.1721831862140812,0.0780292796636926,0.9372840111066398,0.03299488275683378,8060204,0.02743230988470009,0.19573937890202303
0,2501.0,250,13,0.052699046952951904,0.9776412577841308,1.4497905506767892,0.7946206754647719,0.2779810357759923,0.08940438180394919,1.9875077644516,0.02892573879748384,8060205,0.04966640756574686,-0.3658924146602464
0,2501.0,250,22,-1.3166026237898238,-0.4426837126389183,4.43907522029497,2.899827372495237,2.263493826847002,0.033259631969404485,0.934653124865962,0.04195275726562162,8060206,0.04141296368268774,1.0653423407277616
0,2501.0,250,11,-0.13869142587894415,0.2523487190495645,3.120464279705125,0.5259353705106992,0.3197270032841241,0.025843943434915924,1.829756567441463,0.04014676216386282,8060207,0.031059722762015806,0.3110268297649179
0,2501.0,250,11,-0.4084473317429416,0.2523487190495647,2.9150136014398083,1.7982265222717189,1.0408543745325043,0.10202367338777064,0.7471830999315234,0.030800621842207544,8060208,0.06461329187718616,-0.5077781593332872
0,2501.0,250,11,0.7615246869104373,-1.029123745469293,1.749454741305179e-05,-0.4947137024346016,-0.8029371996821046,0.10679881260521533,1.6003855942537473,0.0314483741417282,8060209,0.05881590879647624,0.5049901503281852
0,2501.0,250,23,-1.7467884930941422,-1.2446198729288072,-0.5558001275912381,0.3285509615189359,1.5361973951777033,-0.26667100138577066,-0.4065531126287017,0.04343988858660448,8060210,0.039232197607634835,0.13023343045805647
0,2501.0,250,19,-0.15707430046998366,1.5581254521553949,3.680406050123939,1.2525747863549288,0.6431148540500728,0.08681112687568884,1.7124798608256941,0.024821868117631814,8060211,0.036274128773157145,0.5822593520873454
0,2501.0,250,8,0.33521331385014497,-0.5065713299685085,0.8475112513275259,0.6369338440502779,-0.017929300340285375,0.1512368705246456,-0.006889844051150762,0.0413136416634279,8060212,0.08002979660577796,-0.620893728542831
0,2501.0,250,10,-0.6368776746287133,-2.2591619954937,3.8979580211804192,1.8949571166610044,1.255836470088889,0.0656195393649751,1.144994758617026,0.035848462976329286,8060213,0.03488146132918772,3.1634985955372636
0,2501.0,250,11,-0.2619124966366397,-2.3105962099881507,3.4520512899099187,1.2780207523377185,0.7171665203926062,0.07840470521546339,0.4949410305126762,0.03321889709375135,8060214,0.08919549164399533,-1.2161188294914522
0,2501.0,250,20,-0.2159415921208029,1.362858443097575,2.919428965969852,1.622423327128155,0.8453262526612818,0.10928520899776877,0.2697445493226623,0.03014747160685753,8060215,0.04851664723409768,-1.6536113344435497
0,2501.0,250,8,-0.5885625155222761,-0.5065713299685084,2.9603821137941155,1.7346444431197885,1.1429939752908376,0.06136210795526259,0.9750779597196786,0.026671200932763317,8060216,0.0317398626765125,2.9964680248217337
0,2501.0,250,20,0.3106801124901266,-2.5950864008431593,1.4695037819347947,1.7673635852204812,0.4842074217101513,0.21450437756965246,0.8198127732893039,0.029242417699471723,8060217,0.031496955564192256,1.6412869753220345
0,2501.0,250,11,-0.4992515605530166,-2.3105962099881507,3.6879731766487382,1.5446493685698184,1.0121731722669436,0.05680532997383165,0.4287605371439797,0.028261432828086536,8060218,0.035691151703588546,1.9227806337711064
0,2501.0,250,10,0.4347431952687429,1.87556210561644,1.331586504129518e-05,-0.1792463247762232,-0.4165780588089396,0.0742073949059664,0.3588208624974564,0.03259813447337738,8060219,0.06522865656173077,0.5577258458213835
0,2501.0,250,18,0.4519984186012284,1.771461020041868,7.942844380620404e-07,-0.1339919962335903,-0.4163624581329916,0.06874618060443967,0.6192293365306677,0.0293647709116034,8060220,0.0584920326467159,-0.07813794401843721
0,2501.0,250,16,-0.20835939842007084,-0.5928903682049141,3.5682854255436336,1.114410958595444,0.621514972691215,0.06702083569559722,0.7187661928924077,0.03457917692274474,8060221,0.07070216349268041,-0.2038831979428255
0,2501.0,250,15,0.4896018994443278,-0.4602920395039864,1.1628446561916763,0.5719340398465373,-0.15805729016104592,0.14733208029786268,0.3627992888936744,0.033438740298437165,8060222,0.06886416634279051,-0.5123526616391424
0,2501.0,250,8,-0.9811710918576856,-0.5065713299685084,3.7701761477809055,2.1501936169460367,1.616528469298269,0.01732323469412532,0.6038267603226211,0.038419808265319336,8060223,0.04090555771472989,2.0171441418677047
0,2501.0,250,4,0.1720816038194206,0.9029723794226862,0.43380602056489503,0.4634257729009545,0.03732955501250818,0.1263830699116353,1.373486530929164,0.02701127089001166,8060224,0.05645161290322581,-0.14997811305390585
0,2501.0,250,16,-0.5584244365473126,0.35929845412631306,3.3998005246011567,1.5391865986940494,1.074474297973763,0.04243454539023886,-1.0292908323669487,0.048918253659800494,8060225,0.060240963855421686,0.11682436233076984
0,2501.0,250,18,0.2298126817497267,1.7714610200418686,7.942844380620404e-07,0.12898806766008772,-0.13054208771596448,0.05318275209043399,-0.08629525734123622,0.03772077557541997,8060226,0.030833009457183574,1.2328727613491566
0,2501.0,250,8,0.3263609539497649,-2.133690217292945,1.0095563169776172,1.4161212180445175,0.2926685935785677,0.2384520493443081,1.0792156548297545,0.02788033855853521,8060227,0.04744785593988859,0.32125271971629993
0,2501.0,250,9,-0.43036435786850585,-2.2007292414680384,1.128025787810433,1.4736991810541058,0.9205915821197116,0.06648820126174118,1.5945544948118489,0.026833139007643475,8060228,0.08747894805026557,-1.2454466824532628
0,2501.0,250,14,-0.3163019824294168,0.7478772545717278,3.1581698034716226,1.0429599615823306,0.6743444337672696,0.041007130504119714,1.3957357928462402,0.03786112190698277,8060229,0.03374789480502656,1.757694992509376
0,2501.0,250,14,0.015920522257816073,-0.3126827056713455,1.9515088568289631,0.9904515953579268,0.3881784482792704,0.09981508356798234,0.8263281660083573,0.045986364814095085,8060230,0.04174763570410675,0.9852553744867256
0,2501.0,250,13,-0.1926591066631616,-1.272167440750637,2.413219149989964,1.3842693327594662,0.7109449808953561,0.09975677081952383,-0.23353149725954545,0.037326726259878235,8060231,0.05075139266744397,-2.66009799986604
0,2501.0,250,15,-0.18442520984962055,1.5464560379341799,2.8286383256576313,1.401293201103593,0.7169924703025646,0.09992796796643427,0.3741287801949468,0.037255010826717005,8060232,0.05033035367275554,-0.5742310787271636
0,2501.0,250,20,0.3583211257936861,0.5712694743094279,1.8580816429924265,0.7148109406496784,0.009744724110126023,0.12743948019633508,0.3987186387099506,0.03609779620273208,8060233,0.04752882497732867,1.0728789059623485
0,2501.0,250,10,-0.270604365259964,-2.2591619954937,3.611576857110911,1.491160071648706,0.8048974740771707,0.10114375237374512,3.27416776721702,0.023791016600966074,8060234,0.06995724834823164,-4.2811067954735895
0,2501.0,250,7,0.15130847497706112,1.5276143141084948,1.690525703800356e-05,0.012649568362486029,-0.11509704500304856,0.038819818530980835,0.16120333326892272,0.03664889974645125,8060235,0.03148076175670424,1.5595967989955204
0,2501.0,250,10,0.4790104883858847,3.2538034726531526,1.331586504129518e-05,-0.15666309273803142,-0.4428463498387486,0.08612446316769434,-0.5377357093517128,0.042062258249588216,8060236,0.08641015675605647,-3.7456213697529464
0,2501.0,250,12,-1.0046893329217803,1.2374296820739528,3.3243481552444263,2.5552089148836203,1.8233572118655204,0.05657239983628429,1.0879776821391256,0.044539448115040806,8060237,0.04359372975774064,1.1830071435896925
0,2501.0,250,11,-0.7491948857603362,0.2523487190495646,4.1923644153246125,1.8890103546978745,1.3481529702349389,0.040665701722755056,-0.29609565386405245,0.048662391501489835,8060238,0.0375048581422464,4.35606708279202
0,2501.0,250,18,0.0687888267424085,-0.8215446257946852,0.2375309318694339,0.031654897232702414,-0.04193777288668612,0.015275787590974588,-0.1694951865450844,0.038055447596838966,8060239,0.0472697240575204,-1.620720301206046
0,2501.0,250,11,-0.34003008336302104,0.2523487190495647,3.5940644217847373,1.5026952981651691,0.8687671609391404,0.08552462605581103,1.5924557364380845,0.03427535024892196,8060240,0.04084078248477782,-0.014671824802126853
0,2501.0,250,7,0.6857415178762003,3.319356447001475,-0.7103526987155977,-0.6459056123699057,-0.7932476509363284,0.09149200820442704,-0.1082526467358072,0.0357811173007442,8060241,0.042492550848555515,0.4464836829778085
0,2501.0,250,6,0.058674671963335485,2.0301464234706037,-3.1178367348751664e-06,0.4280325288674972,0.1172679486827396,0.06998170556691986,0.25803087631121463,0.03943192123332038,8060242,0.06247570928876797,0.007732046743170339
0,2501.0,250,9,-0.4031230364848033,-0.7089587510095278,3.2786112107741925,1.1933182214016629,0.7888524007287363,0.04164761732452468,-0.0872245650582952,0.04420909444228528,8060243,0.03433087187459515,4.455417007148486
0,2501.0,250,24,-1.9124998992551727,-0.6332035598380021,1.3292121726491865e-05,1.6916424827894767,2.241497541753109,-0.1722257460452398,0.3219455301583839,0.04551755408731701,8060244,0.038077039340156334,-1.5241178264587092
0,2501.0,250,13,0.15465919370686046,0.9776412577841304,1.9852622018872321,0.4994530025180501,0.07787164937628623,0.08011598832608634,1.5043031816682757,0.03321997668091722,8060245,0.056435419095737786,0.6364794706759119
0,2501.0,250,9,-0.7701465438927064,-0.7089587510095279,1.441611947725867,1.5530685604018746,1.2217097110133701,-0.0005708049074934718,1.6465603308186836,0.032981387917260435,8060246,0.03950209439910179,-0.02327863563177386
0,2501.0,250,12,0.2596233502895,0.03953603075383266,4.72985831489979e-06,-0.1166423607982008,-0.2534640888807862,0.04056959944060605,0.8751658426503928,0.028938333981085636,8060247,0.032225676901153,-0.5494835606610478
0,2501.0,250,18,0.5428899824272162,1.7714610200418686,7.942844380620404e-07,-0.297750542884173,-0.5564144396373353,0.06991729007678071,1.1043732285397607,0.03381267003497862,8060248,0.03539966316880425,0.5598157937240208
0,2501.0,250,20,-0.3441794940070859,-0.22031949447871868,0.6768887070133209,0.2814143907020862,0.3919507860657018,-0.03467659419898829,-0.2339266851569348,0.034340837294587784,8060249,0.03676803990154165,-0.2113646992227868
