start,end,N,SS,FerL,FulD,ZngE,TajD,FayH,bsfs,Colless,btree,path,iColless,ibtree
0,100001.0,50,335,0.10402015976855986,-0.9913879550448378,-0.1498216058437048,-0.11393170483325872,0.0044065483882207625,0.010942875377323035,0.106984126984127,0.6829291227125643,3000000,0.11165620094191524,0.4520082630314882
0,100001.0,50,393,0.1351499065625626,0.7026297332978025,-0.22624448708662498,-0.20884835703342733,0.00144373152962892,-0.12634306375465088,0.14411989795918356,-0.3316805532795339,3000001,0.16784058756245854,-0.7329428949811203
0,100001.0,50,353,0.5453082717644051,1.1123644544220688,-0.5858792871288434,-0.20963302441013865,0.05015940346470885,-0.1864437252827667,0.11493364951614447,0.42955481091536696,3000002,0.1347591362126245,-0.5213833894549006
0,100001.0,50,384,-0.9637694832465172,-0.745863591130357,0.8467047972921642,0.0039399920412751645,-0.11411030298263515,-0.3969581112175132,0.13195038494439687,-0.015231211868429975,3000003,0.15309944202400058,-0.5153712268690057
0,100001.0,50,385,-0.6286212485297833,0.016507711454231574,0.4786119781809607,-0.14017846679756074,-0.08439957485249065,-0.7010189045777162,0.12891895888790295,0.007339116963440369,3000004,0.13681283324140464,-0.21433764732384447
0,100001.0,50,470,-0.2640805342967526,-0.17226499195771822,0.5299661002390588,0.5771293178013667,0.009023484542631724,0.6996714244428536,0.10360050756053713,0.7118728662766329,3000005,0.11557668521954237,0.35153192023817986
0,100001.0,50,497,-0.426508133180953,1.2688229862510814,0.12992256758648632,-0.4717991452054823,-0.08333067376537262,-1.4703208739976792,0.140616823652538,-0.33217898858593764,3000006,0.14924133715986393,-0.4860184928997266
0,100001.0,50,467,-0.8349964403070617,0.06994082233073673,0.5920363153528463,-0.2709333359075699,-0.11770534883814687,-0.8519306790842288,0.14449946645324802,-0.3752499512164404,3000007,0.14754065688775514,-0.3562416700317186
0,100001.0,50,534,-0.7039185539124244,0.1753098133294579,0.7090473053414925,0.17714619279403646,-0.07079288111777643,-0.37708089593148175,0.1298410061699098,-0.1347101466484273,3000008,0.13847789115646267,-0.18792316937392206
0,100001.0,50,352,-0.2216321404132451,0.4944189811132344,-0.01287909750850778,-0.401760991471216,-0.05443796176656043,-0.899458279655255,0.11391063274624914,0.1119941241093458,3000009,0.13486587816944962,-0.25139430361826914
0,100001.0,50,373,0.4940002825163735,0.16254055112867846,-0.39618268861206896,0.07123213178243948,0.06363868278554799,0.4383653238380171,0.10660941395191624,0.6273470097799825,3000010,0.10826330532212887,0.6995239266981328
0,100001.0,50,391,-0.22317355488714152,-0.7536430389779707,0.32835716414184696,0.2572338247797663,-0.008508086691062344,0.08586915902934496,0.11112328366929597,0.4462465059704786,3000011,0.12137872390335447,0.26277546291209386
0,100001.0,50,474,-0.09717245862280006,-0.2924256269253883,0.03481768198627448,-0.0974347685244972,-0.01829344164878026,-0.14592979329611466,0.1369276205105699,-0.14913414693592478,3000012,0.15039062499999992,-0.4493172332098648
0,100001.0,50,419,0.02460541921806897,-1.0296173236632757,-0.05756463988233864,-0.06969458340848747,-0.0019504643457740425,-0.15665506712443522,0.10635757035054462,0.6456830051207079,3000013,0.12195839874411303,0.05853772508193916
0,100001.0,50,535,-0.012066854780422742,0.002497989192212693,0.1144604408643672,0.20066169405330653,0.01256452030166647,0.27973102272353817,0.11384793151710447,0.3718198035813664,3000014,0.1220882292310864,0.01371541362865458
0,100001.0,50,455,0.41105845734512986,-0.19960468762169786,-0.31148572974108096,0.0946186301614813,0.05525973582989435,0.4528572812795999,0.10192427224696986,0.7650415777893469,3000015,0.12297133138969883,0.09360502943882702
0,100001.0,50,508,0.0954067838479436,0.2069678441912456,0.02987667608318125,0.21942877354258966,0.026578893788893998,0.2292570327353192,0.12092579750346748,0.3895483705616525,3000016,0.1374440019910403,0.039456133390934775
0,100001.0,50,511,-0.3826089880040919,1.8693505529291905,0.0041643807277854505,-0.6403489094553072,-0.08987288089327715,-2.723577415555483,0.14280878228068494,-0.5138825435950702,3000017,0.1815119177441968,-1.0788004653302463
0,100001.0,50,468,-0.29512771980295355,0.5377690243446092,0.18519192500409826,-0.14229783775876348,-0.04484866828471083,-0.5956870079361755,0.12260898983249205,0.0740439346009294,3000018,0.13510795622596866,-0.07650922684943877
0,100001.0,50,513,0.1356641461688745,-0.3185219395690228,-0.13918632582429158,-0.039065097290906035,0.013307883292281516,-7.196325545440327e-06,0.10603309120258272,0.7579107853961806,3000019,0.11621098821207873,0.2539927473604424
0,100001.0,50,482,-0.2289778171704433,-0.4960426962134629,0.1003838291319888,-0.1941134910306929,-0.04062351404489254,-0.5099139817342115,0.1323590606455348,-0.06733658305685111,3000020,0.12823837868480725,-0.11181564692678612
0,100001.0,50,399,0.5959273317679759,0.08600680665399517,-0.6649267320762569,-0.2762388286857234,0.05138650024918495,0.10181036764765766,0.09763412754264277,0.7714209474241317,3000021,0.11853995329475073,0.1723956613735282
0,100001.0,50,348,0.16474765010535738,-0.18478120148620567,-0.1949286130728585,-0.0981346297529668,0.012725123877731549,0.062089091287717064,0.12215234931181775,0.2771694343846561,3000022,0.1377247327502429,-0.08761622939169952
0,100001.0,50,472,-0.11630198561754132,-0.3739019702627032,0.02023795552489314,-0.15806974947454006,-0.02478802079627892,-0.3382364144948756,0.11630354844640554,0.18683766343260244,3000023,0.12914372098045562,-0.2235737002210512
0,100001.0,50,475,-0.015227234147571487,-0.5171732212857616,0.1968375770068536,0.3548184770739268,0.022953676053361363,0.7825820194234651,0.11661680378957864,0.3626618989196068,3000024,0.11946319881335997,0.18241422093923185
0,100001.0,50,479,-0.5434183912871899,-0.7260543197521627,0.39864832009704415,-0.15051510168275292,-0.0747777051963481,-0.4635116395483873,0.11629316798489725,0.10367337853464707,3000025,0.13423725654645416,-0.2660402397959365
0,100001.0,50,420,-0.08043957556493518,-0.4707801565242906,0.08613253439042555,0.030240678176776975,-0.0074214351118444795,-0.10508752541598808,0.10259238830667408,0.6267540735111895,3000026,0.1281397174254317,-0.010269045807712191
0,100001.0,50,365,-0.1344413004503684,1.1706265480954714,0.0843524177294234,-0.06488872941017243,-0.020506306776140182,-0.42215591320148205,0.15899756128866635,-0.6019888819588453,3000027,0.17354091169177946,-1.0584649248283902
0,100001.0,50,408,-0.1567224937375097,-0.3877347814457723,0.09985879384527176,-0.07265895051386519,-0.023656592934241657,-0.1778137907119362,0.12251287798356332,0.23169351762398266,3000028,0.12597595856524427,0.10313343255140073
0,100001.0,50,425,-0.2631765207257677,-0.4691540854655992,0.2604252304988914,0.05753143992675265,-0.027166881874890837,-0.05886743784344995,0.12561842918985772,-0.033211758740662775,3000029,0.1455899153554551,-0.5639231755895384
0,100001.0,50,443,-0.40258755586298617,-0.3833355583414841,0.5455660088184091,0.3727291842441317,-0.02165594453397735,0.4403937210981927,0.10065558481457093,0.7457925670278985,3000030,0.11882685766614345,0.2633723721301154
0,100001.0,50,483,-0.0734933651300214,-0.4711527759353943,0.17605041466417642,0.21578899745241,0.00636157689441572,0.4660675870614376,0.12065331451729627,0.2765734664146869,3000031,0.1362057534878358,-0.032409142721990344
0,100001.0,50,478,-0.19809982826582664,-0.6276469614280655,0.2593257383535853,0.16556871782037982,-0.011881551203967436,0.14654295694230055,0.109259153099442,0.5378550507249967,3000032,0.12351008779580212,0.14454665922693144
0,100001.0,50,427,0.1916622416031926,0.4889365140613874,-0.13339745161024175,0.0670181752186984,0.027387471239488773,0.3956537034830781,0.1169772256728778,0.3333142570066575,3000033,0.12160518053375202,0.4439097126398103
0,100001.0,50,450,-0.20424614211488,0.1969817796851824,-0.04158477850596291,-0.426915213057428,-0.05397589147915069,-0.8328011219208634,0.12144033145172962,-0.02552404158594389,3000034,0.1307104738447103,-0.4266216406146312
0,100001.0,50,373,-0.2097828776068696,0.6783570030935089,-0.09295155227409166,-0.5366377177638074,-0.06241625504279767,-1.173868995738363,0.16281636878353822,-0.7955759891239375,3000035,0.16313381022512088,-0.9267539370374184
0,100001.0,50,450,-0.3118886971116367,-0.8896166405302345,0.4786985991577132,0.3971255480692024,-0.009207343089798124,0.5028678311746765,0.11131005197109904,0.5359264977897499,3000036,0.12209094163981385,0.1943893449741342
0,100001.0,50,464,0.07552494214376637,-0.3235223403157785,-0.2145577147361576,-0.2869161207589064,-0.011083327717434236,-0.4423038287730335,0.11123995052566484,0.4795089136998345,3000037,0.1320921985815603,-0.162190005483322
0,100001.0,50,529,0.1253320449024984,0.2641800771012744,-0.014948998833747187,0.18346608359211086,0.027597064013985567,0.3108826999860877,0.11172309833024116,0.4855911190130889,3000038,0.12292568542568537,0.17467471227916664
0,100001.0,50,343,-0.6024715826953693,0.6366799509379008,0.23893129392911885,-0.5607635186497537,-0.11087010620427856,-1.7547482182627268,0.12576892459111294,-0.04663154304040168,3000039,0.1567460317460317,-0.5715030953115534
0,100001.0,50,438,-0.5746677399501017,0.3940329581067142,0.2495519076760067,-0.492047875213392,-0.10240875249249666,-1.84626108474978,0.1363783608681567,-0.2767819700601441,3000040,0.14501282969328078,-0.622353300541266
0,100001.0,50,484,-0.028832967959924894,-0.5382441787619365,0.14537472238235374,0.2321894793757321,0.01278753183930535,0.14690517438936282,0.10847680304349223,0.464351571823873,3000041,0.12151517048537212,0.3588427476313853
0,100001.0,50,478,0.0677094843216021,0.2405971602920541,0.1467438376129601,0.39855177602189534,0.035814188230746086,0.8068276151373444,0.11707326608804434,0.2825090592945781,3000042,0.12850535897812362,-0.023040895100241442
0,100001.0,50,467,0.21555934901138465,-0.3743510011824839,-0.048226857056147626,0.2722684690734917,0.04450374237353609,0.8813016542970099,0.09611809840215156,1.0545809485294095,3000043,0.11895533407161316,0.3415610922763118
0,100001.0,50,473,-0.5067553801896505,-0.7874318629374347,0.8033207817013792,0.6942281121557193,-0.01151470725953134,0.7920958994852214,0.11317293414827855,0.5176011182526761,3000044,0.13702434098639454,-0.21033252714676187
0,100001.0,50,492,-0.6818058097358144,-0.25167293228373583,0.5081356825068813,-0.17345549822190354,-0.0927156066949372,-0.6695147452075422,0.1390005497148354,-0.38451969469712977,3000045,0.1460020516142965,-0.5050853154605585
0,100001.0,50,500,0.0826028207733877,-0.5079484853219194,0.2477017638841932,0.6187764818138426,0.052921925766609576,0.9498794685736054,0.11698831706595693,0.3060044960969524,3000046,0.11792181661396947,0.18253728722004414
0,100001.0,50,424,0.13924661685451262,0.7602083418798969,-0.18538742647723871,-0.12258656121867402,0.007940723727283897,-0.1963034112432866,0.11350078492935625,0.36737734046761306,3000047,0.12576452599388374,0.15685991682710715
0,100001.0,50,449,0.3567546085803328,0.6667546697915133,-0.2986350848718563,0.027360055850827646,0.04414637753582512,0.3879517545180165,0.11742567397329305,0.246801114992547,3000048,0.13506235827664398,-0.22716840692304735
0,100001.0,50,350,-0.651132366165139,-0.1602547932350361,0.6154832011720653,0.08720373794880308,-0.07131038091122838,-0.1667186657909745,0.11440704330512698,0.2793289878976713,3000049,0.13895452918009316,-0.2410751333187223
0,100001.0,50,446,-0.17767852911618334,0.32793574994409497,0.14274514426374987,-0.02520866039518016,-0.022797243783606404,-0.2163627329697268,0.12561274509803916,0.18901543708390176,3000050,0.13088197062264395,-0.0734645206158668
0,100001.0,50,393,0.11582784770554375,0.17522161395569882,-0.22227652691247493,-0.23397328026972464,-0.002603872937366432,-0.3363464559814294,0.13818850120693446,-0.2855315948130577,3000051,0.1605543207381963,-0.8294870848989471
0,100001.0,50,553,-0.3951321942100764,-1.150973899741164,0.6816377715911751,0.6471040446139237,-0.00154458247156586,0.615980465421841,0.10701174743024948,0.6364129797881903,3000052,0.1229771411670258,0.09261088463099204
0,100001.0,50,385,0.7786371521375228,1.6698419340930934,-0.8818234359288806,-0.3864444432726344,0.06540725809169216,-0.3332367097380822,0.13077416595380667,-0.08803527192922513,3000053,0.13279340862558614,-0.25932942327409586
0,100001.0,50,382,-0.0841291079092999,-0.30627214460148816,-0.00758106949686065,-0.15760027241013502,-0.02099835595889682,-0.2900951836041873,0.10016298185941043,0.6203121690491992,3000054,0.13263068385248836,-0.13073778350897727
0,100001.0,50,422,-0.1972010137965588,-0.09807798331254207,0.4906514800662561,0.6152439888828651,0.019589893983101958,1.165478727451443,0.11982109227871945,0.24726368185200856,3000055,0.11590056583381016,0.4103480811047774
0,100001.0,50,511,-0.10326150195911224,-0.5680097607858635,0.4184568366152937,0.6336633532607078,0.03198607678314621,0.9769878428231497,0.11422193877551012,0.4428387932200888,3000056,0.1355860140666436,-0.0576425212576101
0,100001.0,50,415,0.1719235872958937,-0.15126051421412529,-0.03361500325274963,0.2267323145410477,0.03621207406613621,0.5544332585782191,0.14013073979591836,-0.1647463743640344,3000057,0.13326044703595724,-0.03205892713114394
0,100001.0,50,390,0.24026959477547855,0.3916712721263344,-0.275391198028838,-0.125575020488892,0.01973574493477791,0.06396390183525091,0.11282984531392168,0.37083697168165297,3000058,0.1263975155279503,0.06736940133478624
0,100001.0,50,500,0.5217829810243311,0.41124162890138455,-0.601985900310223,-0.27916152127613514,0.04221193798227338,-0.0898506869263728,0.11430053672845288,0.3672739942654072,3000059,0.119892327792044,0.040376170614867785
0,100001.0,50,404,0.3963656334297731,0.2641330736991696,-0.3335724475663518,0.02683273109928385,0.04887727011550757,0.4928902152832503,0.111410703521915,0.45094047737571796,3000060,0.10775253497625473,0.5600840393098453
0,100001.0,50,471,-0.015159169614266419,-0.8082366661500741,0.2938287218212132,0.5425357336750214,0.036060241449265264,0.7207043107238341,0.1104394959954424,0.6668997082819392,3000061,0.12256235827664402,0.28976940307833043
0,100001.0,50,447,-0.08623387097462758,1.2811006549216373,-0.29171225166919257,-0.7107200753666861,-0.05981544962243428,-2.3627142369534764,0.14400736139866574,-0.6056915880823535,3000062,0.1636616511011185,-1.0174822452792756
0,100001.0,50,415,-0.3540500429591181,1.0621037491888,-0.2352131280819173,-1.0564331679522367,-0.1157402987511585,-3.761511262582929,0.21318800247371672,-1.8456592779366865,3000063,0.19365572315882876,-1.4965455440341962
0,100001.0,50,401,0.4375114676493256,0.43841861309698543,-0.5517952731176317,-0.3260388420190733,0.029114819007204907,-0.28701884622333,0.12646837085349602,0.06752367183655189,3000064,0.12821685277884742,0.03259609325195842
0,100001.0,50,437,-0.07959523872083046,0.029552790006109907,-0.043816846424037104,-0.21984819816690312,-0.02477411718917251,-0.4061938534285109,0.12170378904249875,0.0626304522672451,3000065,0.14243197278911554,-0.4951689049965958
0,100001.0,50,435,0.1922693521096044,0.4875545236409711,-0.370954701193588,-0.3917296583590663,-0.004572401361475056,-0.4283337932428243,0.12173894557823114,0.21761701521261434,3000066,0.1255399970207061,0.0714517411084649
0,100001.0,50,485,0.4372726477660153,0.5257899754899306,-0.4136245640064896,-0.05838498318311894,0.04764019551276586,0.4878811154631651,0.12960951707415633,0.0384791356640926,3000067,0.14168449637919686,-0.3951490825510901
0,100001.0,50,404,0.2585350465516082,0.7772715020925661,-0.4084912236869597,-0.3522912937504386,0.006052188056033428,-0.5858763626640195,0.13395231188922266,-0.2732648770107204,3000068,0.13626314162028452,-0.4095648050390723
0,100001.0,50,454,0.040208977272243866,-0.8129237018004315,0.01278841830323605,0.09294135849278724,0.011245897482184,0.2407452119680749,0.11066195709052844,0.4996762980323695,3000069,0.12383984601592575,0.3011183911740957
0,100001.0,50,408,0.4432573833669168,0.5196563528677163,-0.496010989815744,-0.20815281687192508,0.038017750646246296,-0.004147824458800359,0.11343354546119525,0.4690779284088938,3000070,0.1431723551489561,-0.4194661675542694
0,100001.0,50,417,0.2946214801329292,-0.02425935400497891,-0.21746940319154007,0.07898658645896289,0.040435663971533066,0.3560048638663945,0.1146797516820936,0.23043326867091574,3000071,0.11550910686855388,0.1442951094774942
0,100001.0,50,503,-0.32673876805087576,0.1828202243263944,0.2956240890371251,0.017589866882208382,-0.037395425187866566,-0.14446831716374464,0.1424104995533567,-0.32175236281736563,3000072,0.15383613122668424,-0.5044408596039445
0,100001.0,50,511,-0.01862980837348462,0.4185408423845158,0.1518633184036574,0.2619007670239947,0.016062415339770382,0.4135868967435017,0.11693973363993478,0.3784807797866476,3000073,0.10973464728357098,0.537203992066787
0,100001.0,50,425,-1.1114104586348887,-0.01607138279310536,1.1701374812518877,0.3791419184831024,-0.1052190259687934,-0.13628797316474972,0.16709929585869432,-0.8476184751037896,3000074,0.17066326530612244,-0.8202906497244203
0,100001.0,50,475,0.0053540446340435855,1.0117988727182778,-0.15749927600731187,-0.2954881878144215,-0.01998228039207148,-0.8236804287324471,0.13529909170372054,-0.2750674622038498,3000075,0.1448188924692685,-0.5903997114127246
0,100001.0,50,454,-0.5008185389716097,0.4599873619222815,0.406674419380283,-0.06271215138200263,-0.06365981253307729,-0.6505912269931008,0.14358664518438968,-0.3901141346448845,3000076,0.17282960803368966,-1.1345304834923549
0,100001.0,50,405,-0.05436750147760346,0.5112981759908737,-0.009845947866390124,-0.1113739886983934,-0.014225840591455041,-0.2105455737465474,0.12986128186214238,-0.15586730960051987,3000077,0.14675043571147467,-0.3581128228842386
0,100001.0,50,392,-0.056841706392268834,0.6372698095030739,-0.2786109427403448,-0.6363731762318753,-0.05120244872014761,-1.4276455735535252,0.12065831623654755,-0.17279908102942654,3000078,0.13223186470850026,-0.28180625487499644
0,100001.0,50,470,0.4927770904072892,0.8368122594353876,-0.7019122119507188,-0.5218639243855175,0.02189057117945769,-0.7574763374489492,0.1321811691709651,-0.18929101666403367,3000079,0.14072057394386325,-0.5276555328520205
0,100001.0,50,374,0.20354435664674891,-0.7568614274401019,-0.0759535733177751,0.19857177383628535,0.038046667029710365,0.5435677606242569,0.11569439096393275,0.5469103998616358,3000080,0.11531852324263038,0.5661815739840335
0,100001.0,50,409,-0.03218312559183336,0.8000058232173175,0.06612670263456327,0.07343303840007719,0.0013128729429255687,-0.039293112596050415,0.10326530612244897,0.7160087891683586,3000081,0.11376693534556677,0.4157393661832994
0,100001.0,50,346,-0.13163985972979958,-0.25234080803422176,0.14097910626227467,0.049748196588896884,-0.012173974916743224,0.09090188269886053,0.12484192394906687,0.07051374578886367,3000082,0.14050235478806905,-0.4521742980932205
0,100001.0,50,472,-0.19338396622836815,-0.27969966487119546,0.5100046215120995,0.6583758638655796,0.02305679394701499,0.7397248873270661,0.11008137432188067,0.3566543638035117,3000083,0.13231140670553934,-0.0634884147314223
0,100001.0,50,445,0.15761004744363954,0.16959329934886938,-0.05717677674189255,0.15673732314684358,0.029602162609690667,0.75761964567413,0.1005815906609557,0.730558371263683,3000084,0.1191907456051727,0.2634972923738878
0,100001.0,50,524,-0.4899590328686233,-0.3810575557290154,0.4796109651773164,0.0964587952610028,-0.05115944862933074,-0.16389466199442948,0.13127984112899818,0.008895222755145092,3000085,0.13928718038939716,-0.26180896736712145
0,100001.0,50,461,0.12732132347203895,0.17800660492525425,-0.13340042739421165,-0.04210742595889908,0.012129714888134243,0.14944507064720505,0.1388703022192484,-0.32588548342798984,3000086,0.13887996143339226,-0.4227811987343933
0,100001.0,50,439,0.20466988492463367,1.0268422065471492,-0.2669590591063704,-0.16938935780857148,0.012415177578091309,-0.3001262620323002,0.12844484384662955,0.04580470343061782,3000087,0.13645797301971635,-0.15782431020886714
0,100001.0,50,444,0.617756327294245,0.8114129140119221,-0.5092687112580204,0.06254383528622996,0.07751486665229887,1.4539874743335863,0.114258397659582,0.3218128987824081,3000088,0.13566855313553988,-0.15807452521938345
0,100001.0,50,446,0.024052225072130427,0.8594693425297018,-0.14106638524840245,-0.23215421371256634,-0.01335580804858243,-0.4886576346671246,0.11595293855247008,0.2395655923329532,3000089,0.13974788388637893,-0.3185604701613717
0,100001.0,50,491,-0.4228532213439956,0.3583672216079102,0.5919564926165379,0.4275499815467584,-0.02017632576756582,0.5106923588135771,0.12327977167878636,0.01463862744778981,3000090,0.11814725890356145,0.26286475840764056
0,100001.0,50,460,0.6181907666452614,0.5077054776157847,-0.58376610650357,-0.08077091034828063,0.06752661181514542,0.4414131272643652,0.11303387334315156,0.42642739618551095,3000091,0.1190816326530612,0.22018439435849865
0,100001.0,50,555,-0.6502999464918247,-0.5172924268339159,0.8674443403326759,0.5737115957682486,-0.036784201675631394,0.3834306884301927,0.13173602774443113,0.019379428176568504,3000092,0.11299153807864605,0.3251457316779496
0,100001.0,50,418,0.2038160876156264,0.4285470290719925,-0.26990787465057203,-0.17667097296849565,0.011819685251083874,-0.08168844044909107,0.1137696457893502,0.4017396256201347,3000093,0.14166521309378452,-0.3969878092148079
0,100001.0,50,450,0.1875803642011517,-0.42863549256005695,0.1424941201333882,0.5938825161824207,0.06365598323615118,1.432601989918541,0.09276629906621033,0.7973920716831773,3000094,0.10721616232699972,0.5837444386395712
0,100001.0,50,446,-0.33130659376074284,-0.6022480370807186,0.151154374767814,-0.26955139861948235,-0.05804173724514339,-0.6009323259139863,0.1165743440233236,0.3826400783497538,3000095,0.12926716141001848,-0.2960549274761494
0,100001.0,50,380,0.43491599565073946,-0.17370169451293174,-0.5483389752682556,-0.324041150228672,0.028983786896801225,-0.3391366728757428,0.10123745630849024,0.5773708859362021,3000096,0.12296499796499802,-0.14883888586389554
0,100001.0,50,447,-0.591449773480648,-0.6414226484839051,0.7340524616994215,0.4170069297850773,-0.04092198668915464,0.15190064858640498,0.12070274538386787,0.2192246530022916,3000097,0.1385440774247844,-0.11563562348168148
0,100001.0,50,516,-0.3908459737014458,-0.9680414546590236,0.5082670042409422,0.3198193144519781,-0.02388284115246392,0.21887526714834726,0.11529586709055485,0.254941874035225,3000098,0.14075032998273934,-0.3880751163948495
0,100001.0,50,486,0.8188106608085324,0.3959307301604769,-0.7211567978891315,-0.006134234036979431,0.09640418075110596,0.9239471629767352,0.09419043860638182,1.0282744657196428,3000099,0.11272321428571433,0.3512388578796389
0,100001.0,50,472,-0.10821434889920606,0.0029072513033299874,0.1905627635881029,0.1850317083935804,0.00010730744933454597,0.13629393476071527,0.10567031690725062,0.6689336349649521,3000100,0.12056660270945985,0.2255543259315334
0,100001.0,50,407,0.6807028811873034,0.9656231833407636,-0.869939444556916,-0.52928008804833,0.04374539958894764,-0.6047145645042871,0.13089197427604926,-0.06993496101622096,3000101,0.12396991316851945,0.09831838511872036
0,100001.0,50,454,-0.09866867998087474,-0.09487130687992686,0.017608701533199937,-0.1332917726860627,-0.020981929098704413,-0.19984076473917214,0.11149173955296393,0.4092417165789133,3000102,0.1458621584226911,-0.4784167574776544
0,100001.0,50,495,0.8610714158056393,-0.4498207525576071,-0.8151156197749547,-0.11607599067999196,0.09370835951046654,0.7143943516456857,0.10637710581614848,0.5622248414045116,3000103,0.12316717227431515,0.1866165356284721
0,100001.0,50,436,-0.8072728989089567,-0.8122863657021699,0.8789652234222612,0.33143858671777543,-0.07247926091759989,0.0019510379752037,0.09948509790656596,0.7287746172966638,3000104,0.11824015320413885,0.09736668007020507
0,100001.0,50,455,0.06846517289437817,-0.5252788217903014,0.10971994841518504,0.32838619438552474,0.031021447188954925,0.6805585443314974,0.1037877107364686,0.9096506904496308,3000105,0.11482312925170067,0.4605896084793745
0,100001.0,50,439,0.15886352359317515,1.1955796744592384,-0.2249649494275366,-0.1658355401170354,0.007238340830845052,-0.11984708105774397,0.11829816672431688,0.3226446678454193,3000106,0.10646514244795664,0.6087127558569307
0,100001.0,50,424,-0.16307078030296562,-0.8118316191392512,0.32797296387137104,0.3581938778347831,0.00568673695213712,0.1760096007903863,0.1166436200648484,0.3290053592416315,3000107,0.12856488749345898,0.040280220163539535
0,100001.0,50,485,-0.4604196223706243,-0.3605521876116361,0.6361743527467221,0.4494185930478785,-0.02309954240996012,0.4523217965114085,0.11809794011062368,0.3609228194787861,3000108,0.12907623366807044,0.09531093648835104
0,100001.0,50,514,0.2399925645113213,-0.06468793445346513,0.04577449243208804,0.4951454423134697,0.06288900280499789,1.1444890304145108,0.10123398196487897,0.7960593982576423,3000109,0.1094271041750033,0.4520278268026677
0,100001.0,50,457,-0.33625211155041096,-0.2455756550047292,0.32832806616029786,0.06483737559263038,-0.0352745410415907,0.06845458630838866,0.11956177819965187,0.17434334925212666,3000110,0.1450562983814216,-0.33527085829169034
0,100001.0,50,485,-0.39169127668906456,0.06733713250636125,0.5019652718096179,0.3064561554807573,-0.02494444257229872,0.12678596789733476,0.12850322420634927,-0.03897780274301468,3000111,0.12716699583059027,-0.1488584377890242
0,100001.0,50,435,-0.4701701009084988,0.18105053646029548,0.40901481569007575,-0.0061323520374359074,-0.056118657796440034,-0.5241163694604217,0.1020738392444357,0.5437030866588166,3000112,0.1271158069527023,-0.2281250689795535
0,100001.0,50,544,0.1520301209031177,0.029711503866453583,-0.2262029822571962,-0.17936656531116796,0.0054490097393267035,-0.2711291339809316,0.12305511948369095,0.06091726431497245,3000113,0.12426339962736688,-0.008299051681758395
0,100001.0,50,463,-0.008070979912276184,0.6751383643250894,-0.3549017472391988,-0.7001514841370988,-0.049811421815992366,-1.6845020297574032,0.12674591113040956,-0.24331888364635296,3000114,0.16133333333333336,-0.8897018001379791
0,100001.0,50,411,0.24877168269094674,-0.5530773530623142,-0.22488470846291084,-0.013209739457419472,0.02856993558206295,0.2739735729582756,0.11810329394915862,0.1644244240830181,3000115,0.14791836734693878,-0.4994024461904274
0,100001.0,50,479,-0.7813849316707459,0.3569971187452888,0.8689519761499779,0.3554056962234156,-0.06762983631728542,-0.1623494047549645,0.13096092708440155,-0.4037524479929532,3000116,0.14313635902122046,-0.5633103732530109
0,100001.0,50,521,0.1061836720228652,0.005742867772095826,-0.037947058225880535,0.10660286283471147,0.01997904565127091,0.11758710947870855,0.11712100299056825,0.14992184517861168,3000117,0.13596522525093954,-0.39791041290375395
0,100001.0,50,413,-0.4028612994050077,-0.4946377609403482,0.26233854138005364,-0.17582984306674426,-0.060035517097729724,-0.5101902878322944,0.12767730854718107,0.074908642904608,3000118,0.13536706349206348,-0.10884434315449826
0,100001.0,50,442,-0.1281852092319037,-0.7454650243637235,0.11118517906336753,-0.002311463819159185,-0.015340945618503282,0.1136137997367314,0.09673319877401504,0.7700576710852326,3000119,0.11505574452003026,0.3443198066867885
0,100001.0,50,527,-0.06641328142463412,-0.453940864942996,0.33502628213680885,0.5347322955096735,0.0294380655802794,1.348550865027304,0.11131336956893303,0.5806059181221571,3000120,0.11994596225587008,0.41709005144215344
0,100001.0,50,547,-0.25594371273664784,-0.31391620526768593,0.38894024508865016,0.3176412853758808,-0.00807927107888962,0.3977841923036751,0.12655690295441846,0.1807809879144302,3000121,0.132982784950715,0.12384084158397048
0,100001.0,50,448,-0.033549145387920955,0.27870481169657185,0.13947947617999226,0.21296302092745634,0.010891662761269098,0.3932394875269954,0.12353527798553975,0.14810871838971015,3000122,0.12961613216715254,-0.10323379699416382
0,100001.0,50,461,-0.16146685512863945,-0.5934946478160547,0.3739792897000492,0.4495540526588274,0.012261559615179196,0.4196738952856674,0.12058087483698145,0.1202522299411274,3000123,0.12435580292723147,0.08264604618239435
0,100001.0,50,418,-0.039979582917304066,-0.2801052864504685,0.0766646286353236,0.08058427985831082,0.0008886981391792407,0.034911392017527056,0.1099863225713566,0.3974128471948226,3000124,0.118006904254239,0.03175306214527228
0,100001.0,50,396,0.21868662554475046,-0.9726807615022124,-0.0037506439029604726,0.36408595923219017,0.05137542805784453,0.7845345818560311,0.09943794591007137,0.7070610232109747,3000125,0.1093800615484289,0.6179049474788836
0,100001.0,50,415,0.2745576116033063,0.06286259109227257,-0.259284545971967,-0.03604189088258733,0.03002754006832418,0.27634463032016565,0.1272192943111312,0.05856309111125945,3000126,0.13131794773984354,-0.23367607531928575
0,100001.0,50,456,0.5115230618358764,0.3135501835753651,-0.5404271025931533,-0.17787485743864764,0.04813319329624004,0.2416438333342752,0.1114443117672602,0.7210990064828625,3000127,0.12936980347694638,-0.1891632473746805
0,100001.0,50,432,0.4188062108953613,-0.4806568949889754,-0.21753394149349384,0.289591293419554,0.06982890542575086,1.5918713299664484,0.1043388086942094,0.528561485986247,3000128,0.11565986394557826,0.32592317822388617
0,100001.0,50,447,0.10930939138830953,-0.14421834587902332,0.12013193113524763,0.4178728093868926,0.042108021747341344,0.7628709732047588,0.11664335785075447,0.5322850609573898,3000129,0.11338866532528505,0.8576364724461609
0,100001.0,50,497,0.172267941482828,-0.013839373146732337,-0.03762486816276882,0.2192679218986458,0.035659767372773585,0.8241787976213945,0.10236685347714222,0.8174745425753566,3000130,0.1350205549845837,-0.13043107182577313
0,100001.0,50,534,-0.23026053573507654,-0.6023175401896737,0.35167947754548123,0.2892560255389959,-0.007030604965880794,0.2734018845279156,0.11019554265220728,0.7455200886953491,3000131,0.11139455782312918,0.4222610756045155
0,100001.0,50,538,0.036150565518331484,0.09437054263633933,0.15304921654973214,0.3568749298775729,0.02914940521347837,0.6608346985685005,0.1236763936343768,0.300450251874102,3000132,0.13709879925124416,-0.006292737101119283
0,100001.0,50,473,0.624946089831418,-0.8187666027601183,-0.7092144128626573,-0.31183446087771843,0.052176686521955715,0.1621135642579072,0.1198532044396706,0.34405650702167595,3000133,0.1386652317176871,-0.2279589893799394
0,100001.0,50,393,0.4280592805197144,0.5896137077244935,-0.5047952913119564,-0.2511332645608552,0.03324019974169435,-0.21565855314081106,0.11845961788970898,0.025506108042499184,3000134,0.14845339845339847,-0.5786810005007876
0,100001.0,50,492,0.5304495115257419,0.35094566347566125,-0.6172793903829902,-0.2941022007606727,0.04220584612685891,-0.07056564895439874,0.11149333470762042,0.3235928024927656,3000135,0.1246199237270666,-0.18726755455049032
0,100001.0,50,381,0.4546521592840216,-0.2984356504806173,-0.4257537509724316,-0.05289979549813331,0.0502714198986619,0.2781544387438077,0.12656184922948782,0.07548971148576586,3000136,0.13667108064599892,-0.3485730105634772
0,100001.0,50,419,-0.3006487070653573,-0.004508944310442818,0.3515340598982805,0.1703582415833835,-0.0237360227202668,0.07672538169731137,0.1268214672232529,0.007615663252606215,3000137,0.12552143498909002,0.19612612001972465
0,100001.0,50,411,0.324908450912543,-0.2287861664003356,-0.27500696080409576,0.01896935879275782,0.039843433315335984,0.3993564186230712,0.10757747543461828,0.5581074995209334,3000138,0.13414634146341464,-0.4030860766327434
0,100001.0,50,430,0.5364942037801214,-0.3642166478692398,-0.4700288247504043,0.0005559690207181435,0.0635965002128266,0.6354292051027011,0.116406864253239,0.5047871228774611,3000139,0.1182650596470472,0.3579068079017084
0,100001.0,50,528,-0.3267832797965235,0.046228736268740606,0.3421791031826583,0.10739993380743354,-0.031115142799579776,-0.20195446623380867,0.1322181840772838,0.05430956019399224,3000140,0.13417374248969666,-0.1221185503045627
0,100001.0,50,526,-0.4376216316329592,-0.2511842699240405,0.4261232779067076,0.08178937103101135,-0.045996647824367735,-0.30150853332391103,0.11649278545498926,0.14526873632302956,3000141,0.1207220542538003,0.17908138857148898
0,100001.0,50,462,-0.2313541770613594,-1.0484201784073324,0.3813784620905212,0.3453316188339223,-0.0032816674472583595,0.28350236543599244,0.1069281673065266,0.466160695233324,3000142,0.1279729937087617,-0.1003078405276466
0,100001.0,50,365,0.019877181255180475,0.6841250325234963,0.12872436446098215,0.2834066413299272,0.02217198151427431,0.6293684606763894,0.1107186464329322,0.6931619302890516,3000143,0.14156791748957648,-0.2491372521148325
0,100001.0,50,448,0.08976706729540583,0.4109983536960227,-0.09354891924298546,-0.028729180700928975,0.008622880414458021,-0.16720777150409716,0.12741067300706693,0.10270250726968068,3000144,0.14270529640427604,-0.247930193456141
0,100001.0,50,453,-0.14044820427074825,0.239294603511474,-0.01348326088933172,-0.2643118936927272,-0.035072007449187155,-0.6228766431766305,0.11171643798762454,0.13479305184982174,3000145,0.12431445446395613,-0.03607581883279936
0,100001.0,50,480,0.3518851723258415,-0.7005330178048627,-0.13205992065065708,0.3412515559343087,0.06542769686974027,0.9019269608197824,0.11684555897830835,0.34159989286102543,3000146,0.12684555303602915,0.1164200929253768
0,100001.0,50,501,0.4008355959909014,0.04873878025244886,-0.4188814696035574,-0.13024095344750114,0.03829965766546162,0.03706739918160183,0.1077838827838827,0.6153912180181216,3000147,0.11270277341705914,0.4674024050739262
0,100001.0,50,485,0.14375698903517367,-0.4216792333427785,0.045783443816673736,0.3322293139461737,0.0401770522145509,0.7171292896595853,0.10910425490951096,0.6442315762172036,3000148,0.12176322141759928,0.3699889590007296
0,100001.0,50,453,-0.15693067911961556,0.8935024074087664,-0.04039748979056354,-0.3443388646429388,-0.04260820288619635,-0.8120783370360657,0.1378327980938569,-0.34359526360315434,3000149,0.15508241758241753,-0.7267008923219731
0,100001.0,50,391,-0.3610200361394119,-0.3371450802824956,0.2007445627287853,-0.2241419977599981,-0.058494175707486475,-0.5331305122953546,0.12028447742733472,0.3472719163664917,3000150,0.1256849962207105,-0.07671072012273843
0,100001.0,50,388,-0.3660014950244212,0.4487917116024579,0.4238086447539308,0.19965198075131735,-0.029482210474884286,0.06350274496488548,0.13716229348882408,-0.23546217675458395,3000151,0.15270236534980966,-0.7723833862476628
0,100001.0,50,466,0.15024354478435994,-0.24086994999332076,-0.14706065653993775,-0.02964704366615883,0.015709402910141727,0.20428710486504875,0.1072491496598639,0.3607913393965859,3000152,0.11950161420500405,0.09515361910585833
0,100001.0,50,435,0.05720904018211913,-0.09139745214474937,0.020466465198306256,0.13668043545890265,0.01631780587745428,0.2158334269916399,0.1158526517403078,0.2616186722286637,3000153,0.12925752492777934,-0.047238477589178166
0,100001.0,50,425,0.21614707241913825,0.7506839601911146,-0.276731195430382,-0.1689103327935223,0.013817843691265042,-0.23681691809562466,0.1185977036317172,0.3342188801864381,3000154,0.1373040520556048,-0.1837014416607909
0,100001.0,50,428,0.5491622947058825,0.13401178230879848,-0.4803759362355967,0.0020147177868913386,0.06520377088781157,0.6274539872939072,0.1052517361111111,0.6504993084968637,3000155,0.129655251931281,-0.16507587575101001
0,100001.0,50,425,0.06883440714110374,1.029504084912649,-0.18487818142058846,-0.2410906038566379,-0.008676874819356766,-0.29648456143559504,0.1229172828551712,0.28024085865221016,3000156,0.14330865089398595,-0.4734707062832945
0,100001.0,50,367,-0.14215581290850984,-0.6681403363097568,0.32852532797651385,0.3954819293477424,0.01075860296755481,0.5493266348611989,0.10485935947412672,0.7754739963543427,3000157,0.12573223733938022,-0.05212395112133983
0,100001.0,50,446,0.5256374650604448,1.0255735902127037,-0.4956556048364252,-0.06737880001102782,0.05753445882152941,0.336421830400111,0.1209991496598639,0.1428790594753714,3000158,0.11845111178799883,0.21939597669805147
0,100001.0,50,441,0.05435006038043564,-0.16855814063184413,-0.2719901806917733,-0.4341394901780489,-0.023867667404407364,-0.8664757872273596,0.12051907719609588,0.19152011983386133,3000159,0.12429511278195485,0.03553811353554456
0,100001.0,50,471,-0.17294862168229613,1.2371232717803853,-0.058159399382527024,-0.4057406552561039,-0.04877093888257488,-0.963455669749774,0.13723899964610126,-0.2558113450859505,3000160,0.14248350855493713,-0.5191148454625181
0,100001.0,50,452,0.009484726700500238,-0.9330573286498643,0.21741009667105413,0.4367096959121093,0.031601096575898616,0.755618481416752,0.11125051113341514,0.5857489703509795,3000161,0.11738618524332807,0.4170565965363665
0,100001.0,50,417,0.5245079076698281,1.7160769493783548,-0.8403749822128033,-0.7369491778028243,0.01070617820355833,-1.369831388852007,0.1673006480698789,-0.8568300279603526,3000162,0.16636789851075565,-0.9790374048627696
0,100001.0,50,477,-0.07817037830496708,-0.4045356828917832,0.2512630908200833,0.3533250063786668,0.015403395920657204,0.5949381485899641,0.1054494759277101,0.7157792190139718,3000163,0.13064911279196995,0.0012975276818306314
0,100001.0,50,351,0.4830220070916436,1.6431579462530992,-0.6939716800533087,-0.5252695699787436,0.0206902040476225,-0.8377628857920021,0.12767396115072538,0.12721214323548435,3000164,0.14374254856581806,-0.3589431060794265
0,100001.0,50,436,0.04807644713907469,0.2750206657491043,-0.06119196621948125,-0.03685893276207197,0.00312130178989024,-0.1310682132849853,0.11143036161833147,0.305582859520973,3000165,0.1207411536042988,0.08046927094333323
0,100001.0,50,479,-0.023920687174128246,-0.20000076391054356,0.2967491946189086,0.5332408478740761,0.034371803406617024,1.019233050955531,0.10652724631519278,0.7253245062438517,3000166,0.1180261065465147,0.3370433445728416
0,100001.0,50,434,0.25612374081004363,-0.1181541429303068,-0.14656677770301169,0.15090543499076106,0.040873053804978215,0.6677257504771537,0.11567792010421192,0.4141255417575654,3000167,0.12161989795918368,0.18038183703520516
0,100001.0,50,474,-0.10364572848355026,-0.19861866205783024,0.2763731279771365,0.35870957492672834,0.012765516913790602,0.5128655721338797,0.11109988549875384,0.5073106660342886,3000168,0.1235701688082641,0.02688574679339488
0,100001.0,50,394,0.4667703675118006,-0.6226894042451446,-0.24142628921456055,0.3248954639734067,0.07807197366896305,1.1843344008916514,0.1144806237101582,0.4344421364744534,3000169,0.11099726775956288,0.3908077105903824
0,100001.0,50,437,0.23222040191393234,-0.10605138687446797,-0.030232420754051213,0.3354924176417814,0.05092371561966525,0.5459962716372718,0.1190246368817798,0.12328804198248736,3000170,0.12134207131128312,0.040944199145062435
0,100001.0,50,462,-0.2880805808474588,-0.2785796305858717,0.2879705054680113,0.06845087214466652,-0.02931574193976233,-0.17484002256949524,0.1255921216654201,0.06973712381916884,3000171,0.12957637600494742,-0.08877598338521499
0,100001.0,50,384,-0.3514880406757229,-0.3603725979775267,0.3100696783060468,0.0039085233887727,-0.04144348293927677,-0.17446320797187798,0.12702438930117504,0.015867304053221738,3000172,0.1379483611626469,-0.3032165303430115
0,100001.0,50,510,0.15739156099576182,0.1932367369398765,-0.11501909793451788,0.04445517855422016,0.02170133087254544,0.055987202590250536,0.11955152431342897,0.193890947583453,3000173,0.1226791468467086,0.05092094478890387
0,100001.0,50,443,-0.17712409349871674,0.017998775822692648,0.284553347008212,0.25014475156405297,-0.0035140409821061485,0.12674346377801374,0.1344746429377438,-0.1293591325651802,3000174,0.15292366946778713,-0.4721136806149796
0,100001.0,50,423,-0.3027466102251682,0.2095165073183929,0.35744625418649456,0.1782162128892011,-0.02343147830525217,-0.22588571616417166,0.10364384988445144,0.4764673001415832,3000175,0.12767445687952605,-0.1982323246493352
0,100001.0,50,324,0.6368640129606448,2.007223340802031,-0.967240964863272,-0.7949851225385663,0.02019611060974675,-1.9433547664374156,0.1202559971356964,0.10204286553414682,3000176,0.157640660430839,-0.6358804746692629
0,100001.0,50,455,0.4659185248556588,1.005389608802136,-0.554726855462644,-0.2828975090380429,0.035407493908733004,-0.2828821897410041,0.11874694629232915,0.38419641835654,3000177,0.1216713180998895,0.3743816571601361
0,100001.0,50,339,-0.19152018877988106,-0.2768905620479207,0.006435342845402607,-0.3132174710553303,-0.04469071361497809,-0.5761769558879808,0.12704731574158326,0.2385913696231719,3000178,0.15151432913590965,-0.5980086763212837
0,100001.0,50,564,-0.04372069979574952,0.4377817179340077,0.012555315076712191,-0.049800667312481915,-0.008631663353498345,-0.038838992975436186,0.11856116320402052,0.21929827128090984,3000179,0.1404077354212125,-0.2919284671887242
0,100001.0,50,473,0.060219226900177815,0.08994085209770053,-0.33686753287159804,-0.5493389990439351,-0.031203214774588636,-0.7626914173463296,0.13697993009358445,-0.3227013016285669,3000180,0.15017746228926354,-0.5187798062332615
0,100001.0,50,415,0.2803929909117546,-0.829317014351055,-0.18406136506556128,0.11952509991144936,0.04158285359055193,0.3358948699103064,0.0954654589108371,0.7824684825884328,3000181,0.1293781975600158,-0.21760579453555828
0,100001.0,50,437,-0.00865909700818808,-0.7162701828370671,0.09560225913634328,0.1703320650656002,0.010864756321889131,0.34653659326379804,0.1199738824101068,0.28516166843992297,3000182,0.13886312100597822,-0.11702325057097927
0,100001.0,50,455,-0.4727058816394854,0.51687840754923,0.4574035913957245,0.08310704648025638,-0.05015381342176013,-0.21548436963325154,0.12603408197449836,0.021979870655379555,3000183,0.16901838860544222,-1.117141221315326
0,100001.0,50,466,0.13873105311415218,-0.9723357053728416,-0.05578468341267174,0.12736821413456315,0.025303152657848202,0.3340280233070522,0.10711529982363327,0.41973752880475773,3000184,0.12176263362487848,0.3192769688550896
0,100001.0,50,423,0.14525942908205178,0.20951650731839247,-0.06408929310698946,0.1224473777920756,0.02576265093391781,0.5729354873964981,0.10984313938341296,0.6037754825079907,3000185,0.12850682908822447,0.047995317481646205
0,100001.0,50,467,-0.040861935942520106,-0.5012915221862617,0.036829024634168615,0.0019369717929987726,-0.004699826570722733,0.08726301543566199,0.10164899293050557,0.7611179562671967,3000186,0.12028093680220175,0.20295570983612302
0,100001.0,50,424,-0.05915600157905675,-0.6720947337153268,0.11437968811656915,0.12104042085818015,0.0014415957819843381,0.24930549636063856,0.12251439037153325,0.1367898908707061,3000187,0.14307217139729458,-0.3600787102219287
0,100001.0,50,391,0.15178197808873242,0.0036259768319836547,-0.11350146825087892,0.03784217277082527,0.020652624648050837,0.1051920035167713,0.11759517471584904,0.2238185151830604,3000188,0.12077380952380948,0.30531436215641644
0,100001.0,50,419,-0.07395180048111152,-0.11055463872625344,0.09519534819603462,0.05880105665507793,-0.004658547073790909,0.06822298275237165,0.11959522028706775,0.4007829295018913,3000189,0.13710975461613215,-0.05196713016016115
0,100001.0,50,512,-0.25854723519833583,-0.5443827388700065,0.1247237431962443,-0.19712513405927248,-0.0443012552760278,-0.7744473727514329,0.11788548752834475,0.026243412371730345,3000190,0.13344266277939754,-0.3409800525120638
0,100001.0,50,401,-0.550193506729946,0.2907177523238022,0.4347543029997356,-0.09200833527560584,-0.07167955584909484,-0.3977431035946207,0.09633757961783444,0.9163939028522812,3000191,0.10855728429985856,0.6015704987473814
0,100001.0,50,500,-0.2944840368153404,-0.7155075433723428,0.5438714508141553,0.5520913267200914,0.0036937978045598367,0.5125671307710484,0.10216229348882416,0.7996043245896223,3000192,0.11202803268958593,0.4898568648429279
0,100001.0,50,423,0.011071522951722859,-0.4557934039504914,0.2319453031534083,0.4678368367764763,0.03397763940959225,0.7752753586414601,0.09531453030650464,1.0446129515105538,3000193,0.11938909422036535,0.1643520872027487
0,100001.0,50,509,0.5010420415494259,0.5787741294020146,-0.520747929734817,-0.15724258356519175,0.04825073301233599,0.07034127474668735,0.10147531919171612,0.6963596526790182,3000194,0.11341039912468485,0.3067552497100544
0,100001.0,50,374,-0.09999172940991223,-0.6777157910076179,0.16732786432800673,0.15450865216530246,-0.0010746625626716075,0.08694537868535243,0.11575458208761215,0.08145649599776571,3000195,0.13333805744520028,-0.19914102246957224
0,100001.0,50,399,-0.21237731730885312,0.5684254170223685,0.08957540603863626,-0.18708605189990704,-0.03825843866353417,-0.5026868632465169,0.12516472557609432,-0.09256311807224728,3000196,0.13763750180923434,-0.41125991152418107
0,100001.0,50,429,0.7058398899312913,0.022438244403181404,-0.7231033187671945,-0.2019610888451934,0.06952272751843915,0.17176713654902034,0.10834506216279624,0.4260158981209585,3000197,0.11413647091489655,0.3788597847160597
0,100001.0,50,432,0.11573935166348605,0.3766207169463065,-0.12280646277519673,-0.04131086660287757,0.010826489870666622,0.2637936526906958,0.1334027693917803,0.05722313034560255,3000198,0.14649307999061692,-0.25056805976271945
0,100001.0,50,402,-0.10029483473470616,-0.3443646423739,0.0666649077470143,-0.04115363936041122,-0.014768983571194369,-0.07632310249632138,0.1222986432141918,0.20749095512492444,3000199,0.14086069210292815,-0.21287834515296303
0,100001.0,50,431,-0.6438552793128105,-0.4053859567399629,0.8349681135940406,0.5236474594128131,-0.03971620941527216,0.3714600234099154,0.12282312925170062,0.3534633230268733,3000200,0.12086977648202145,0.2218520253567641
0,100001.0,50,423,0.16368563333792982,0.5946959296319559,-0.04341854823095189,0.1937377287568273,0.032923821645948884,0.492644959868658,0.11026268615554324,0.5542719774440931,3000201,0.12204942217851,0.0380293165111792
0,100001.0,50,441,0.03710199269741711,-0.9412506771316712,0.2318158750768056,0.5115484152744283,0.04010105043210824,0.94120117361833,0.10346311143505024,0.7537143083679871,3000202,0.11009223509223512,0.36873557652534655
0,100001.0,50,415,-0.8472597346852246,-0.4010708037382577,0.967605534611512,0.43552419151124616,-0.07001543489101933,0.2640340628795373,0.11047880690737832,0.4160692411153798,3000203,0.11915154950869243,0.14648221848370965
0,100001.0,50,432,-0.17774273563361592,1.7825560005201666,-0.08809715759597317,-0.4721191097925582,-0.05401519495040169,-1.774745865457675,0.12527855969974186,-0.3684190174469565,3000204,0.15783257747543467,-0.9204763173994012
0,100001.0,50,424,-0.5020877047458612,0.09645813611625688,0.7249618453604681,0.5514015102321478,-0.02099473194094318,0.6274101952433545,0.12046315532200907,0.21833482170013185,3000205,0.14779721412374472,-0.4817861438095666
0,100001.0,50,421,0.14615033906626054,-0.09049001288046486,-0.0771593773567678,0.0986580443231078,0.024208698427616325,0.5436107953044529,0.13113684627290068,-0.09006381118338018,3000206,0.15640772438007458,-0.9369565766916276
0,100001.0,50,437,0.2959145001866084,-0.1399524310946124,-0.16822158677022234,0.17650343882975705,0.04736910117580394,0.5260817003759017,0.12890849110728625,0.13471116270605107,3000207,0.1470455950975432,-0.25949660548338604
0,100001.0,50,374,-0.14784942977351884,-0.9151527003050705,0.29313436119277736,0.31709640243660553,0.0046056966971640845,0.23464918939022966,0.09901529672642542,0.5753560736149591,3000208,0.11862674362674365,0.20979753994789346
0,100001.0,50,490,0.018348517314983187,-0.9048185581728324,0.1472323920992137,0.31573431180015976,0.024193521270069542,0.43818581522831374,0.09363569548422393,0.9146283873794889,3000209,0.10824990373507896,0.5692691796832511
0,100001.0,50,414,0.4599916059611178,0.17828299268077566,-0.3957058214069821,0.014545523994010403,0.05554253489271973,0.4890262083934641,0.11199452003023433,0.5257106427835705,3000210,0.12821594803334868,0.15239565799958474
0,100001.0,50,498,0.03364461698109813,0.3665785559094822,-0.0814858917275735,-0.10047868976189496,-0.0030306491141984093,-0.2173761468063492,0.12516499136968232,0.2866042310999931,3000211,0.12974946075991378,0.22456163561085649
0,100001.0,50,406,-0.12229440141912246,-0.7746261378464899,0.08249613493896392,-0.04783938904493155,-0.017842426841693345,-0.13347041190657358,0.11558512293806406,0.2680499832681413,3000212,0.11370156758355515,0.41865436622156427
0,100001.0,50,437,0.2339656691393296,-0.3433586964154777,-0.1925305590217759,0.024350017505386304,0.029410570811600305,0.17627177625318186,0.11286878881987568,0.4627575192668134,3000213,0.12830215419501134,0.11682340901157078
0,100001.0,50,420,0.4003518388253254,-0.2591906865718171,-0.4461605226834122,-0.1843427108063164,0.034574399762655826,0.071052630208604,0.10964634300925337,0.4989462079340878,3000214,0.1231211532231941,0.20973290098527497
0,100001.0,50,401,-0.4301478342022187,-0.5216369819287029,0.4425346624328375,0.12689036899681308,-0.04215205933788272,0.17472723052291295,0.095719208736126,0.7772750789742066,3000215,0.1051426252319109,0.3835959999171392
0,100001.0,50,379,0.3555297683302669,1.4357476162931024,-0.7595523939849212,-0.8683256772170409,-0.01847351216371771,-2.4029589099646733,0.12787998411043247,-0.3169654292554659,3000216,0.1451652089407191,-0.9041660977391248
0,100001.0,50,426,-0.2243942104199529,-0.19761813379847085,0.1257416691212633,-0.13738591536080366,-0.0361796619580259,-0.5189735363141837,0.1218441922223435,-0.033209265790489335,3000217,0.14640601138414547,-0.6187353863335883
0,100001.0,50,333,0.08322453954551831,1.1096196639886993,-0.3544300273597307,-0.5465632211337063,-0.028332987425013167,-1.1475372847020024,0.12256663671758007,-0.02362502232071524,3000218,0.13930976430976433,-0.3171462096132051
0,100001.0,50,466,-0.03789077720391771,-0.018249937486509958,0.0549545486902616,0.04203270613341005,-0.001550651394266756,-0.023274378125259627,0.10148645093396476,0.5698431810392173,3000219,0.12182208649883307,0.09111096667678696
0,100001.0,50,406,0.4003971206419358,-0.08163303754512698,-0.42632989590946335,-0.14597495332391294,0.037281938044041764,0.035380940533665,0.14688208616780066,-0.346172010053222,3000220,0.1374956762365964,-0.37481026284056224
0,100001.0,50,451,-0.382859687521879,0.3863729298233311,0.3564331959059687,0.04017902195182151,-0.04252032482262287,-0.3622226711777055,0.13134353741496604,-0.18632333691758748,3000221,0.14111850097181736,-0.4486785936659617
0,100001.0,50,331,-0.06033975811984965,0.2873204783632756,0.04427107811319272,-0.016683387899659615,-0.008348237101404716,-0.026407952814390928,0.10878569114720714,0.11537342760057127,3000222,0.12115810179493484,-0.04846302141079501
0,100001.0,50,477,0.08092117673463625,-0.8395629888792719,0.051870126340198296,0.2375037422889364,0.026141884712769767,0.6269666757886252,0.09941249226963507,0.9712901307381816,3000223,0.12827708006279434,0.015641535161024928
0,100001.0,50,440,-0.330911425104825,0.3772846286760301,0.3565370106274169,0.12855724982682445,-0.030215207489828918,0.028883240854083524,0.12122071050642487,0.24393298007330705,3000224,0.13910564225690286,-0.17465130121171918
0,100001.0,50,511,-0.21344344094102813,0.07034651185379352,0.3467523730963018,0.3083740511397277,-0.00371992588905418,0.40428261063906057,0.12218807977736545,0.2554848753404592,3000225,0.134192106594704,-0.13320571990258584
0,100001.0,50,397,-0.31407662342534354,0.14031061471839856,0.2524946885182137,-0.044154397343246776,-0.04033995301627426,-0.46962669874869006,0.1071278511404562,0.4551617876015336,3000226,0.13602916414090388,-0.34579403869813685
0,100001.0,50,448,-0.13580865319514535,-0.11817581430178248,0.14157254559995908,0.04354629112203663,-0.01303984538200382,0.02370912535688352,0.1374039938556067,-0.11180829834690913,3000227,0.1278399709398322,-0.08785455198107199
0,100001.0,50,456,0.11510168250080947,-0.5313560272908325,-0.06322291982772436,0.07291771140056846,0.01871270453224593,0.4408632956322111,0.11679512230424087,0.37101203467407545,3000228,0.14205833848690996,-0.2663159973494417
0,100001.0,50,546,0.2982133541158055,-0.5529346386837175,-0.15751822622670145,0.200918404320528,0.049219929233333085,0.4151141735745972,0.10881421534130883,0.5840183570191279,3000229,0.10812146087485272,0.6167727919802706
0,100001.0,50,396,-0.9929199377565778,-0.7109616275166993,0.9461988334906224,0.14708035659230714,-0.10750973540789972,-0.4712916627850544,0.13449975949975948,-0.28583550810913105,3000230,0.1463116496598639,-0.40288911456973203
0,100001.0,50,406,0.4945741932988906,0.7207800259617134,-0.5016545953401972,-0.13198110768947088,0.049426433703189686,0.4135594172794437,0.13104314759611713,-0.07557779678703158,3000231,0.1220347113204256,0.2108454480507128
0,100001.0,50,443,0.4792465543234885,-0.01544575202432288,-0.4025448492164698,0.0340794508446451,0.05912888481170794,0.4290436576568021,0.11962967004983807,0.2994044647900807,3000232,0.13457556935817808,-0.19731804688752064
0,100001.0,50,409,0.344467046265544,-0.14138800952326971,-0.5023664689197391,-0.3881602892579999,0.013731494994246723,-0.2876320368577093,0.11437552549109532,0.3008201153604604,3000233,0.14578018707482993,-0.4804118020160484
0,100001.0,50,334,-0.3787467147990184,0.2552367790215647,0.33182141305386137,-1.0161737542450398e-05,-0.045067399592942835,-0.3506724936529585,0.14138935829108704,-0.3259292982328811,3000234,0.15396954236239954,-0.6191563614910414
0,100001.0,50,492,-0.05156943863431872,-0.9145533876190725,0.1874973576134414,0.27504031708735543,0.013087243668930078,0.2428861836969105,0.11644372775016745,0.10163091289652172,3000235,0.13617346938775504,-0.1478539568608195
0,100001.0,50,390,0.3520804489581386,-0.139767376229233,-0.27539119802883794,0.06431745980982059,0.04626945378960872,0.5549994201914348,0.10732963705713497,0.4539350253403139,3000236,0.11159981233872854,0.5785287759213876
0,100001.0,50,485,0.3029653923720291,0.7397346355489292,-0.3194201129640991,-0.10394334461375808,0.02857854779773548,-0.06974088384479066,0.1220935464132743,0.16494778303400395,3000237,0.1111381060360652,0.5022272618538949
0,100001.0,50,460,-0.06259325083430045,-0.03995599529620812,0.16125874453641068,0.20577503965647728,0.006951592715397623,-0.03426615895065035,0.10355204257868947,0.5108953781979222,3000238,0.10886175898931004,0.4151760530581012
0,100001.0,50,445,0.2688967912859456,-0.5961934437633789,-0.0698185210321051,0.3210655094416671,0.05424913111937415,0.7741224414708133,0.11676949849707315,0.6009158628072686,3000239,0.12325353218210355,0.23758389172310784
0,100001.0,50,364,0.1553678622239914,0.00393613957207314,-0.15251657222917372,-0.03173841030641261,0.016238608030212442,0.2332824215651826,0.1111058620979256,0.2831124532527829,3000240,0.12360166288737713,0.01308517944699391
0,100001.0,50,466,0.22185981610514824,2.3033587643702305,-0.5578025356126359,-0.7026215001328115,-0.02277428659897391,-2.2660170017369703,0.14256279434850858,-0.2748912025777685,3000241,0.1395350513086591,-0.4978410204841633
0,100001.0,50,500,0.07180646916054657,0.9746162150382476,-0.29454548533641434,-0.4476050763750152,-0.02273002451581061,-1.0444060903254777,0.14032759568473865,-0.2687396736560438,3000242,0.15991022259243834,-0.6882428117603142
0,100001.0,50,537,0.006842422384824732,0.2940097876238542,-0.19804581178992686,-0.3709637709305815,-0.025054227618712604,-0.7296275892003543,0.12462943893153601,-0.007492603562768781,3000243,0.1398869406917697,-0.4813392498712065
0,100001.0,50,456,-0.2265470435386129,-0.23888849276022545,0.516826991981978,0.6155676784171756,0.016143132520892813,0.7115809844506863,0.09920462087273936,0.7770927091595126,3000244,0.1076994434137292,0.6324955929434789
0,100001.0,50,434,0.1368666578851692,0.15491792248254108,-0.1710410682671497,-0.0988161823796419,0.009313734133744324,0.06502633705586149,0.13368469215097198,-0.13030042092963612,3000245,0.13643380429094715,-0.31645215639236496
0,100001.0,50,445,-0.16022848183129082,-0.7959638984883134,0.6774490303448968,1.0390432416884516,0.053551002700996414,1.7643652495557092,0.10475218658892133,0.8965182426910685,3000246,0.1251280081925243,0.1211864556531443
0,100001.0,50,446,-0.4270963298013465,-0.6686897361539192,0.3964235978030074,0.04253475359863882,-0.04760088730240234,-0.4192380274392084,0.14277160568369354,-0.3858087021378022,3000247,0.14171390778533632,-0.4184455699545637
0,100001.0,50,455,-0.06584794667639969,-0.8183855425420444,0.18186773994276748,0.2401484432585373,0.008965049809630992,0.4218024492375176,0.1277418284386923,-0.21735888355530047,3000248,0.1500916772959183,-0.4980626467149438
0,100001.0,50,412,0.1195217396910402,-0.09244182757303232,-0.06971173746685702,0.06788949365954744,0.018910174446716933,0.2075673677449069,0.1281429698951404,0.020686939364007992,3000249,0.1179415375172625,0.12642252252554545
