start,end,N,SS,TajD,FulD,FerL,ZngE,FayH,bsfs,btree,Colless,path,iColless,ibtree
0,100001.0,50,431,-0.2483772892843294,0.9350516929549776,-0.4093262431275994,0.23051746050904626,-0.06583065525885119,-1.0044917219857692,-0.7809519947394741,0.1551097711811999,3010000,0.180922879355824,-1.137759932210339
0,100001.0,50,430,0.29924149550196405,-0.22641803382554246,-0.11694949832807155,0.2571165718575759,0.007036609556766197,0.3652920849650327,-0.35424835683298705,0.14600973368070608,3010001,0.12822711051633767,0.02268937900931924
0,100001.0,50,397,-0.2511790023967521,1.520220941784593,0.4192240608829385,-0.49709839899952,0.03218178875170088,-0.3219884277932193,-0.1966942862253707,0.14108859506243815,3010002,0.14414515806322525,-0.3010186705905964
0,100001.0,50,370,-0.14800818620386152,-0.3694484796996861,-0.5803796125475129,0.43227873217552143,-0.07927219812383736,-0.7633593049032955,-0.30805945774789634,0.14856886150686693,3010003,0.14337225274725274,-0.32612685199651426
0,100001.0,50,444,0.4856980409871836,-0.5233724651142982,0.10768042489876972,0.1565979070853797,0.0466519026731948,1.2270988263128142,0.9147307538774362,0.09832466640502356,3010004,0.11273750879662207,0.2502760526411561
0,100001.0,50,385,0.07768186237825964,0.2087558768773552,-0.285076051602427,0.28993254277167924,-0.028405137030700005,-0.3768447020180959,-0.4651285651479502,0.14711818793451442,3010005,0.16580886740661174,-0.9656450260257616
0,100001.0,50,469,0.3871833703570897,-0.16560671722678988,-0.4898616578585934,0.6297102200880536,-0.03094404005688585,-0.006879195976098315,-0.05745042809955895,0.13343637947789946,3010006,0.1545400769003254,-0.6750984662096048
0,100001.0,50,405,0.357077723735604,-0.7318374610193839,-0.2258631478624648,0.3823306179325032,-0.0018428550824803934,0.5834423891469085,-0.4253374056386931,0.14358790391156476,3010007,0.14683922349427578,-0.5445667898980511
0,100001.0,50,451,-0.8109301717570808,0.8134830927342239,-0.4498053248771348,-0.024783421279025938,-0.10984604428115867,-2.176794984179074,-1.2642869815975015,0.187948531060776,3010008,0.19551050508699053,-1.6241555798767469
0,100001.0,50,374,-0.5746326375969826,0.9051969376420632,-0.3817950576137318,0.038188745029732254,-0.08549437378833798,-1.525349996937027,-1.1652974187463985,0.17078189300411506,3010009,0.18802061640982926,-1.6445006874201842
0,100001.0,50,503,0.05117972839263274,0.7723271061354198,0.07355283412612235,-0.03801949085129022,0.012263766257087095,0.1366654943113759,0.13781234060353206,0.12749787414965985,3010010,0.15811120366513945,-0.6548384957693336
0,100001.0,50,455,-0.11320134590349636,-0.5252788217903013,-0.43797162175281895,0.3254762011738597,-0.05974226073470984,-0.5500426491654333,0.16768299230589248,0.11746348285507092,3010011,0.14080070803831732,-0.3915078045124136
0,100001.0,50,404,-0.4271526551405424,0.33743856346965456,-0.5909356028156468,0.29744446058350904,-0.09991125917915963,-1.3169188084259873,-0.6210498414092432,0.1502821799110705,3010012,0.16574480259393473,-1.0562494977752561
0,100001.0,50,455,0.027224023621284503,-0.590413648624022,-0.8912411738298119,0.7954675288392529,-0.1035953065336416,-0.30888063469661114,0.017154108341722898,0.13095238095238107,3010013,0.16453294280675226,-0.6882279796176415
0,100001.0,50,508,0.6146522842119793,-1.0480597917208656,-0.4038459455255573,0.6721943313886642,-0.004865153851830544,0.4986410217143378,0.3105089849542028,0.12814322157434402,3010014,0.13413103336572724,0.031933939847675695
0,100001.0,50,355,-0.5114692690759678,-0.03762570685757057,-0.4227372737031121,0.10676939873256132,-0.08600401861278874,-1.0942351875951408,-0.1583126946756673,0.13580640589569162,3010015,0.1540472572007526,-0.7798530616760025
0,100001.0,50,434,-0.2732757947826873,1.3837422168403606,0.03651137920795815,-0.17320056449339674,-0.014752581384777969,-0.9013166546707394,-0.22803947415884776,0.13550447352854192,3010016,0.14208410636982066,-0.41809641931950575
0,100001.0,50,359,0.06900367433556333,-1.1454300899488408,0.19282195564500226,-0.13339073381141545,0.02773659675377886,0.303963419108383,0.4599170715763872,0.11542560061999482,3010017,0.12699920393689387,0.10855164424188704
0,100001.0,50,459,0.00953878069157104,0.7096922626951742,-0.3573148451672368,0.3182121757135009,-0.04162396238360524,-0.6058049218418033,-0.17507043554401433,0.125632717541993,3010018,0.14436619718309862,-0.6087055381102556
0,100001.0,50,425,0.1263260380468212,-0.4343015698754072,-0.4288466878223352,0.4411919620701651,-0.04199384928598951,-0.2040882603728784,0.8414051492442655,0.09998281227384576,3010019,0.11676273562860255,0.24952018784316424
0,100001.0,50,294,-0.3706655809313276,0.6358960147205388,-0.15873330516686168,-0.051564918745721326,-0.04489987756131342,-0.9001182985038415,-0.28805607381389464,0.14001057740169226,3010020,0.17402769188483475,-1.1438579166865517
0,100001.0,50,331,-0.28582308715835186,1.0914573846849775,0.37743776270552576,-0.4778777945231488,0.024922243278276662,-0.2343880042994345,-0.7553074565043216,0.1614983655799982,3010021,0.16125810789432052,-0.6442305199698645
0,100001.0,50,424,0.25527338406030514,-0.14808141337561062,-0.6194455337574686,0.6748779048386526,-0.05557710147340725,-0.04216567212066503,-0.3413406384669098,0.14368556701030932,3010022,0.14226622852530832,-0.4784647633882946
0,100001.0,50,436,0.41892242287076825,0.13910728681769538,-0.0249655022921896,0.23833982133406176,0.026287092493517208,0.6646668109079,0.19386354368237974,0.11903390388413428,3010023,0.1292586140147116,-0.01921774543729261
0,100001.0,50,406,-0.25965261849901944,0.53841342061925,0.0844041047884882,-0.20804199143672414,-0.008126830314375005,-0.6277910723890312,-0.020757830872559592,0.12492013379937608,3010024,0.15660534286707375,-0.7532080890304408
0,100001.0,50,297,-0.2896280016439825,1.0938071465518258,-0.6581579446614501,0.4274928503027007,-0.098788239577525,-1.5695616226106757,-0.5000570281851832,0.14000721500721505,3010025,0.1805803571428571,-1.4854294094941995
0,100001.0,50,337,-0.3018595872608508,0.8381082485633773,-0.2457286080004616,0.059790235679590215,-0.05034907338504037,-1.0263154536918335,-0.21267153305959535,0.13799319727891166,3010026,0.16007251957386728,-0.9994463924127612
0,100001.0,50,495,-0.21504301112395835,1.1075407104563897,0.2574828499157937,-0.3370315558497388,0.015442984854541878,-0.4257379277441653,0.1401445028106753,0.12120969464018798,3010027,0.14141212040371692,-0.2552921624014297
0,100001.0,50,481,0.04656372782052668,0.7732508101388709,-0.619849700600455,0.5675941376842114,-0.07006502788802015,-0.3933836503748039,-0.6359916757006081,0.1386697922412209,3010028,0.14930100480559197,-0.7621965386598936
0,100001.0,50,509,0.1825635300397896,-0.09120748367148868,-0.12489947948242873,0.203997021808712,-0.002029794377477981,0.05395171020205071,0.08298547950806233,0.13250572506230213,3010029,0.1498398629524803,-0.5110312915844336
0,100001.0,50,424,-0.558280466424126,1.3540901049315752,0.5580312409420385,-0.7775563702939996,0.02714341671272168,-0.9043881754929324,-0.3476756405868883,0.13995103535919853,3010030,0.15712939852199875,-0.7971308521807926
0,100001.0,50,454,0.8483751081470016,-0.8782011922477506,-0.4184281631891635,0.8053807036872934,0.009676529513440066,0.770981704840402,0.6810722777728816,0.104497903812688,3010031,0.11817274986917845,0.09394479709685667
0,100001.0,50,430,0.1434165729680612,-0.3642166478692398,-0.13005847822529396,0.1881067689826928,-0.005395257550779433,0.2215253406020379,-0.2536331798201028,0.1294693472627145,3010032,0.16011904761904766,-0.9340002798637907
0,100001.0,50,560,-0.07826362563676435,0.12008921459974675,0.07690374455509899,-0.10798127557914038,0.00362324273988869,-0.039363560169805176,-0.1320500811066991,0.13804102426997,3010033,0.15651102213037116,-0.6347383740308357
0,100001.0,50,480,0.4699400706810473,-0.3917309990688096,-0.7624224283176877,0.9115657595561054,-0.05739432090745199,0.03926618627007625,-0.02771379959959567,0.1299004137737569,3010034,0.14042372268056158,-0.2049977435996027
0,100001.0,50,449,-0.1611313751052703,0.4357536664402864,-0.6524296763069735,0.4887221393038635,-0.08848829268935575,-0.7640533941567531,-0.6969299034560555,0.1605460865664948,3010035,0.16354622206025274,-0.9513991609938748
0,100001.0,50,499,-0.2685792386430753,-0.2052536182285106,-0.3004653611565348,0.12452708397939888,-0.05425279802947381,-0.4413428170505763,-0.5422528390700755,0.15749985338963188,3010036,0.15631469979296053,-0.5783061921601907
0,100001.0,50,390,0.2320227638856421,0.08799204449458138,0.2026830478407072,-0.05790348450399745,0.040259534094682935,0.7508260017891052,-0.2267887618441293,0.14279134272756716,3010037,0.13011778785588307,-0.10246094572943314
0,100001.0,50,459,-0.09561865336678838,1.2585402737892433,0.2970546983397665,-0.30987773610638514,0.028484973904086164,-0.1669345352291363,-0.6921096404906429,0.15499480046795794,3010038,0.1534565580618212,-0.8488189976565581
0,100001.0,50,378,-0.6724809435487051,0.3518309264609257,0.19565014563885602,-0.5183866268886905,-0.02376734532710825,-1.150205584307234,-1.202125187018925,0.18362818500181127,3010039,0.17769679300291544,-1.0451530444648711
0,100001.0,50,416,-0.40012044584910206,-0.12321014503143962,-0.4141619334063009,0.1564112457586158,-0.07703132884635032,-0.8479477994777678,-0.359654363379379,0.1437630607798676,3010040,0.16235933625786764,-0.6437436856730159
0,100001.0,50,407,0.11847865796753985,-0.053136273229658505,0.14813196140654208,-0.06867173309177647,0.025838993611529387,0.24558606917406145,0.06023196271996259,0.12495378586217087,3010041,0.14880952380952378,-0.6466189314339129
0,100001.0,50,342,-0.4565384935417238,1.1671166848632923,-0.3394176805560953,0.06215900224531596,-0.07229930103603367,-1.6612723459731726,-0.3044581101429177,0.13327847267939427,3010042,0.14537884119164904,-0.6675303532202307
0,100001.0,50,402,0.062372291160754996,-0.5285343561241602,-0.17479866100132913,0.18541344262619847,-0.016373577349407174,0.2186977739288143,-0.7174631747443599,0.16557086752226666,3010043,0.16444970845481047,-0.6836749352357511
0,100001.0,50,413,0.02784892771321506,0.5094125175524088,0.19308336512765448,-0.1548701275219048,0.02483354200841803,0.06303191775229915,0.27001983256182444,0.11684008578800988,3010044,0.13096556452038186,-0.2505766916120228
0,100001.0,50,539,0.4577382994839163,-0.4347233912917791,-0.09963471371726323,0.3243568745795249,0.0201443291317026,0.5991560411533867,0.528533448829036,0.11333245744649782,3010045,0.12786455364268606,0.00911629856124277
0,100001.0,50,447,-0.6956483585475884,1.214806747907653,0.02872495860769465,-0.3847093252056786,-0.04515243020880141,-1.7256843932318533,-0.9368233599755144,0.16503913393314326,3010046,0.19263198237041296,-1.4984634241690935
0,100001.0,50,404,-0.10224477211290968,0.7772715020925657,-0.1854447482600024,0.10976134102363606,-0.029132424551486895,-0.2810989824860552,-0.08783149942663615,0.1367094134951278,3010047,0.14712885154061625,-0.1991589208388361
0,100001.0,50,365,-0.3167111805657617,0.8462922043808218,-0.622460840210508,0.3821564448316152,-0.09608167114470373,-1.1307166603890502,-1.1171602077471607,0.1700026164311877,3010048,0.1977554758167003,-1.6191805444928635
0,100001.0,50,466,0.12448648569278392,0.8404272536111881,0.07196778692561935,0.001262799791869668,0.01720208602798729,0.15843194514535106,-0.2536666394084576,0.13015518707483,3010049,0.1566010124980224,-0.8408530765129827
0,100001.0,50,411,0.016880952964821318,0.1675697284087499,0.3765268925447995,-0.3213320728164034,0.045817072420357485,0.3149535530102165,0.2075964188758212,0.11479108688930115,3010050,0.13268707482993194,-0.26327771720291043
0,100001.0,50,432,-0.26021408049133155,0.9938605975397083,-0.27227069292492545,0.1042502419388894,-0.05041939326050522,-0.7455057835018332,-0.015625160006400234,0.12635522959183673,3010051,0.13650747184119555,-0.5043636954396675
0,100001.0,50,338,0.0584950967730674,-0.3117343502296824,-0.06631866079244772,0.08823952854187178,-0.00379772281429099,0.06708642327770052,0.29801323309576666,0.11202699829931972,3010052,0.151780712284914,-0.5775962391568674
0,100001.0,50,375,-0.3752638490090914,0.0651990979406079,-0.31185451348970983,0.07972829646016831,-0.06325380701649724,-0.7097748661525056,-0.3958595810426479,0.14414199745832387,3010053,0.15368323255228014,-0.7036132445024795
0,100001.0,50,377,-0.22039797728042532,-0.462976941413145,-0.3930524500836921,0.2307703564009961,-0.062066725959619914,-0.6174383070191494,-0.4002879335233107,0.14381377551020402,3010054,0.1543290043290043,-0.5815267544970362
0,100001.0,50,386,-0.08344284023298829,1.3502151081466407,-0.1957968649915896,0.12854631938074673,-0.02906642966900733,-0.8058082793359734,-0.855628801607495,0.1586356764928193,3010055,0.16338435374149654,-1.0190939215743726
0,100001.0,50,469,0.11732770251374895,0.11879809473887712,0.05153653225009422,0.0154785830644629,0.014284079914579247,0.008108321294940112,0.04286117276333287,0.13077574024778998,3010056,0.14455049261083747,-0.5077407170739779
0,100001.0,50,400,-0.04496791218643411,0.9289553627760384,-0.2308565092215999,0.1791344513607446,-0.030521698819414706,-0.23178448993641235,-0.4033418033892929,0.14195483749055174,3010057,0.1609662383471908,-0.81772524189861
0,100001.0,50,346,0.35965466159043274,-0.7226099089233763,0.09373025720955336,0.10321178963236967,0.03629738471567867,0.4155627743456337,0.3212570585446308,0.11515587830224125,3010058,0.1408621140763998,-0.07164093252411394
0,100001.0,50,404,0.5394924297635678,-0.32231084446471403,-0.04713833657098083,0.31984285756802056,0.0320916435733596,0.6085051699751687,0.2553864095238241,0.11771453373015885,3010059,0.13412116983545558,-0.29217959759762313
0,100001.0,50,301,-0.13610222036348904,0.05396379494945177,-0.4151062308256271,0.2935720493703536,-0.05902951107500224,-0.5815385212796633,-1.3332839227585391,0.17613271723783858,3010060,0.19684031507339772,-1.7223780135417703
0,100001.0,50,450,0.3238523930040886,0.2299090045401953,0.43880442822567417,-0.217328028905042,0.07455171442310053,1.3785732666702224,0.48032077170571996,0.10983704706372344,3010061,0.12582312925170072,0.029081161782474156
0,100001.0,50,555,0.9299907560508816,-0.704377166541422,-0.6653710820954334,1.0651557639228968,-0.013729443225053754,0.8916985410260149,-0.9770775612899024,0.16318141606418354,3010062,0.17464336480860995,-1.2571196543452654
0,100001.0,50,408,0.1215597886020505,0.3018824806324792,-0.7866865296942332,0.7523323823726739,-0.08478463310897036,-0.4400556969415511,-0.8335806404494427,0.1591428969248518,3010063,0.15290587388801674,-0.673820814992996
0,100001.0,50,408,0.39207345574595776,-0.4966217175633906,-0.32365990900073344,0.4861415162442612,-0.010992286709822566,0.5189425675225954,-0.12250786946577287,0.1346522052529621,3010064,0.15928871548619447,-0.7228774227862635
0,100001.0,50,393,0.09037502496066352,-0.12615445423978802,0.3041047417415566,-0.21989575080798496,0.0423924264027348,0.5454302745130023,0.43917927094470827,0.11695447409733115,3010065,0.1281136514756278,-0.027948661303345026
0,100001.0,50,429,-0.276488389072389,-0.21926810939719765,-0.5174421067736509,0.3107767914453205,-0.08060606089094392,-0.8737938738142482,-0.6149675183360924,0.15191528992549402,3010066,0.1579010770975057,-0.8915582823401655
0,100001.0,50,423,-0.4481612773636477,0.209516507318392,0.011155737779217705,-0.24126710633016996,-0.029969938520584882,-0.8028812158171256,-0.0965688256647854,0.1342259447131452,3010067,0.15918643880316352,-0.7621742410970181
0,100001.0,50,407,-0.13142927403198004,0.05601652568860085,-0.05155807763217556,-0.02266593147655321,-0.015292634947350245,-0.3350594454032919,0.04937499199687186,0.12764845521541945,3010068,0.13277556785426034,-0.2551331421135671
0,100001.0,50,500,0.3173256935969361,-1.0713230714587836,-0.7178980962983249,0.7937059224527494,-0.0627337872108974,0.04146845969492391,0.20293738662939645,0.11894468313641245,3010069,0.14996102607709752,-0.5719189527808772
0,100001.0,50,483,-0.2017373189327519,-0.2563268931199158,0.2949602991756617,-0.3629764428641808,0.020811444411731432,-0.32149642225415725,-0.46008286331257997,0.15202702702702708,3010070,0.14125094482237338,-0.6178904912043494
0,100001.0,50,432,0.5755931011303382,-0.27491026812450736,-0.3142061322677717,0.5728258618584048,0.002962627914066897,0.5125821221078932,0.056395892554461924,0.13216645039518685,3010071,0.13356413994169095,-0.08209930391161886
0,100001.0,50,407,-0.4128504358688531,0.8200861181164172,0.910239705454692,-1.0110239028436006,0.07909354113843871,-0.16512937129630947,0.08929552051342404,0.12414485568238595,3010072,0.1345775152166129,-0.15376902215345264
0,100001.0,50,343,0.4513043244430578,-0.09640919105889202,-0.112872488353443,0.3314378731803264,0.0181402323350756,0.6292934327783155,-0.4236729373108886,0.14618347338935572,3010073,0.1395784275248561,-0.29865700935344386
0,100001.0,50,424,0.4019685960237064,0.23619502154018154,-0.33808249123594003,0.5040032842348111,-0.011994714075516107,0.428302176989961,-0.021252853717038552,0.13260459624264218,3010074,0.14935127276717136,-0.3396314398699299
0,100001.0,50,493,0.4199690041550776,-0.34805889643530924,-0.09170531099809244,0.29766703087516705,0.01845068133349344,0.4113804678265605,0.14352108338035965,0.1232123081790856,3010075,0.15310568671913222,-0.6248370143323886
0,100001.0,50,375,-0.5999576235703676,0.22307112193691564,-0.7456348630603242,0.3439784126807409,-0.13046153988807668,-2.120985788130336,-1.3665329884054045,0.18850256151843456,3010076,0.19494291969661431,-1.6744670284006125
0,100001.0,50,414,0.013465037755128292,0.6433301103616643,-0.6408232289195392,0.5686832711716753,-0.0750219846392045,-0.3938415393387775,-0.8772331078403333,0.1682818097653263,3010077,0.15303001934718846,-0.6960303645211019
0,100001.0,50,397,0.04072569072869043,-0.2699329960310114,-0.4989616272538765,0.4583577796394365,-0.05634152442572427,-0.15728376521613516,-0.4835026876956692,0.14551095163340055,3010078,0.1923025732031944,-1.400022187332198
0,100001.0,50,458,-0.10342591835599098,0.03896371108177736,-0.30081129590546235,0.21027403953580895,-0.042820850363729415,-0.3375544634412202,-0.6087664840793069,0.1531538357917424,3010079,0.16488725119677505,-0.8623651458617642
0,100001.0,50,427,0.18867474167739987,-0.2742488830666396,-0.013660015826703538,0.10944023726626644,0.011554460144641378,0.3067308428194211,0.4075558043113993,0.1104612576738012,3010080,0.1256084330283838,-0.09937263275254543
0,100001.0,50,390,-0.1683690014439383,1.8341476033771635,0.02075321313847121,-0.10507912824651773,-0.00930065382183038,-0.7530099533064758,-2.6924559956068452,0.2533657175445029,3010081,0.22012683578104136,-2.3523781235864742
0,100001.0,50,394,0.7341628011192393,-0.6226894042451445,-0.32004042192193705,0.6594299691853545,0.013320580487655756,0.7573173153113643,0.01792741891736129,0.12562971134399722,3010082,0.14049969581328475,-0.4057568681610757
0,100001.0,50,392,0.4282691607582547,0.4484323742527392,-0.24506497073291605,0.4358202578802876,0.0008443277763039709,0.5311405055609566,-0.39115862409901775,0.14648495267672282,3010083,0.15075124538004184,-0.7604251945861464
0,100001.0,50,475,-0.7382469206420466,1.2614269696985274,-1.1135764708493627,0.5946432632904148,-0.1832384353135633,-3.1825169747984243,-1.3841343406419178,0.1765673837102409,3010084,0.20003401360544226,-1.7736203384811988
0,100001.0,50,435,-0.2749106330408621,0.9983945022754313,-0.05838607089981804,-0.09085515093149864,-0.02610693680584146,-0.6698435650545805,-0.9898077009927478,0.16471180863649815,3010085,0.19413035484464053,-1.6351970540436696
0,100001.0,50,448,0.0923599082516301,0.047191113197531324,-0.995138668063264,0.9201943698276333,-0.11137384703149622,-0.5387277501004599,-0.10280341558940803,0.1259815096251266,3010086,0.14593091334894606,-0.6325395040317667
0,100001.0,50,544,0.23175650194974626,0.2478257340070417,-0.2490724271841944,0.3384376495215827,-0.013256360823692272,0.04737402470940162,-0.5116667461798298,0.15472105872916855,3010087,0.16395757020757018,-0.8007359134004746
0,100001.0,50,444,0.2464173313903524,-0.3231546582453652,-0.25335170346047803,0.3494599085928761,-0.01279999220720359,0.1721468624877552,-0.10289171543135812,0.13759127504212695,3010088,0.14456468071099415,-0.3634194811114573
0,100001.0,50,513,0.6554243231425692,-0.5208473720694321,-0.9276039164742922,1.1526362946201,-0.06391338014408793,0.026877122221803853,0.1335099895692573,0.11641561386459352,3010089,0.15361261692176875,-0.5859803755169779
0,100001.0,50,421,0.2295912348471107,-0.2663982804741293,-0.1498292276739378,0.24992573287468156,-0.0017246090662483453,0.22972838285213884,0.0977143495585066,0.12317105613194998,3010090,0.13075820879532918,-0.2746922924566847
0,100001.0,50,370,0.2353166509593609,-0.5294392550063115,-0.09536861148077652,0.2049406580288358,0.0051211081468761814,0.4154954272243052,0.4641843992410446,0.11352275716916595,3010091,0.1496598639455782,-0.5719793571170702
0,100001.0,50,445,-0.14974045202028044,0.1030031477738914,-0.06630926323013939,-0.019251543871255557,-0.018303105925294504,-0.4622899300268599,-0.14669359771433382,0.13540879314688847,3010092,0.15333496412263534,-0.6064317579386176
0,100001.0,50,489,0.3844122340584393,-0.8392918015442761,-0.18518906347428105,0.3612306000863949,0.004916276956761129,0.4567726795350553,0.2761309220982666,0.11979560342655585,3010093,0.1349051339285714,-0.16091705659821762
0,100001.0,50,488,0.25459550871791065,-0.5304849831490002,-0.16305578633862874,0.2746697093916877,-0.0015221902697704305,0.10134919136177103,0.028754284983071924,0.1270232230823364,3010094,0.14621864370748305,-0.3417358315453817
0,100001.0,50,498,-0.3105924805977728,0.3963483215553249,-0.8416046047068722,0.5773190330376919,-0.1211581648114665,-1.4548823041057035,-0.3046681217263642,0.13047996976568405,3010095,0.14646258503401374,-0.6967701460040676
0,100001.0,50,380,-0.028513463802679686,0.8001024153209408,-0.2315702895784521,0.18823853094944334,-0.029481515221309325,-0.2469802543750517,-1.51226120535777,0.18885509868972225,3010096,0.17299442299442308,-1.0756581828764955
0,100001.0,50,423,-0.06106667721742951,-0.3507444705922474,-0.2357284505047489,0.1751007547443045,-0.03219732606646746,-0.1252312753941354,0.15075022456609874,0.12522644927536233,3010097,0.14289669356114545,-0.3274151490148854
0,100001.0,50,426,-0.18827958532250744,-0.6844148096731048,-0.9727679187846152,0.7554982418660864,-0.12840450578354595,-0.9605280526948886,-0.7031732968005457,0.16508590615733482,3010098,0.15754866302956824,-0.5371929697022089
0,100001.0,50,496,0.3124805956799501,-0.3957833581855058,-0.5966709973691545,0.6848746720159808,-0.04874736748110516,0.14444673457344007,-0.3728712756079566,0.14489257241358075,3010099,0.14870987457482993,-0.4689622956039226
0,100001.0,50,436,0.09883254677516352,-0.30261119470938513,-0.3721926746109117,0.3773569667536488,-0.03718454067807192,0.07276868016804164,0.17174933003128018,0.12308190321583172,3010100,0.1408398465769286,-0.26402710473994395
0,100001.0,50,444,-0.4012259826652784,1.5121752380531883,0.15089059468238186,-0.3396346150415729,-0.01013808057766036,-1.0647159010555154,-1.7348547606447793,0.1983922434953362,3010101,0.17977062619919765,-1.302244935366127
0,100001.0,50,475,0.5644041895181622,-0.6731907818984182,-0.18306230462071435,0.4523816271360286,0.017721744936831804,0.490346333589271,-0.0272561699751566,0.13211517165005546,3010102,0.15390585764507148,-0.6665606348386689
0,100001.0,50,415,0.18886020067733086,0.3483600648341373,0.16334214713641085,-0.045650712197774335,0.032550178935852776,0.7629669111407409,-0.4578289208613354,0.14269686932364573,3010103,0.16365422137847388,-1.1313354727614329
0,100001.0,50,488,0.1676811965260747,0.8364626515371475,0.21938417663014387,-0.10563694717351026,0.03763961394341448,0.6541287464507707,-0.7086439700262767,0.1544075963718821,3010104,0.16676896322438758,-1.0189583621971614
0,100001.0,50,519,-0.14330549106831347,-0.4101015352818064,-1.0478412899150722,0.8447562795140641,-0.1338027965082183,-0.8776878719580933,-0.8573320546184712,0.1602752514049098,3010105,0.17754952858336326,-1.1045506685798523
0,100001.0,50,391,-0.08332086975876743,0.6851680910609425,-0.09974144030397616,0.044419125997784775,-0.017655359590387245,-0.37833555496059657,0.09016975387951967,0.12497314715359832,3010106,0.14297524565381708,-0.5052619324450435
0,100001.0,50,426,0.23201186538744706,-0.9973555298782271,-0.9116007495851968,0.9189856874098532,-0.0918126303238072,-0.09428709490702326,-0.057413648347239526,0.13206016351494726,3010107,0.1423298001371091,-0.3422182649814685
0,100001.0,50,470,-0.1570001243537349,0.7106776030112499,0.4164795510093606,-0.4463523676066482,0.03832107209426562,0.06313618977901088,-0.24149670544240964,0.1301181610084792,3010108,0.16605294291629694,-0.9830293623649884
0,100001.0,50,515,0.1924898581469421,-0.1285461728192752,-0.10016548804775524,0.18745538658805244,0.0015865426490148649,0.25114532443813825,0.2813235066527787,0.12069470645401008,3010109,0.12341899722852105,0.04247189862821882
0,100001.0,50,395,-0.3074717809575058,1.0572581204296267,-0.4766834033911345,0.25910558575781645,-0.07802798336139849,-0.8286852939190913,-0.8422303318019531,0.15596265978919036,3010110,0.16172506738544476,-0.8447617121600933
0,100001.0,50,434,0.0948142035952443,-0.6984322819326102,0.09743726431554332,-0.036432470164391766,0.01816061442619819,0.3356513465370193,0.10243280658241803,0.1323521716378858,3010111,0.13304394338380518,0.009064571653759457
0,100001.0,50,515,0.2931323857549177,-0.9059286110803212,-0.3375902630206581,0.44774947523998737,-0.019451537353830886,0.1576955397807124,0.4952041564142037,0.10481623204837476,3010112,0.11684062938152358,0.4321338090667869
0,100001.0,50,411,0.04058877123688974,-0.1927538123267824,0.32118305146610626,-0.2605778275543609,0.04091162187606887,0.5811964364359864,-0.0850747543265628,0.13242928750447547,3010113,0.1333144368858655,-0.11920129305929204
0,100001.0,50,450,0.09266295547105703,-0.29692659314000663,-0.8059225462407229,0.7544696284400619,-0.08894428495792757,-0.5831441334114095,-0.3632984703544225,0.1395688333136723,3010114,0.1475862274734455,-0.6325531962272154
0,100001.0,50,495,-0.04808506087399631,-0.4198714936534919,-1.1260197984478042,0.9625223480739631,-0.13648351764775984,-0.60501752798763,0.5016401282718362,0.10715687373850637,3010115,0.1310318519931337,-0.25284728945015944
0,100001.0,50,454,0.4665683987143174,-0.4865362495638387,-0.11729880117782042,0.34401073739075266,0.018676222604341285,0.8022139281114107,0.33751192315730233,0.11581124987308347,3010116,0.11944777911164467,0.2710946428148636
0,100001.0,50,446,-0.11914908716643227,0.5937025462368981,-0.3049931916374395,0.20581437304422812,-0.04442850432487625,-0.5845993214736864,-0.7055322989866408,0.15414433929996582,3010117,0.164485056317609,-0.9204561093998102
0,100001.0,50,348,-0.1942543749276054,1.6430554689376478,0.4041522935128163,-0.45423420744851595,0.034467517078432305,-0.5169147507516714,0.1960701594880249,0.12193405139833705,3010118,0.1519179894179894,-0.6766088220608868
0,100001.0,50,415,-0.03971257268783983,-0.22263488264959252,-0.06571365360050023,0.03709478679927191,-0.01056253306468422,0.03415779800992043,-0.1524152574592862,0.1374149659863946,3010119,0.1440847465746862,-0.30487773004153923
0,100001.0,50,476,-0.24378536291829345,0.2865826613511869,-0.1602510625847819,0.01444215991628565,-0.03596482026630824,-0.5348548741100588,0.19386173385007424,0.11883009017560499,3010120,0.134118946085897,-0.2401184889936997
0,100001.0,50,419,-0.18583986776866088,0.9852508702371208,0.11003754428075324,-0.19244053179543888,6.447816019087393e-05,-0.3662421029639758,-0.3933957312824208,0.14387476301996208,3010121,0.17409821071285655,-1.0449006870200772
0,100001.0,50,425,0.1286305717307441,-0.12062892956368122,0.0595299199180117,0.014259152952644384,0.01603473753247434,0.25865987635370297,0.040182407500370575,0.13130134129123347,3010122,0.15555909863945575,-0.6246026397528548
0,100001.0,50,537,-0.3022682485398249,-0.0650240798106056,0.3461604289276277,-0.4600713004600927,0.019810758149702245,-0.4742038387928645,-0.10118294201134764,0.13590108174417315,3010123,0.150133471109963,-0.4599563384433193
0,100001.0,50,426,0.07371069562926401,0.5673480711473843,0.0664216416091104,-0.020150715018690188,0.01301643403485508,0.06212198217938136,-0.9745182468246604,0.16007271171941825,3010124,0.18339812115322315,-1.474513340157173
0,100001.0,50,368,0.11964041590299422,0.08878265494997993,0.5106983654287655,-0.3858425436463876,0.06902015116267661,0.8296605349218843,0.2546392790517265,0.12279218916482253,3010125,0.12206519776052008,0.2355221064418095
0,100001.0,50,540,-0.01132160466047325,-0.11044324602341764,-0.0026871998429004442,-0.003504624416332704,-0.001106634796448512,-0.05354622808261702,0.32327202779312936,0.11069332946448728,3010126,0.12021970950542372,0.10854602420555877
0,100001.0,50,441,0.028214492886745636,-0.4037254343491836,-0.4191393027904125,0.3820365274297436,-0.047666419503508466,-0.24375045027969144,-0.10822946698179947,0.12057823129251705,3010127,0.14224975704567544,-0.5499337138888677
0,100001.0,50,461,0.6179460097622621,-0.23988990697628784,0.012867500223581043,0.3081827221089485,0.04464408951882744,1.4971940960544172,-0.1347862168085458,0.13309165771571785,3010128,0.142408781694496,-0.485548453289978
0,100001.0,50,473,-0.13423682937658307,0.4659577299699011,-1.0330593949871691,0.8363888882725211,-0.1315803373885193,-1.11302309634927,-1.0578723999481694,0.1719290786490035,3010129,0.18023513753327414,-1.1259532163225243
0,100001.0,50,404,0.22374025280522836,0.3740913083548972,0.08674466669118734,0.03947671600327207,0.02591406488080613,0.4594587708917077,-0.7658182489324771,0.16212853562477625,3010130,0.17417917580255238,-1.2103455569272916
0,100001.0,50,373,0.6350187040210484,0.04350598529064086,-0.4133284745035801,0.6897690393200812,-0.004699555544351084,1.0588722078356876,0.3847690631831431,0.11113026291597716,3010131,0.14961364980774922,-0.5433126796116619
0,100001.0,50,505,0.3557974797798398,-0.4768533898498046,-0.5990427720731973,0.7094108208355594,-0.045992348538351824,0.10947460236522714,0.019969791851150272,0.12963929757949694,3010132,0.13574053782586862,-0.1805676352322569
0,100001.0,50,495,0.06814251204858662,-0.5396685292699529,-0.1689724915023159,0.1834223920476853,-0.015224709450237394,0.03031097285972695,-0.23002615921391706,0.13167350273442702,3010133,0.16659480693685927,-1.0803298217189643
0,100001.0,50,459,0.27728173121760463,0.19312942872428585,0.07326994896801732,0.07910202490137493,0.028021504545626085,0.5411996560838289,0.008005924966334522,0.1308560369960793,3010134,0.12574897508672347,0.1978737621793097
0,100001.0,50,431,-0.14680985250995615,0.3851285546185916,-0.5445805801266848,0.4015610505906516,-0.07476268894072342,-0.7062367186766574,-0.3612708386094342,0.14696436827158044,3010135,0.15885495989440554,-0.8781776260183476
0,100001.0,50,416,-0.2195823697912391,0.05479946795220551,0.0021136702120695236,-0.1152531048872495,-0.015083170934399709,-0.4338114245007074,-0.476381723486855,0.14583987441130294,3010136,0.14908551139754148,-0.6101096616429127
0,100001.0,50,425,-0.07157934843919866,1.1340616316832244,0.00777685314740803,-0.04379195190154537,-0.004076224159642881,-0.6516082547720128,-0.5030082038707996,0.14656887755102038,3010137,0.1470535368618993,-0.6330885136242083
0,100001.0,50,420,0.40548812590881583,-0.04760121661934475,0.07365588763041918,0.14486319292231534,0.03704285109454778,0.6964271226193615,0.3257005439391272,0.11760486184995332,3010138,0.12870030824829928,-0.09554062508435952
0,100001.0,50,409,-0.6544698161965461,0.7275909130065031,0.20674676431704625,-0.5191541867374503,-0.021195879525093997,-1.548797666391336,-0.4175262142926686,0.1374280481423337,3010139,0.14549493266694424,-0.3280257030524344
0,100001.0,50,444,-0.20558458281049244,0.21075949340512268,-0.08222915445120474,-0.0341524666683851,-0.02408649751646688,-0.5353170244858297,-0.0815283529466407,0.13396836567139178,3010140,0.15837585034013602,-0.6192721969952056
0,100001.0,50,419,0.4144220465817303,-0.393343157168414,-0.23165695313413864,0.4171090791709478,0.0014829976843901836,0.4053769159550913,0.08761889911165782,0.12715817321080475,3010141,0.1379455782312925,-0.2937757591951164
0,100001.0,50,391,0.06983292507136847,0.07935287841297897,0.11328906709737352,-0.06325400644448594,0.018320458753038817,0.3620125285901132,0.016215062862750568,0.1303323412698412,3010142,0.14384591045720616,-0.5257993679537707
0,100001.0,50,410,0.08297727794764853,1.0067568387992465,-0.1332933228612137,0.15968488116007615,-0.01000783312674612,-0.07588787772075338,-0.6597508799095663,0.15364931019136627,3010143,0.15960411942554792,-0.8873034635727817
0,100001.0,50,397,-0.5194585347102063,0.6624388465812833,-0.3949727771563697,0.07806107695748324,-0.08313841434585585,-1.4191269871751584,-0.8823764012376288,0.162526089981447,3010144,0.18354591836734688,-1.4617652309346958
0,100001.0,50,367,-0.11860381153174328,0.5415312591135426,0.15967448923354155,-0.20109145868149791,0.010675773688933769,-0.1647097360465876,-0.6016542720620667,0.14921660153423086,3010145,0.1782879818594105,-1.228741636184178
0,100001.0,50,501,-0.3493938950220663,0.31507048008264976,-0.39976887242897335,0.16979253841112574,-0.07162568391140699,-0.9660713603389096,-0.19164830748649112,0.13325144872763922,3010146,0.15337232453957186,-0.5932716310871542
0,100001.0,50,391,0.19448867775551307,-1.245867899254441,-0.32381932216005604,0.38418767726006137,-0.024833247956146432,0.2178692685280464,-0.27095138670177016,0.14248699479791913,3010147,0.14277017625231905,-0.3067497028254327
0,100001.0,50,408,0.03525022536106477,0.4833607074951777,0.2681170841336236,-0.2168165468937018,0.034251568076239323,0.11830146145285425,-0.09962079192875244,0.1238207547169812,3010148,0.14576972521291973,-0.6604338470749701
0,100001.0,50,420,-0.6784545015905675,1.4687899847067134,-1.196813290104488,0.6987156056597581,-0.1892104128406551,-3.4807153630797516,-1.341898114863395,0.18357107240802084,3010149,0.19708387942332894,-1.6496783389692566
0,100001.0,50,296,0.08091732715688889,0.3099804799748792,0.3581125768400423,-0.2720321343978535,0.04838558191032806,0.29693986203564343,-0.02008266870345798,0.12442476990796307,3010150,0.1367805549185967,-0.2891287897020153
0,100001.0,50,367,-0.6154085296194675,1.3883013759098528,-0.09297424846629004,-0.2358899975484507,-0.0540599091799974,-2.2756396402639334,-0.7074522164948359,0.15295299938157098,3010151,0.15342687074829936,-0.8970374753379867
0,100001.0,50,381,0.3450890244676621,0.2454728890375427,-0.6954400087789541,0.7875312646848849,-0.05843576088379108,-0.2994619863723011,-0.2156756341022352,0.12437028865600296,3010152,0.13933016388373531,-0.6661538088787221
0,100001.0,50,391,-0.06576459216774462,-0.1478278263300075,0.3601350963057892,-0.3495847808650433,0.03813523120917793,0.1927605314772046,-0.5704223680858779,0.15246368817797384,3010153,0.16841163548752835,-0.9086550423356088
0,100001.0,50,397,-0.27845753859203753,-0.419112490848978,-0.74430359703565,0.5086449469362236,-0.10774051137729096,-0.7515267153443566,-0.7432141800413549,0.161499599839936,3010154,0.16812577303648732,-0.8664476944909058
0,100001.0,50,473,0.6613330301867635,-0.5680886841786509,-0.004195991604333861,0.3456581867567734,0.045644785007714433,0.8657763894341288,0.2195995529596297,0.12491986323325145,3010155,0.13437990580847714,-0.12440523999507845
0,100001.0,50,403,-0.00965615335389359,-0.09448027135485143,-0.2777493582793644,0.23846856725095314,-0.03361275531376324,-0.1894067762672797,-0.03985928923764197,0.14017497546282195,3010156,0.1375804786200195,-0.13075329574595826
0,100001.0,50,430,0.07867934653365488,0.04917919426185136,-0.7366512496515051,0.6864301876371127,-0.08177702602076603,-0.2287048952869332,0.08379606939754597,0.12465468420870893,3010157,0.14204974919260627,-0.4053831898361087
0,100001.0,50,565,0.1971043764079711,-0.4090010629072531,-0.06439625529145998,0.15856338675154355,0.0061366263019262,0.17494278619413625,-0.3765967544984845,0.14790978632116744,3010158,0.14716452057013282,-0.3941984348243722
0,100001.0,50,383,-0.6171083381842567,0.6521590490427963,-0.6668182131023765,0.2660092262715615,-0.12226572067469328,-1.9405934611960616,-0.8582288169681633,0.16086174354134722,3010159,0.17094901023472453,-1.0245506979017267
0,100001.0,50,512,0.11382042221246708,0.4402506085578013,-0.032512372365086084,0.08741137584620662,0.004095129432333028,0.007124334124544106,-0.7796228583674457,0.1582482993197278,3010160,0.1739931479838312,-1.2218128511874409
0,100001.0,50,415,0.05479291759977336,0.8836678281001349,0.0980888761637048,-0.057686421142799336,0.0154531974497961,0.17211586901957415,-0.3729581586921323,0.14099825976902386,3010161,0.14733843537414965,-0.7118881391094924
0,100001.0,50,444,-0.4581041841268203,0.9115218174463892,0.04189370412453743,-0.2734702787579791,-0.02701460030896443,-0.8043161703782128,-0.2887453727826235,0.14286148132722473,3010162,0.15065538410486146,-0.4893784358648776
0,100001.0,50,377,0.20210413451263054,1.3037247890421535,-0.062293779060686415,0.15885193925796565,0.006728076096373355,-0.046307430047226164,-0.6269819654715875,0.14931088042153284,3010163,0.17473370927318302,-1.290548315888664
0,100001.0,50,456,0.0372645262387422,0.3785429690266109,-0.7348597882868837,0.663553565418475,-0.08438119040163923,-0.9732480099948141,-0.378707008998498,0.1470891597379693,3010164,0.1583914053426248,-0.7695370178138901
0,100001.0,50,322,0.2455680688097648,-0.1638268294901876,0.3159508423964855,-0.15035582607296805,0.054806799299791584,1.431538541355181,0.10148507250556743,0.11935919405930318,3010165,0.13497927906794902,-0.3315285017434602
0,100001.0,50,411,-0.0938633842489975,-0.8413361856507398,-0.029195098331094155,-0.022876842966619463,-0.01001632196564128,-0.11622281750898455,-0.2500293299898819,0.13776308645523944,3010166,0.15962858357628762,-0.8138871469359902
0,100001.0,50,414,0.027336144875908533,-0.7518112426810014,-0.10535724777242417,0.10647020334468778,-0.010579918894970987,0.027564975074666768,-0.1091241359143325,0.12483541803818288,3010167,0.14340783932620665,-0.2851417603639591
0,100001.0,50,480,0.3594771771217508,-0.11380918220636273,-0.3666570041542419,0.5074134036983958,-0.018289647549868258,0.42700640890453495,-0.1655894509088614,0.13952364983552112,3010168,0.15722448979591835,-0.5011904412719141
0,100001.0,50,414,0.19168686250906655,-0.9664483739183346,0.2787675530967416,-0.14537182708632998,0.046430916229895834,0.5294620183020233,0.44629966167840907,0.12071580224446468,3010169,0.12698918853255592,0.0867113835293797
0,100001.0,50,416,0.5897292535157973,-0.7996466743692957,-0.5509856561981072,0.7875430659055027,-0.02412657912649943,0.5530907989886649,0.07809826039979258,0.12537089303806634,3010170,0.1338749785628537,-0.16617620741719896
0,100001.0,50,510,-0.20179740555960635,-0.010272891893591244,-0.6965306841894096,0.5063931646612383,-0.09639151235639463,-0.9349336655053287,-0.4556730002007757,0.14236944777911167,3010171,0.16775180221342267,-1.1757255301635443
0,100001.0,50,503,-0.16482040540326973,0.4186229770500042,0.1668680810089926,-0.23160746351042635,0.008229544297311861,-0.1830342454242048,-0.10468894273138,0.13990596238495392,3010172,0.13464648154343706,-0.041525309906440565
0,100001.0,50,445,0.7564020228197997,-0.4630131406134233,-0.04085077835173097,0.4267211019223499,0.047958387001600884,1.3619014110570948,0.8598276411657695,0.09950404742902744,3010173,0.09786276715410576,1.0577601093807645
0,100001.0,50,374,0.15202121787742434,-0.5589973363588923,-0.19367265499254632,0.2481439583404752,-0.012372165637479985,-0.08150262938773277,-0.04118238397947635,0.1236267234166394,3010174,0.126452664399093,-0.01744298445093521
0,100001.0,50,473,-0.4172982423380643,1.5626736237638197,0.4865665115312104,-0.6424168375889505,0.028447680365302163,-0.7203860461773817,-0.7019412362162875,0.1523876404494382,3010175,0.16205884063026915,-1.0292039635889818
0,100001.0,50,472,0.2548823974253791,-0.3425012017988684,-0.5273353358447187,0.5941729118779658,-0.0446041297733908,0.07651978330415939,0.027703386517099863,0.1261978349031922,3010176,0.1282980481912392,0.070347689463524
0,100001.0,50,391,0.05400754808791134,-0.2614181787015003,0.4279299395411609,-0.347192044588548,0.05454676898889208,0.541247674190254,-0.03912768442995748,0.1332746548911963,3010177,0.13680246534704105,-0.2614965966731044
0,100001.0,50,456,0.483459894112194,-0.6613415981933239,0.17728788167370568,0.09447386470682824,0.05472373822449443,0.8872799984259172,0.3531570554603237,0.11906898437767074,3010178,0.1340136054421768,-0.006782934049437668
0,100001.0,50,343,-0.10894123113336296,0.3348197159980448,-0.1742535164601581,0.09654371606206426,-0.028342882008874894,-0.35327699067747365,-0.4524910173440438,0.14561737393370036,3010179,0.1831313775510204,-1.328903569369747
0,100001.0,50,408,0.3334967284794184,0.3744737713775583,0.2430895615526029,-0.04088580203871677,0.052114033979700984,0.7984081816642028,-0.3163204957930737,0.13775990622237586,3010180,0.13907536698890086,-0.5234189438413474
0,100001.0,50,445,0.07495374515128868,-0.29653776167597723,0.08777144732722549,-0.038214160306574166,0.015624417537388625,0.16787181293718376,-0.04797421116145966,0.1324725644974972,3010181,0.1313806544515616,-0.14380776756025618
0,100001.0,50,434,-0.03539658841233132,0.3938559797187842,0.29905103560013185,-0.2804555437303539,0.03295210029775038,0.2445189560692212,-0.1486239473386164,0.12398646327217758,3010182,0.13658497587069013,-0.44046309433761816
0,100001.0,50,418,0.08246437783826836,0.8537384183854682,0.07104577661869793,-0.019688502666143148,0.014178774856905137,0.14693198416447378,0.19271014169303466,0.11921971169420152,3010183,0.13162623539982035,-0.17498303277731098
0,100001.0,50,435,-0.2137210388653822,0.8281145093972772,-0.3393698497721269,0.18708978740549745,-0.05511723203136317,-0.7519012577472614,-0.2467239403755961,0.14486475063398135,3010184,0.17703748165933034,-0.8197589949956313
0,100001.0,50,461,-0.3417333206459829,1.9138844235931975,0.0465831796690847,-0.2175115034900516,-0.018333741766304357,-1.5572978972861846,-0.37876596956863495,0.13638117283950613,3010185,0.13999006682318949,-0.4881629912638586
0,100001.0,50,379,-0.05300043738047571,0.14695732848544013,0.0791674135405764,-0.09672493927876567,0.005694440073620661,-0.25515020209037365,-0.5889153719457989,0.1545189504373179,3010186,0.1597115261198819,-0.8432471767919533
0,100001.0,50,478,0.5939193600287721,-0.5966382427952033,-0.7203127093983301,0.9387444184045676,-0.04376818743149955,0.5675930318315792,-0.2639914022073073,0.1347728664925686,3010187,0.17056514913657767,-0.9303378972255056
0,100001.0,50,452,-0.4743987952129655,1.2305777975753105,-0.6538721489460121,0.3280679361137412,-0.1105141895147206,-2.6605196690669684,-0.9469408145255216,0.16173021840315072,3010188,0.1730055658627086,-1.2582757459467857
0,100001.0,50,488,0.14402463337885338,0.3808134399750983,-0.1792778524672335,0.23170082913895865,-0.01115350324940885,0.15568088457681425,-0.2766136207107745,0.13720170607925727,3010189,0.14545444027951315,-0.7190339529375821
0,100001.0,50,460,-0.023756260971415998,-0.94198665656302,-0.15606459871528622,0.12455131574429495,-0.02012805409252405,0.07626852241248815,-0.2827166775708456,0.14451210591763589,3010190,0.17047705158012574,-0.909594295847184
0,100001.0,50,456,-0.10229753264248437,-0.6613415981933243,-0.6787264208745285,0.5421956051462323,-0.08747652498592053,-0.5977136094765529,-0.6315479722671355,0.15824225865209468,3010191,0.17487042436022027,-1.1498786938939465
0,100001.0,50,428,0.2451582831284021,0.4454988620078646,0.016493997324903958,0.11218743670065782,0.019070367163097842,0.7618137837541644,-0.35863774370762863,0.13831109366823655,3010192,0.15030686187518488,-0.6373320576622805
0,100001.0,50,341,0.025734963585974355,-0.03431579723218416,0.15126909227885704,-0.11927748637142692,0.019792106697224626,0.3111902321913487,-0.2131303233040418,0.13452260336758814,3010193,0.14460120783007085,-0.44881090596689616
0,100001.0,50,380,0.30412212127396165,-1.03064931116674,-0.9351751026852338,0.9764912965120368,-0.08975997052155647,-0.08802680688175979,-0.025743543409146988,0.13034960819770944,3010194,0.15564842958459973,-0.5658075349895799
0,100001.0,50,406,-0.3226546979936567,-0.08163303754512698,0.5137954356884665,-0.6169475026321369,0.03838825168970387,-0.17003244778938248,0.02551877940703531,0.12196583178726032,3010195,0.13249906261717284,-0.17570797439603875
0,100001.0,50,536,-0.4714365378137582,0.5773982196935971,-0.5406158319443569,0.2300742681167592,-0.09671920904061024,-1.464527993973933,-0.693086231450931,0.1555190569378437,3010196,0.15167177982304028,-0.5079637501108251
0,100001.0,50,448,-0.1439595556506551,0.212558040696846,-0.204167343628146,0.10459498584721108,-0.03422017227416031,-0.4993576783928042,-1.1696698074558756,0.1759525618758141,3010197,0.1801852127712398,-1.2124041932243002
0,100001.0,50,483,0.4031823039783321,-0.31770571678148085,0.4980871167559101,-0.2282197284820915,0.08703476080821505,1.5953544289054404,0.7205055354274038,0.10060810038301037,3010198,0.10823534711898004,0.6893082641395848
0,100001.0,50,458,-0.24502317367334905,0.4272270300829278,-0.38507682497463375,0.21095672960891795,-0.0626756282613746,-0.813288645714249,-0.33529537503678003,0.15298695897573006,3010199,0.17066556352270634,-1.0810474120218283
0,100001.0,50,438,0.2699744624503861,0.6308016205267042,-0.053926269385521884,0.1867759134545129,0.012458973426776678,0.20272346217238765,0.15836381084481602,0.11675990193031525,3010200,0.1432181363111282,-0.7354388118937875
0,100001.0,50,417,0.3236919325740037,-0.4859812304128007,-0.1044086095729674,0.2586939961564448,0.010228368435018287,0.3789273071838417,0.3370141288491924,0.11446962505932595,3010201,0.13426632335177058,-0.1160454044004788
0,100001.0,50,413,0.06326877718774075,0.9755787182811876,-0.4189334224255657,0.3998964720687425,-0.04524332826229074,-0.29344519325615104,-1.4670184760505467,0.18502063746847056,3010202,0.19617112900205946,-1.816242177680156
0,100001.0,50,410,0.0007718066532259992,0.5733205303243506,0.15350481599687404,-0.13415711638801292,0.018252969719234083,0.1320878085197431,0.2118361499946756,0.11999569942919698,3010203,0.146535651297556,-0.4098176247524838
0,100001.0,50,425,-0.26860275289803826,-0.12062892956368215,-0.14771705495020998,-0.009255218633862928,-0.036256941209455086,-0.4536893129530098,-0.4140454374766452,0.14454751597608745,3010204,0.16097789115646258,-0.7301442094446092
0,100001.0,50,433,-0.5098633005133667,1.9077088647877611,-0.15998530573150027,-0.12317013134942345,-0.05454541627793049,-2.5666635555685384,-1.3448723414038182,0.17346043680630152,3010205,0.16272861603657854,-1.0755649098493518
0,100001.0,50,413,0.5117250531792579,-0.6022145764931439,-0.14439672876968326,0.3908267183969609,0.018619023758040136,1.1367061120757604,-0.3372542792729872,0.14114136778971947,3010206,0.14504975543936588,-0.5165265418702093
0,100001.0,50,499,-0.06519024867886866,0.567217086560421,-0.3636259762335678,0.2851385800304261,-0.04753378724832295,-0.5458027897431648,-0.257576141619198,0.13437280741893168,3010207,0.1430665549802011,-0.21266610785454929
0,100001.0,50,490,-0.4508218884971111,-0.6627923729570314,0.012681295627282863,-0.24431922634753445,-0.02994732083159277,-0.5036663572624895,-0.05837343199581204,0.1313400360144057,3010208,0.1569165260088998,-0.6733574454588785
0,100001.0,50,426,-0.4277040728445218,0.18486496867445687,-1.0226951815847964,0.6755873379904341,-0.15103661246412525,-1.0621528609656028,-0.9240946449330252,0.1602040816326532,3010209,0.20775475138509014,-1.7889262210432044
0,100001.0,50,493,0.3503044943789488,-0.5886199238511175,0.035178446439341364,0.1503667174238157,0.028593761903242424,0.7749797606502989,0.623889991576937,0.1069934730649016,3010210,0.11876041807451458,0.2238219007386788
0,100001.0,50,405,-0.260102557227136,-0.21995808107398365,-0.003964834313544175,-0.1308120005784261,-0.01863701859431536,-0.42451062442591336,0.2463270867309927,0.1190943410331165,3010211,0.1316713677340855,-0.1875536498217298
0,100001.0,50,447,-0.0408269096747648,0.452426817246834,-0.14992619878400906,0.1103427654998282,-0.020600749067994226,-0.15701291377088972,0.236079143117553,0.12545429130556332,3010212,0.14488887157916605,-0.408445230561516
0,100001.0,50,496,0.07863735006032335,-0.007223916773510705,-0.11709934365533745,0.14336559564078494,-0.008359414504510127,-0.2916344017140029,-0.4888807563540297,0.14250253292806475,3010213,0.1433011257600386,-0.4792836102953581
0,100001.0,50,380,-0.4682754503823517,-0.2905581876929965,0.16095393109379846,-0.3826500484798644,-0.013616424877614068,-0.4271918188928791,0.026425461477744383,0.13009173366316218,3010214,0.15007514633760474,-0.6432335063382587
0,100001.0,50,389,0.013074537450187102,0.5914143717452551,0.05025101375238895,-0.03729543860564966,0.006876235863318244,-0.1802390791780664,0.019042006041452456,0.12027799946794362,3010215,0.14480844969566772,-0.4955848383965136
0,100001.0,50,509,-0.1829242212624192,-0.09120748367148827,-0.1511382296355236,0.03788400235476238,-0.03061938185110571,-0.444235519687808,-0.4057661870496607,0.14291762730196686,3010216,0.14858313455252226,-0.3901602031724692
0,100001.0,50,407,0.2774704763646672,0.5653962539738123,-0.6338503125476869,0.698858390522199,-0.0557770440130702,-0.3626663720941063,-0.0436439370761785,0.12382903981264624,3010217,0.13301508722300798,-0.08401246782657712
0,100001.0,50,359,-0.4954846262285912,0.2970800952155484,-0.5965552523695594,0.2672978126746585,-0.10552702482713157,-1.6191794749803314,-0.11436284606284902,0.12860481615959266,3010218,0.16047698149027054,-0.8040298497210171
0,100001.0,50,322,0.02151215907460817,0.2034779405674463,0.14462769507786516,-0.11562303847059185,0.018727055273761086,-0.26704866775066904,0.08110106961859521,0.11507936507936507,3010219,0.14155925528105973,-0.3745145068012901
0,100001.0,50,514,0.2235533700359678,-0.12238329360371937,-0.297567769023075,0.3766410773586577,-0.0195748097304046,0.0047751656742779725,-0.3124398893912377,0.14197298237476816,3010220,0.14609523809523806,-0.5917475179000463
0,100001.0,50,401,-0.22716969439947346,0.5122690434835767,0.7016758579499145,-0.7322996119656042,0.06735065305195766,0.21126416597587688,0.4584624543038947,0.11797511797511792,3010221,0.12366703438132012,0.030049078901932192
0,100001.0,50,351,-0.09450856239091883,0.336596503509676,-0.5527677634671555,0.4356413289389532,-0.0723194806594805,-0.6361143312088764,-0.38365535934220063,0.13640950885848846,3010222,0.15252617901093024,-0.7395197118496601
0,100001.0,50,420,-0.2612346120638749,0.4813724582618384,0.18797657248861285,-0.29970558938237035,0.004036360158337967,-0.2548006021671743,-0.6081464915399323,0.14727204012918305,3010223,0.14222647392290252,-0.6784594766372795
0,100001.0,50,384,0.22192334792451254,-1.1699036835984715,-0.015640118169039922,0.12821450939093307,0.013650315263530895,0.35181367882204473,0.2317092678953511,0.11573970247439633,3010224,0.14487670068027214,-0.293713719749557
0,100001.0,50,447,0.1667677248604544,0.12095728217691278,0.002756736801114938,0.08377217306083196,0.011966111669858032,0.44142363326809775,-0.36388790079774397,0.14486207326967462,3010225,0.16108966108966113,-0.9543962266683196
0,100001.0,50,508,-0.1983340089554258,0.5280214254710879,-0.5138131354658457,0.34795336527476395,-0.07455914741780764,-0.7729719168286794,-1.1104638842862695,0.17441679868294338,3010226,0.17044390219856065,-1.1329395320967726
0,100001.0,50,412,0.21472293645746607,-0.3800053246592842,-0.8536111628894051,0.8591256285394213,-0.08619826375451897,-0.20380542812668215,-0.4213973299644577,0.13268289772049166,3010227,0.14745429421768716,-0.6025543319534924
0,100001.0,50,398,-0.5418879378979338,1.0617359823669346,0.2983817170099404,-0.5412460285357314,-0.0024608092279959576,-0.7263634528645562,-0.40188336801859387,0.15129773500309215,3010228,0.17981747154307282,-1.2505650376508364
0,100001.0,50,457,0.0738636264183914,-0.8616635962645159,-0.5548853314473646,0.5246822608356392,-0.060522363986524816,-0.022147793198332696,0.008564032826285184,0.1262955443957687,3010229,0.12933268545513438,-0.1085303951552609
0,100001.0,50,411,0.2869618306002217,0.059472666188090835,-0.18346129029214853,0.3089932217772872,-0.0017091016971725874,0.4429023808897563,0.06217325191648575,0.1226716877227082,3010230,0.1266061980347695,-0.06360262469270601
0,100001.0,50,407,0.05328399303540921,0.4562434550555522,0.5304892246964646,-0.4374849093738169,0.06662211936639995,0.6330177964900467,0.40087897563813424,0.11508881330309904,3010231,0.13281625781625778,-0.08902998564146301
0,100001.0,50,390,0.053967575929309786,0.42963117558030384,0.35146008847474924,-0.2801887211212977,0.045472749737831816,0.3912930034661475,0.1201305471902901,0.1205215419501134,3010232,0.1412165876451591,-0.3828585398344137
0,100001.0,50,453,0.2029526924459961,0.10845304273201564,-0.007439197586815028,0.11142636554971924,0.013283383055143792,0.2837865182930336,-0.28213084222175583,0.1386096727248114,3010233,0.13386690554084227,-0.17742609565318646
0,100001.0,50,429,0.33044119810309336,0.19508563997488054,-0.06343711608955603,0.22631897962514305,0.015554450812549338,0.6272963235565121,0.01753057060514356,0.134082247356774,3010234,0.13818877551020406,-0.30721160572489514
0,100001.0,50,362,0.3768930421084755,-0.38662637154881696,-0.6622608384407628,0.7746703944069773,-0.05233499415478788,0.07816797683575692,0.021225340378473786,0.12967687074829926,3010235,0.13504628655585946,-0.18300258153852392
0,100001.0,50,409,0.11747312665073575,0.6913834579010957,0.1051889381975026,-0.03154729194120921,0.02067568458544425,0.34459385430029743,-0.08480201094987692,0.13115484288953666,3010236,0.13940981798124652,-0.3114361746322182
0,100001.0,50,513,0.2056366007221256,0.5196834236469594,-0.21491106464866594,0.2948807266974296,-0.011056995020293241,0.04072611544527446,-0.497835742523788,0.13692168409652414,3010237,0.1571022214195412,-0.841903017068506
0,100001.0,50,417,-0.13556549425801634,1.0057356010586276,0.1904226981463722,-0.2369352025359547,0.013103325516911771,-0.16938233619987295,0.10321255558108436,0.12058282772568488,3010238,0.1375046142488003,-0.2210776112570408
0,100001.0,50,462,-0.41722948435167545,1.3894082230272926,-0.14523009423096656,-0.0883687980255811,-0.046301477234703146,-1.2070528442941235,-0.7127521378829466,0.16041460637118266,3010239,0.1589832361516036,-0.8195887047765652
0,100001.0,50,404,-0.4619802429335405,0.8505769918630519,-0.7083762153915439,0.3824038974213116,-0.11627055755713955,-2.018121900904375,-0.3133021922746183,0.13913977753263465,3010240,0.14217858860716,-0.3399020602167649
0,100001.0,50,466,-0.19515171768725725,0.3633843696680224,-0.23593012859462156,0.10596171014373387,-0.04153427005578061,-0.3957742337280705,-0.5766513928553207,0.1488095238095238,3010241,0.16395962054546587,-0.8503269448260413
0,100001.0,50,435,0.26662144553441103,-0.057341453569118725,-0.1676893998902648,0.2847655280097133,-0.0012498414587393664,0.2413431754815937,0.2338974189317091,0.12181122448979605,3010242,0.13804885590599875,-0.08154689647576371
0,100001.0,50,446,0.3939164249829101,-0.5690271875441181,-0.2175642753480436,0.39432129017699136,0.001733832223993982,0.39765197529019547,0.3699759226455587,0.11558551992225477,3010243,0.12832405689548548,0.007402082468040532
0,100001.0,50,409,0.4489560727790147,-0.03276564420704778,-0.1896647880727645,0.39806566857566617,0.008868085161648208,0.4864414418462136,0.1913822237130799,0.1246343096824222,3010244,0.14281462585034016,-0.41664096559545793
0,100001.0,50,426,0.07427838854573579,-0.23238932493237235,0.0550479268003589,-0.00988692919979888,0.01170844888518937,0.015192012167863969,0.4635912870372667,0.11256205184776616,3010245,0.124902173258684,-0.07268017748700814
0,100001.0,50,415,-0.624224951581389,0.6338575385760025,-0.33455301091677325,-0.029101612398365288,-0.08324708262844345,-1.6788093088159532,-1.3841895579895844,0.19626018724321395,3010246,0.16693329874322613,-0.9872832999271852
0,100001.0,50,417,-0.2336215938505599,1.041252668474614,-0.18336053913720785,0.0400780958268667,-0.03804661512883284,-0.9917073180489596,-0.25123520985014064,0.13734194242668826,3010247,0.15174280721462896,-0.770459972497755
0,100001.0,50,332,0.12799588652683255,0.009317539473905095,-0.2199997890688344,0.25866626505687235,-0.017226079001518256,0.009443309593078451,-0.27407626662594736,0.13615477246799335,3010248,0.14671024659863946,-0.480710993865781
0,100001.0,50,388,0.10773907342018607,-0.5432198432930103,-0.12028429230805505,0.16102015266996858,-0.00674600328256136,0.04032808166510117,-0.8074957286331013,0.1619763694951665,3010249,0.17981761670185326,-1.2781407208200353
