start,end,N,SS,FayH,bsfs,ZngE,TajD,FulD,FerL,btree,Colless,path,iColless,ibtree
0,2501.0,250,19,0.12319541647857465,2.210032626821489e-06,-0.77193921915314,-0.26102800785970315,1.5581254521553949,0.8306489419316727,0.2873370322255133,0.028385045558578407,8050000,0.05062184220753983,-2.0226463489423443
0,2501.0,250,15,0.1549559111252237,0.9785521575928864,-0.4530178835757458,0.24892013244203226,-1.4636660782230697,0.6946541463299402,0.4078259022960245,0.030523854950594162,8050001,0.05787666796217127,-1.9417606137278316
0,2501.0,250,15,-0.05210237555674521,-0.4764908760403738,0.8743047867904047,0.8040076046574183,0.5430819992150969,-0.6860145522313494,-0.3483679879520348,0.03873963596320767,8050002,0.07183573001684156,-2.762951755871531
0,2501.0,250,19,0.09575171085930394,2.8156465459286313,0.2701548657639548,0.8500942847009995,-0.9208730202678008,0.1014230308470026,-0.2283280239682836,0.04194196139396295,8050003,0.042600509565142296,-0.5038078691189948
0,2501.0,250,12,0.11272285083401057,0.3751765838403733,-0.6349210624872504,-0.23752859240612045,0.0395360307538329,0.6778353112170272,1.1113252696851779,0.024120676253400697,8050004,0.0997754458694995,-2.7524849465529955
0,2501.0,250,14,0.04915530059130197,2.0747214898378603,0.2226848663103069,0.526701521176136,-0.31268270567134554,-0.011924666588372846,-0.4834108585488542,0.04400667184868507,8050005,0.047491039426523295,-1.2801701207306833
0,2501.0,250,12,0.04805528439131882,2.31804539682392,-0.060809051705804126,0.1607686412488812,0.03953603075383266,0.1572040945521467,0.02626768855030176,0.033899037008248034,8050006,0.06790063479725353,-1.9649551724893481
0,2501.0,250,13,-0.08884362739893888,0.4656025840753618,1.0747802288948218,0.887901900379121,2.102545607051514,-0.9000430085735854,0.08006632122367982,0.033683119575074486,8050007,0.03552921362870838,0.0367049247123504
0,2501.0,250,10,0.10428380528080364,1.331586504129518e-05,-0.8718951033256259,-0.6140842436292523,-0.8809206284569866,0.7910838930972776,-0.3175175070376697,0.040378102270834486,8050008,0.06973053504339939,-1.3465896775118271
0,2501.0,250,21,0.017935933380636985,4.450501362251865,0.8726755295215436,1.1490066782829056,2.7028127805474345,-0.4934292042070914,0.3712962692709985,0.02999497991967872,8050009,0.03844409897655137,-0.27467156435879364
0,2501.0,250,10,0.10880472482771313,1.331586504129518e-05,-0.8850292488405305,-0.6095233163744801,0.4973207385797266,0.8098699632609204,0.8126612233289096,0.02790317597935165,8050010,0.07692058556807876,-2.32267173398417
0,2501.0,250,22,0.12746877306453674,2.7297784718080735,0.188569987101846,0.9413046193528334,-2.633615329683029,0.25494263815608154,0.34637451814106635,0.02834378990616845,8050011,0.06744720818758906,-1.9634159069412305
0,2501.0,250,8,0.045716088238438514,-1.3684960675057676,-1.0464665883994382,-1.1435132262949643,6.001904219329237,0.7570988253923191,-0.2915059425895896,0.0409217515222179,8050012,0.043269853607980316,-1.0305608657713041
0,2501.0,250,15,0.017751749178505645,2.2079040060996507,0.25488754061953434,0.4057204962759156,-1.4636660782230697,-0.11267335390815672,0.33937731761030904,0.03032695297318305,8050013,0.05148011400440472,-1.3332111219124148
0,2501.0,250,17,0.1847788596527457,1.264952589580314,0.06310621902351611,1.0643889396887372,-1.618795465943367,0.4675301067347227,-0.3007637833048824,0.040394553122885805,8050014,0.039761195318910036,-0.1548488369335305
0,2501.0,250,18,0.01693999578851181,2.3749875059718386,0.489688116088985,0.6863003065494455,0.042790589484166135,-0.2592105424177674,-0.012197907800817831,0.03826056915835385,8050015,0.07530120481927711,-2.958220453661094
0,2501.0,250,12,0.07712287104753117,1.648985177776788,0.047077769112186085,0.4386414818121347,0.0395360307538328,0.16146188674077425,-0.007335225001153324,0.03392926544889235,8050016,0.0674957896100531,-2.362871540782716
0,2501.0,250,20,0.08093356657237949,2.151610099072738,0.13099630238568782,0.6044844202768918,-0.2203194944787188,0.14953906472512615,-0.5104912314819205,0.04379210389946884,8050017,0.05966878265751178,-1.8811837462763692
0,2501.0,250,25,0.04079383840611665,1.2561901554511021,1.5465365694570916,2.0728026157667703,-0.7186113859275947,-0.8423438576779553,-0.08519956608724136,0.038440500352665136,8050018,0.0445329705920456,-1.009280569414532
0,2501.0,250,14,0.0276664990868704,-0.6536294067779179,-0.4151549808617401,-0.3712562822707943,2.8689971750578738,0.3321969001648092,0.5697684530585898,0.026577276849332816,8050019,0.034201321414691024,0.0593834038500168
0,2501.0,250,16,0.1142102768524384,0.9728093380294164,0.1404409306669916,0.7744680768687099,2.2636760987887685,0.22032744549805544,0.2430598013883402,0.03208964891825365,8050020,0.0593745951548128,-1.676474362897204
0,2501.0,250,20,0.1572571099861591,0.6493994313458035,-0.8390163238188085,-0.14435238605236725,-1.0119084632668651,0.9741741583104802,0.3194779062434305,0.030415569086381367,8050021,0.056710713823034074,-1.7936843132327582
0,2501.0,250,14,0.1267359984638687,0.9094870912626484,-0.11864564650068035,0.5021340117356459,-0.3126827056713457,0.4036604531539105,0.2354651943272877,0.036119387946049436,8050022,0.07156583322537463,-2.248250516095819
0,2501.0,250,18,0.09639052788575277,2.4994973084393246,0.3696435605138336,0.9700521854159292,0.042790589484166135,0.03719925127762304,0.3612768690743869,0.03254955305091333,8050023,0.05813576888197953,-1.304496199087651
0,2501.0,250,17,0.05936674565140398,1.6308653332735747,0.0571365775131767,0.3869118051778298,1.0994680023857826,0.12713535266155507,0.06796703092051512,0.03837392581076996,8050024,0.04723733644254437,-0.5739318929617845
0,2501.0,250,9,0.05329626562189176,1.1085547122109732e-08,-0.3262256703305914,-0.17374265247297518,0.7828117394489831,0.3247413827821804,0.13908675649639696,0.032876667962171265,8050025,0.06079155331001425,-1.0945497482435531
0,2501.0,250,14,-0.26663954630065123,-0.8021663168076663,0.8088079691170528,-0.3656340366984216,-1.3732426659144188,-1.1998938165678956,0.3310787608724236,0.030020080321285145,8050026,0.13622230858919548,-3.5622458329708384
0,2501.0,250,21,0.06101725600444564,1.009059256652055,0.5808377643104922,1.0379263834131929,-1.0956646725615415,-0.1864379310502081,0.08591933133190592,0.03418242863928833,8050027,0.038314548516647236,-0.01054160217021366
0,2501.0,250,20,0.07933849855950394,0.6854706002348507,0.4288534403234817,0.9549199030377552,-1.0119084632668656,-0.04122272374078685,0.7621215389808543,0.026853381267003498,8050028,0.04817657727684933,-0.6819525945247807
0,2501.0,250,14,0.15637297005548256,2.1600565206969007,1.0984217375627388,2.1573571824578237,-2.4338026261574917,-0.2824899674019015,0.9705636854388332,0.024440871992368298,8050029,0.049790560089821655,-0.9045145032963664
0,2501.0,250,18,0.10996101571875708,1.0695045986799605,-0.3363327544162242,0.18602724941696352,-0.8215446257946852,0.5167227118089679,0.6614708162640374,0.027209645031739862,8050030,0.04475968389687783,-0.8151959834720218
0,2501.0,250,15,0.123332508782788,2.5688186435025813,1.1627107003514443,2.0710473867558874,-2.467040116942153,-0.4017017252995677,0.2628779149955906,0.033019173468065814,8050031,0.06886686531070517,-2.0763492040116027
0,2501.0,250,20,-0.018873434811307908,-0.223193442264696,0.05982689774568401,-0.031965826917433146,-1.0119084632668651,-0.09136838356556297,-0.011966060602766091,0.034795094355918293,8050032,0.04527788573649436,-0.8157657252174495
0,2501.0,250,9,0.0919418719514507,0.9286685282970863,0.07840181537026175,0.5167134338096048,-0.7089587510095277,0.15669796200306169,0.4989819596691018,0.02876020209871745,8050033,0.0769529731830548,-2.1053852535606112
0,2501.0,250,12,0.14172792655117733,0.9079398986006829,-0.3536447082117767,0.2565231602684621,-2.356251271886407,0.5730742697759285,0.32427126983815063,0.031195750744915138,8050034,0.07909055577147299,-2.8340066995798066
0,2501.0,250,9,0.14413880960335498,1.1085547122109732e-08,-0.9661016942296148,-0.5766285237274089,0.7828117394489833,0.931014756255646,0.25990463280773024,0.0340177915964935,8050035,0.054686487887032,-1.2548384981876444
0,2501.0,250,20,0.08156052972194909,2.9078202191668154,1.0140241006968462,1.6729324256667342,-0.22031949447871887,-0.4006790465856849,-0.09131808464262672,0.0386643347583884,8050036,0.05094571835730017,-0.7991031721975486
0,2501.0,250,21,0.032363615733276466,2.9751883380193185,2.0527151888531874,2.6480170736736697,-1.8553601631833367,-1.1890722664641145,0.03910521448281142,0.03757773027594249,8050037,0.04957734162456277,-1.3426574154929811
0,2501.0,250,13,0.12499071904498715,1.1398028941225309,0.2234057485760724,0.9057558039466096,-1.2721674407506367,0.17734135424212008,0.4466028040449795,0.031986818240704755,8050038,0.040354968260137326,-0.2620262711542972
0,2501.0,250,20,0.09063305529807364,3.459960779074548,-0.3381945874632261,0.09211971778031368,-0.22031949447871887,0.4705820193446305,0.16131954926510708,0.033653970721596066,8050039,0.04069503821738568,-0.7497035829835279
0,2501.0,250,23,0.15082507144816,1.4158319831155348,0.3100771932642757,1.2233586583128908,0.1616710994619048,0.2518298510272395,0.7349403443765395,0.025699572483482317,8050040,0.06367405104288121,-2.1937902436562413
0,2501.0,250,15,0.07737878377949169,-3.1232848154354443e-06,-1.010165671136846,-0.8395916038274799,-0.4602920395039866,0.8381578582128678,0.1661008202836561,0.03285399663168805,8050041,0.09989959839357428,-2.9738349787142093
0,2501.0,250,13,0.137427964181754,-7.123906620505881e-06,-0.9881656272621472,-0.5361095459014952,0.9776412577841304,0.9691167729266456,0.5616710420125356,0.02998553353197737,8050042,0.04735069309496049,-1.3501837642474128
0,2501.0,250,12,0.022457054852138256,4.72985831489979e-06,-0.01842494352730777,0.08760572297869475,1.2374296820739523,0.06719049696438549,0.3735486453115813,0.03022034374055361,8050043,0.08589195491643994,-1.886587550769424
0,2501.0,250,25,0.1424921876243878,1.3360539872138346,0.19368955852352712,1.0468384727012163,1.8995024086870944,0.3075932353908101,0.08224511696136115,0.035075787019043916,8050044,0.059128989074577885,-1.5498419136376769
0,2501.0,250,13,0.0918199392409166,-0.5593189606713139,-1.3556392277416072,-1.2216777579899452,0.97764125778413,1.0838242208509334,0.15988809371816307,0.034747284067144155,8050045,0.05502655784428034,-1.1675748615724657
0,2501.0,250,21,0.09738027790963916,0.5251038558930234,-0.6829466450382357,-0.27907439676257656,-1.0956646725615415,0.7084659241104543,0.13855033836059627,0.030969037440082912,8050046,0.06564969555641922,-2.40377600119312
0,2501.0,250,11,0.11869387266300778,1.749454741305179e-05,-0.7455747951509832,-0.3654342313152695,1.533821183568422,0.7541104155628241,0.5836004992615322,0.02903954527788574,8050047,0.08919549164399533,-3.018142860919252
0,2501.0,250,24,0.11971938966695495,2.6776413208977883,0.6222159318933004,1.4233575060525172,-1.9891132620281249,-0.031505629389815486,0.9498003676405438,0.025757407510225237,8050048,0.05079187718616402,-1.4622005053037743
0,2501.0,250,19,-0.06208846855577922,-0.9318038658440302,-0.15765217962306305,-0.5300209130547962,0.7317926280143296,-0.07672608538546828,0.3814586108454885,0.030962559917087705,8050049,0.059696851923824325,-1.4354977560090023
0,2501.0,250,19,0.1186668163303522,1.1281265758499108,0.18514192725756026,0.8724218639814053,-1.7472058444088658,0.21929726510094244,-0.2493494729160835,0.03883490953059551,8050050,0.03995012307293691,-0.3224020545607963
0,2501.0,250,23,0.04979552907293406,1.0204481388814317,0.9999174610074756,1.4767395345592236,-1.9477653591241624,-0.4772877971237029,0.1412187967638699,0.03249557369261994,8050051,0.04416591095565056,-0.4132348533985829
0,2501.0,250,19,0.08449823667123188,1.8747589603511867,0.8679877881637618,1.5120632047695401,-2.573538668549931,-0.30424215480681993,0.36789161358081457,0.0330731528263592,8050052,0.04090555771472989,-0.3644050656643936
0,2501.0,250,14,0.14404420289742575,1.3438442077050476,0.1123558116643312,0.8760985278374203,0.7478772545717279,0.303780971423015,0.9097816679703394,0.026567097884626068,8050053,0.08631299391112839,-2.821444732035409
0,2501.0,250,16,0.12525091287635404,0.8055841789273044,-0.006380367872868786,0.6529856089658244,0.3592984541263137,0.3420871562779266,-0.07170587715955416,0.04173683983244808,8050054,0.062038476486591526,-1.645708169367477
0,2501.0,250,13,0.09630597448099897,-7.123906620505881e-06,-0.5079030999028532,-0.14650411987410902,0.9776412577841308,0.5633215981331924,-0.5639691902332856,0.039397734306401234,8050055,0.06163363129939111,-2.4544871406849285
0,2501.0,250,12,0.05440014470444905,4.72985831489979e-06,-0.4769439320037652,-0.3275486165165704,0.039536030753832864,0.43419283002323583,-0.2064921376480268,0.03873558751133566,8050056,0.060046638165565484,-1.230896207775791
0,2501.0,250,10,0.0073583167520828285,0.4739520008741233,0.11754385879717305,0.1830595664717892,-0.8809206284569866,-0.056777923033929235,0.3893069133715189,0.03277626635574556,8050057,0.05538282160901671,-1.5366967429532594
0,2501.0,250,18,0.022898272051299472,1.0144090726923594,0.3810763753305145,0.5866067026024228,1.7714610200418692,-0.17465692330686095,0.6667361512867671,0.02789869154035497,8050058,0.0385736494364555,-0.07572346708673379
0,2501.0,250,19,0.18245593944823216,1.1514348534142864,-0.21798394243405275,0.7331200703021069,-0.9208730202678004,0.6515393791391072,-0.10464270787590753,0.03727004793367017,8050059,0.04416591095565056,-0.5609375194005333
0,2501.0,250,12,0.15160465492038502,0.5357295458504602,-0.5771245513347558,0.02614271378485593,0.0395360307538328,0.7378508274758204,0.2344703998182929,0.032716889061622824,8050060,0.06736623915014897,-2.223406268511691
0,2501.0,250,19,0.08212703831036004,2.046890535613308,0.10012898875116552,0.5698977665970699,-0.9208730202678004,0.16928544065028345,0.13483871309855675,0.03506695403314137,8050061,0.0462819018007514,-0.682065340378201
0,2501.0,250,20,0.030693534189958013,8.838931126173458e-06,0.3418686124301437,0.5816459658520966,3.7376253494620144,-0.12594568790846186,0.3145677645613478,0.03315019609228704,8050062,0.040484518720041454,-0.3856525968699952
0,2501.0,250,17,0.08671314528161574,2.879654226510905,0.07504550204419531,0.5548837485487448,-0.712707643166984,0.1909631060381766,0.2502480105912133,0.03232823768191044,8050063,0.044613939629485684,-0.4395769599619431
0,2501.0,250,18,0.031661047313640625,0.34486979551959795,0.4210912271888984,0.6825791525302529,-1.6858798410735365,-0.17528642571648534,1.019048875566317,0.024436455499417017,8050064,0.0741158181111543,-2.292956967589216
0,2501.0,250,16,0.0905169791666614,1.2794872113393594e-06,-0.8904320165277726,-0.6124695118608816,-0.5928903682049145,0.802031763716737,0.5716691966096061,0.030036274128773157,8050065,0.03673835125448028,0.0708273997599117
0,2501.0,250,28,0.09618945062163332,2.484996869045859,0.5993721111428232,1.2685110004884803,2.0228147925952555,-0.07774438755390316,0.14309070589040646,0.031468984442167496,8050066,0.031993565660491434,0.1587454418846151
0,2501.0,250,15,0.07409371846363695,1.2616607922464758,-0.3940257648928057,-0.09910962248202296,-0.4602920395039866,0.44333370014706136,-0.5784539480786557,0.04763040431520805,8050067,0.06928790430539362,-2.3587385431618384
0,2501.0,250,23,0.17358508858822036,0.8937407824726358,-0.4293748745563462,0.4681634628743512,1.567962071852617,0.7807658556202312,0.4386166317106283,0.03223156555842137,8050068,0.060802349181672925,-1.7969758859062617
0,2501.0,250,16,0.07431554163997006,1.2794872113393594e-06,-0.4530919783239334,-0.16257750154110534,1.3114872764575405,0.4843827637724381,-0.5865962691602131,0.0402375631558492,8050069,0.0447272962819018,-0.4798770055602451
0,2501.0,250,18,0.0799641766026537,2.5864312391485145,0.6240236901849876,1.1901834384766663,-0.8215446257946851,-0.16771808992804718,0.4050302704904278,0.030930172302111668,8050070,0.05369866563026299,-1.0894601016711478
0,2501.0,250,6,0.05756085170637359,-0.8132102167847001,-0.7541529863822211,-0.7596928872292469,4.027334623147056,0.5851882607719872,0.02094373355242985,0.03543205078378028,8050071,0.05483223215442415,-1.0994678794040071
0,2501.0,250,10,0.06732197768807913,3.1852670356240145,0.7961413770672349,1.321741550515133,-0.8809206284569867,-0.34385462242793113,0.3092867979558137,0.025335211815001944,8050072,0.056419225288249775,-1.2092306880061634
0,2501.0,250,20,0.10623337366677564,3.869556165190156,0.5817358651057121,1.2876797445678474,-1.0119084632668658,-0.0598889314989054,0.9906356515257708,0.0226965208504268,8050073,0.05698600855033036,-1.5010088613579995
0,2501.0,250,12,0.08670267245627214,1.1668062762428482,-0.06466215244930361,0.3463122651208264,-2.356251271886407,0.255346204500015,-0.2067353334318499,0.0388111586129464,8050074,0.08083948698017879,-3.1502861980912598
0,2501.0,250,19,0.06495528624617758,0.6217763088259606,-0.14668276820288298,0.17739963094722233,2.3844582762964617,0.27515409290303666,0.022412849743228016,0.03823505164352425,8050075,0.03887593384289848,-0.07661476350872176
0,2501.0,250,13,0.08119436218187538,4.334851406836773,0.8455640226551582,1.458106427877644,-0.14726309148325334,-0.324277730638698,-0.39441220338651584,0.03786921881072678,8050076,0.039480502655784434,-0.5165122358451627
0,2501.0,250,22,0.19453999468752486,1.1013734618039364,-0.386438388299229,0.6284149474568954,-1.9033047906683256,0.8102350062512601,0.5004316191359302,0.029688647061363725,8050077,0.050799974089908016,-0.8297329289013227
0,2501.0,250,17,-0.03821958960270235,0.9555480896775482,1.3197157569500084,1.4046704034777533,-2.5248832887197503,-0.9310151938905904,-0.0831675968412652,0.03587159698702645,8050078,0.035950252623396815,0.10594500268859212
0,2501.0,250,16,0.06619742691650267,-1.1069820331307505,-0.6155325639425024,-0.4042575560444533,4.168053743451224,0.564209801306484,-0.7241102338247314,0.03911614198730405,8050079,0.06772250291488534,-1.8209797409436657
0,2501.0,250,21,0.11961381879957303,3.852954217880458,-0.09165795552367023,0.5555533077133203,-1.095664672561541,0.4033014513723729,0.1222416400158476,0.03483982010993282,8050080,0.04961782614328281,-1.1163021650909537
0,2501.0,250,19,0.16927829609846906,1.2827940308303696,0.028827814519996057,0.9597941153628752,-0.0945401961267354,0.4599714523955952,0.495827498262412,0.030865397072159607,8050081,0.037812540484518715,-0.20446979630191373
0,2501.0,250,17,0.08664777540202162,0.7190851567395714,-0.3308901206588994,0.0596430725303727,1.0994680023857826,0.4448989079965014,0.12565607997399025,0.034965669128125404,8050082,0.039901541650472855,-0.1951810450324558
0,2501.0,250,19,0.0653925974192892,1.7098890375259852,-0.001338066885498862,0.3556751301956481,1.558125452155395,0.18548954618559987,0.24953032294622846,0.030920918697832808,8050083,0.041302305998186295,-0.5007535669029147
0,2501.0,250,8,0.08110532425949388,-0.7318443590599665,-1.346880944812755,-1.3746294544350872,1.120547557355928,1.0221307831054387,0.31463617047920844,0.030347195232543082,8050084,0.033262080580386065,0.0527641255045078
0,2501.0,250,5,0.046376599526157115,0.7030155032648661,0.7079172918834452,1.103872712559932,0.40820632868312906,-0.3667141850973643,-0.19527172736946288,0.03927538109426956,8050085,0.04127801528695427,-0.34678133270644057
0,2501.0,250,14,0.18407941115258414,0.40565313030239575,-0.6978731833920525,0.08009077743618545,1.8084372148148005,0.9158389764402716,0.22691011286481436,0.03156404419521404,8050086,0.03572353931856458,0.14540125745849095
0,2501.0,250,16,0.06470137434603511,3.6908222609978654,0.1623079325771835,0.5400384240004624,-0.5928903682049141,0.07299177798668832,-0.16859422485779674,0.035979041614486625,8050087,0.04163967698751997,-0.4463640065418607
0,2501.0,250,23,0.18740252876910676,1.9681129013952168,0.8676193274676837,2.096591931353704,-1.9477653591241628,0.011725169082414373,0.5775979267473169,0.02840548060136088,8050088,0.054799844539448125,-1.3259525612371317
0,2501.0,250,17,0.12266657905838822,1.5946565667135562,0.07803032279936524,0.750656940779144,-2.5248832887197503,0.28775109271584043,-0.4506964131952993,0.041877186164010885,8050089,0.057066977587770434,-1.670420231600173
0,2501.0,250,18,0.0866312822829109,1.0012623127136893,-0.4906757544414186,-0.1275494012152866,0.042790589484166135,0.5483122872737534,-0.1446599790137252,0.035297102388046814,8050090,0.07680183097983331,-2.421176545668998
0,2501.0,250,18,0.07907043516323553,2.944926634640312,0.2353079864178307,0.7132647882855344,-1.6858798410735365,0.07300935426148074,0.44079677194702105,0.02664112671885699,8050091,0.03470332944681954,-0.033841985945034805
0,2501.0,250,12,0.08581189157487208,3.3650641970757618,0.7444890036856209,1.3521965533425984,0.0395360307538326,-0.25489212850444243,-0.4930641967329623,0.043172690763052204,8050092,0.04424957896100532,-0.5521867591003773
0,2501.0,250,12,0.06804315715115512,1.7402076768627894,0.6674269888156281,1.1684617969923252,-1.158357620566287,-0.2505182147106705,-0.9143221260734692,0.04918059334110637,8050093,0.0656335017489312,-2.237329970666666
0,2501.0,250,15,0.14775356037612328,2.587417335150181,1.0906092219611847,2.109409317874786,-0.4602920395039864,-0.29178189103155905,0.10330679031037578,0.032779864979631784,8050094,0.040516906335017484,-0.4837901167923098
0,2501.0,250,16,0.22546324048418506,1.098041312073513,-0.07510523101918648,1.0975545396041344,-2.497268012867369,0.6556352378234176,0.5512865101704355,0.027540268601286867,8050095,0.05967418059334111,-1.311872819037483
0,2501.0,250,12,0.14269684610638442,0.7099172829519148,-0.14172416731929632,0.5258904748255551,1.2374296820739523,0.4424181103876303,-0.024668318563025992,0.03570329705920455,8050096,0.04614425443710325,-0.5860612517671608
0,2501.0,250,19,0.08846319130744383,0.8889159158812842,-0.2070145310138728,0.2328336208847818,0.7317926280143299,0.3792665000173303,-0.06797458842109569,0.035748986730331465,8050097,0.04864619769400181,-0.6335544412818637
0,2501.0,250,12,0.06427687307365666,4.72985831489979e-06,-0.3035543985462813,-0.062414821691050525,2.4353233333940723,0.3497917766841204,0.5680854098126304,0.030361075638961375,8050098,0.06234615882886384,-1.1307939640086644
0,2501.0,250,12,0.056025429119635116,4.72985831489979e-06,-0.6580396669482482,-0.5456518557786145,-1.1583576205662869,0.5519207840387917,-0.5752318282236228,0.04155331001425056,8050099,0.0539091851276072,-2.26445420165222
0,2501.0,250,17,-0.015242076925365087,0.9237445453680784,1.2480800588259326,1.4401279124943518,1.0994680023857824,-0.8231208791663625,0.5667401815650767,0.027753694679462263,8050100,0.0470753983676642,-0.6109656385193346
0,2501.0,250,13,0.09041086406935228,-7.123906620505881e-06,-0.35509229574307755,0.013602748150132214,2.102545607051514,0.452467560734621,0.36342335831333933,0.030066502569417456,8050101,0.04142375955434642,-0.3942976918114596
0,2501.0,250,21,0.09150395743774344,-5.196424950553218e-07,-0.5611360995588399,-0.16533364218273494,1.183421799303844,0.6153498472076268,0.07404225754250418,0.031947143412359116,8050102,0.036792330612773684,-0.21386026637674715
0,2501.0,250,15,0.05815185432707395,0.7325444743899878,-0.026963693087845887,0.2692938639270271,-0.4602920395039862,0.17104797615760875,0.4565837276158957,0.027259575938161244,8050103,0.09493889536641187,-3.068022072357337
0,2501.0,250,20,0.032205621785978744,2.9978806461408034,-0.029793834023209623,0.14173867611302596,0.5712694743094278,0.11071704364627068,-0.04682198686491549,0.031750658548171176,8050104,0.04987692706309107,-0.9628833132756858
0,2501.0,250,16,0.15277132178890848,0.6220574503771179,-0.7311152883249454,-0.08900275077141538,-0.5928903682049143,0.8702917069884966,0.2511737252441028,0.03039172820313512,8050105,0.049585438528306776,-0.8208340306084805
0,2501.0,250,15,0.027148275629139174,-3.1232848154354443e-06,-0.13839325060006585,-0.02896209129318036,-0.4602920395039864,0.1586922638452706,0.4400562877007684,0.030936649825106875,8050106,0.048127995854385285,-0.7038812155920395
0,2501.0,250,19,0.03756988878332173,1.049575423063878,0.5087395641528686,0.8209171032156649,-0.9208730202678008,-0.2120804470331364,0.3284762920306905,0.03294283123276516,8050107,0.03986915403549683,-0.22977545644741976
0,2501.0,250,17,0.08840186717113083,2.7626589002131874e-06,-0.8054766207308999,-0.5095693033329727,0.1933801796093992,0.7468026866727603,0.2320447876433194,0.0320174708048785,8050108,0.07745498121518332,-1.9192353757815208
0,2501.0,250,13,0.09762877974410017,0.7198769615150534,-0.09313091718346242,0.3751623661443783,0.9776412577841304,0.3064397381581831,-0.04673004926102433,0.03555755279181241,8050109,0.06859696851923823,-1.799998341517942
0,2501.0,250,21,0.05701784983252853,-5.196424950553218e-07,-0.4824667889367306,-0.2626967044185693,1.94311728992564,0.4664275547331999,0.24026392408977346,0.03112089936808165,8050110,0.04561795569374272,-0.3879797294560868
0,2501.0,250,22,0.10007996373594746,-9.194991986519129e-07,-1.01772417916509,-0.6583394287540716,-1.9033047906683256,0.9283484990575892,0.4026628807408062,0.0286702365015618,8050111,0.06592499028371551,-1.886507049758265
0,2501.0,250,18,0.07701585714158463,3.0382954509156583,1.0813362828522313,1.7296396920351234,0.04279058948416594,-0.4620676939192126,-0.24016955529515704,0.03604471650041025,8050112,0.04820896489182537,-0.9714413772660292
0,2501.0,250,24,0.10816523663122043,3.30260557687316,1.4010241532786245,2.286021020192916,-1.9891132620281249,-0.5520684242701867,0.22761395804548626,0.03126124569964446,8050113,0.06101286867901715,-1.8363895650547108
0,2501.0,250,13,0.08550785760503145,1.3523177320593502,1.173015745854677,1.886383264466189,0.9776412577841304,-0.5187745178371802,0.8116897192995458,0.027011270890011662,8050114,0.04203912423889105,-0.473382924089149
0,2501.0,250,12,0.07902945468842253,2.1055747515770515,0.7830200111206175,1.3668984127740609,-2.356251271886407,-0.29588305512041274,0.7344346406733289,0.026096320766938724,8050115,0.04639525845316751,-0.6466259410774049
0,2501.0,250,20,0.1274763603816039,2.7715779713170643,1.3540557006435312,2.3363412048101493,-0.22031949447871896,-0.4819482350241033,-0.025908350626355315,0.034175411322710195,8050116,0.051091462624692316,-1.4831538204193273
0,2501.0,250,10,0.062290326644238385,1.331586504129518e-05,0.23137311992634485,0.5841554798089309,1.8755621056164389,-0.0004417360719150328,-0.149051725602794,0.034392048480660985,8050117,0.0627995854385283,-2.810613582660773
0,2501.0,250,12,0.06588652975408134,4.72985831489979e-06,-0.5732714505912564,-0.3912438452052387,0.0395360307538329,0.5231226259629825,-0.07628976933957206,0.03533488793885218,8050118,0.036274128773157145,-0.2731751402716319
0,2501.0,250,27,0.013375400254669502,1.2906077357395451,1.5289869200156605,1.8872783846807504,-1.4852033420933957,-0.912608563985542,0.6762520450285868,0.02744580472427344,8050119,0.04791423759554347,-0.6716105329539923
0,2501.0,250,20,-0.07758668975923598,1.8243166166246163,1.9128673222613388,1.879012599613412,-1.0119084632668651,-1.417657810650352,-0.15062931272988972,0.03510412618214795,8050120,0.06997344215571966,-2.7487701284408983
0,2501.0,250,19,0.03641344368109327,4.422519269196808,1.602938353315818,2.1387221599832174,-0.09454019612673524,-0.8996641394051179,0.0216122694190668,0.0374909777358281,8050121,0.052330288897525584,-1.3069976047615557
0,2501.0,250,9,0.02815970876967861,-1.57870219031111,-1.6247976011844918,-1.9412450507743082,5.258123210824516,1.0856507092928729,0.3884647558687068,0.02903954527788573,8050122,0.033974608109858785,0.22067263821201186
0,2501.0,250,14,0.10596615314360024,2.4027234379090245,2.256876811345484,3.3304642767951256,-2.4338026261574917,-1.1398450614908966,0.4689389449447729,0.030363389040031094,8050123,0.0331001425055059,0.1765351519890494
0,2501.0,250,18,0.16455115375402193,0.5897441959972243,-0.7993617544918084,-0.08117382500594764,-0.821544625794685,0.9584903346357982,0.5081697529243201,0.02799173232519521,8050124,0.04318078766679622,-0.4654632623895053
0,2501.0,250,13,0.03577325537604142,-7.123906620505881e-06,-0.11496103206343042,0.037094726528407285,0.9776412577841308,0.16300520607772478,0.22171346876653011,0.029349656691281256,8050125,0.0581465647536382,-1.742166109898421
0,2501.0,250,10,0.1209109529031193,0.7981744261748098,-0.2195658760853736,0.2884922634971518,0.4973207385797263,0.4196130309048243,0.2457892694275366,0.031472664852960235,8050126,0.046962041715248086,-0.5457761172307934
0,2501.0,250,12,0.00940789632636552,-0.7051957201472842,-0.2611702903677852,-0.2797483300928084,2.435323333394072,0.18727959028454408,0.10393743263005156,0.035731636222308585,8050127,0.04709159217515222,-0.7574530526731071
0,2501.0,250,22,0.16218356620132274,1.2475438621707635,-0.2689898690683713,0.5876348762341627,0.2876268263757852,0.6422595234175804,0.4157144890482328,0.030250032387614974,8050128,0.0577147298872911,-1.8245133756289136
0,2501.0,250,18,0.0584938362764016,1.1286396178938092,-0.019072143253323647,0.2930798519840307,-0.821544625794685,0.1748599827641106,0.26650540609444306,0.030273166398312137,8050129,0.047534222913158015,-0.9401001951194692
0,2501.0,250,10,0.13072834723301902,1.331586504129518e-05,-0.6923951146219326,-0.2633356534831381,0.4973207385797265,0.7397910942565695,-0.2612578707442694,0.03790970332944682,8050130,0.06351211296800104,-1.5452132307348585
0,2501.0,250,26,-0.047403756292381985,2.4345426554461365,2.5848212760350178,2.7930993648815954,-1.4310221514132817,-1.7560548451904174,0.10392804815726273,0.035205337478948044,8050131,0.04673532841041586,-0.7164973054049677
0,2501.0,250,16,0.04252732384422129,4.103257978687225,0.5434185372976722,0.8895873230834055,-1.5450791905361416,-0.22556134239064285,-0.10148392558448856,0.03902707604611997,8050132,0.039016280174461286,-0.4471155663587327
0,2501.0,250,12,0.17163941088450554,0.7328752949349722,-0.5694183498477565,0.1344438458270992,-1.1583576205662869,0.7826350598598408,0.12126017452898286,0.034728356240210104,8050133,0.06769821220365332,-2.132538823436238
0,2501.0,250,12,0.06379241329605315,1.7232575977513238,0.5749525709716368,1.032065488549642,1.2374296820739528,-0.20298577100489934,0.2509049113702079,0.03209252781736264,8050134,0.06678326208058039,-1.563748611609017
0,2501.0,250,20,0.0014752074107519518,2.032665815010139,1.2934299115057504,1.5680993419930067,-0.2203194944787188,-0.8043489717051093,0.04286560464822453,0.03686250377855508,8050135,0.03429848425961912,-0.2558196115801445
0,2501.0,250,11,0.11758138503170346,1.2569288399819254,0.6106363405490954,1.3326969108238564,-1.029123745469293,-0.10069328522242604,0.2379606374796027,0.03288962300816168,8050136,0.05901023448633243,-1.6862782554632116
0,2501.0,250,13,0.08478894170117213,-0.5520385479280794,-0.6316070842226713,-0.3580042082889756,3.2274499563188983,0.6116809871004771,-0.1892041367129659,0.037717691040660334,8050137,0.06947143412359115,-2.1049114749054145
0,2501.0,250,8,-0.06797512700862157,9.120471661981978e-07,0.4097792748922337,0.2292784839424558,2.7476664446803647,-0.4037149771966574,-0.027153422577474686,0.03390443494407738,8050138,0.10210195621194457,-3.4011720021405316
0,2501.0,250,13,0.13075642459393916,0.5742524253540733,-0.4387744027829544,0.1125220478752674,0.9776412577841304,0.6074623243922284,-0.33389018939464005,0.04338051129248175,8050139,0.06038670812281384,-2.238469728492352
0,2501.0,250,10,0.06809753292415982,1.331586504129518e-05,-0.19767563356053286,0.06890354256108565,0.4973207385797263,0.2828689398777928,1.0044073562523566,0.02464697499676124,8050140,0.06441896618732998,-1.7809556988841273
0,2501.0,250,24,0.06406050941401935,2.6727052233845447,0.5651185549588925,1.0384098407222997,0.7227061423521209,-0.16178033211560108,0.42974327982571786,0.031562976471643404,8050141,0.07178714859437751,-1.9124605806311576
0,2501.0,250,12,0.17132685618927745,1.05011487985751,-0.20722687995879024,0.5851212645245641,-1.1583576205662869,0.554456105751111,0.17451796357672414,0.03371550719005053,8050142,0.05042751651768364,-1.265602042000666
0,2501.0,250,15,0.0959982860602986,0.5149700678730746,-0.7217597575758059,-0.3881458194669322,-1.4636660782230697,0.706779832083272,0.117606758152336,0.0334618042060716,8050143,0.0521440601114134,-0.911143154620276
0,2501.0,250,11,0.07612838436987149,3.687003455836908,1.1596764982041126,1.8228884341190057,-1.029123745469293,-0.5454259948900971,0.3703386470162511,0.028298678585308976,8050144,0.04770695685969685,-1.350527024831658
0,2501.0,250,12,0.0817330528021455,1.9230122567924104,0.8832006304516081,1.505296021453488,0.0395360307538329,-0.3520859120102984,0.7037837096841901,0.02857802176447726,8050145,0.04744785593988859,-0.8344526666182345
0,2501.0,250,16,0.03806236074631427,0.8881856618525052,0.8932905678607438,1.2943249333466067,0.3592984541263132,-0.4567467040333594,0.26983449324822795,0.032387614976033166,8050146,0.08054799844539448,-2.820700091774037
0,2501.0,250,24,0.10487498113097816,1.2307569655689126,0.2659282998225948,0.9141017817600664,-1.3111584109330634,0.1466341637097877,0.0721744724404845,0.03591066776064833,8050147,0.03902707604611996,0.04101434597052756
0,2501.0,250,13,0.10409902287883434,-1.026210789255865,-1.0354642095020776,-0.7623915099420763,5.477258654853665,0.9141280568463984,0.6614884810986132,0.026500266298167586,8050148,0.06163363129939111,-1.7580302389793585
0,2501.0,250,26,-0.07831281071510005,-1.1690409357941205,-0.5573016725265748,-1.1125960061010227,2.9977742999054797,0.11024326589544874,-0.1940598730989609,0.04118984900174173,8050149,0.0674795958025651,-1.5261176840251809
0,2501.0,250,16,-0.0566180515428111,1.2794872113393594e-06,0.955767716175578,0.8712930607298611,0.3592984541263132,-0.7514493437766951,-0.3127150892356299,0.04209985101697111,8050150,0.044014768752429066,-0.7841343692790861
0,2501.0,250,16,0.04495116095451372,-0.8903473142416086,-0.7654777198981045,-0.6999026252495608,1.311487276457541,0.6007737149691369,0.2725706595994979,0.03378322674863677,8050151,0.038929913201191865,-0.3102925208239661
0,2501.0,250,14,0.0260821326810294,3.5141534146588493,1.6328280960041832,2.1506445619865664,-0.31268270567134554,-0.9560841102544008,0.23532991250533536,0.03183239871930117,8050152,0.040711232024873686,-0.353525147673336
0,2501.0,250,8,0.1584009744991179,1.252307471831238,0.3995957373866976,1.2040337858878842,-2.133690217292945,0.08755250875313357,0.6052811291309452,0.027582102603964247,8050153,0.06412747765254567,-1.9525471411858024
0,2501.0,250,25,-0.1011845729159272,-0.5899489381559672,0.3263216184189746,-0.19177118595585368,-0.7186113859275949,-0.5078632492537776,-0.32696765862826194,0.03895233539617527,8050154,0.0852442026169193,-3.044016028861161
0,2501.0,250,26,0.10927828139047187,3.384225826741681,0.8627579831628157,1.6534732294978436,-1.4310221514132813,-0.2069148636983919,0.9454870766390624,0.02536274128773157,8050155,0.05188495919160513,-1.2410518554297485
0,2501.0,250,27,0.1330618204939422,1.3420557565787288,0.1848743551165344,0.9902488398630988,0.35160141541955897,0.29114294319952605,-0.05943166199540473,0.0323228397460811,8050156,0.0465863453815261,-0.9527902911902679
0,2501.0,250,15,0.10370889219788967,1.3580382353150393,0.005809706180454075,0.5465313493241071,1.5464560379341799,0.27127383401035193,0.3438276605848293,0.026855810338126708,8050157,0.08394869801787798,-3.1911879365969678
0,2501.0,250,24,-0.02408773096456436,-0.3923702663712876,-0.4489308593961924,-0.6723234606433589,1.4006609934471823,0.20841286148319066,-0.4517764115350256,0.041758431575765434,8050158,0.043480373105324516,-0.38145474440741217
0,2501.0,250,19,0.12466283841501585,2.0756291987562157,0.4237266256464741,1.1939018372351935,-0.09454019612673516,0.08701633244557813,0.3219919093134298,0.03337948568467418,8050159,0.048700177052295214,-0.9038500205250458
0,2501.0,250,12,0.0128928811781587,0.9009145870570071,0.455506447923148,0.6322287931740688,0.03953603075383266,-0.2540599236675743,-0.030505274151182562,0.037521051949734416,8050160,0.09516560867124413,-3.1473811558932727
0,2501.0,250,13,0.1912460087446652,1.432988109287057,0.5144739469756447,1.6002509678188042,-1.2721674407506367,0.16302346868685147,0.09831065714441373,0.032387614976033166,8050161,0.035367275553828216,0.17820489207716006
0,2501.0,250,19,0.12661616165491435,0.3051523149374515,-0.8213015705439498,-0.30207252339776197,0.7317926280143298,0.8711797867676803,0.3672891359592597,0.03078001154176825,8050162,0.030055706697758783,0.497312211002841
0,2501.0,250,16,0.006482894472026086,0.6880507873272431,1.143199161120081,1.4336427774236,0.3592984541263132,-0.6985130612394124,-0.02232584336307764,0.03747247052727037,8050163,0.03613378244159434,0.01990558632078484
0,2501.0,250,18,0.0834672321295685,0.7118613703082322,-0.033363161774175185,0.4107405204864082,0.04279058948416628,0.25336179461885555,0.4803890866018087,0.02729916080090973,8050164,0.035831498035151364,0.01412961538131922
0,2501.0,250,18,0.06166815931985228,3.4391109158937927,-0.01335573584498311,0.317184043690442,-0.8215446257946852,0.18012491200824135,0.17152142881775112,0.03475730880511293,8050165,0.03462236040937945,-0.15290456705581945
0,2501.0,250,22,0.06297335396771825,1.4803893019368164,0.44793546706999016,0.8902943346357903,-2.633615329683029,-0.09565635695040643,0.5096214972440252,0.03079702321832132,8050166,0.05658116336312994,-1.5829145265213125
0,2501.0,250,16,0.14417771748878086,2.1711513701154592,1.4462133304470266,2.5310231869286106,-1.5450791905361416,-0.5166169821838937,0.1676384719261087,0.033009457183572996,8050167,0.05977134343826921,-1.8963078058497909
0,2501.0,250,18,0.08252212623960911,1.0857015363614422,1.9273645792866319,2.786891750383603,-0.8215446257946851,-0.976085025123382,0.2788867398849431,0.03429038735587511,8050168,0.05475126311698406,-1.5453870298558825
0,2501.0,250,15,0.06464760612144332,-0.62880173706696,-1.098653849161256,-1.0146058257136132,0.5430819992150968,0.859862507101962,0.2664429943599119,0.03215164806692206,8050169,0.061568856069439036,-1.304296022220602
0,2501.0,250,19,0.1344488906666467,1.8596540411898048,0.46211956561710404,1.293831692659032,-0.09454019612673524,0.09063858804365067,0.6680242263231053,0.02820961264412488,8050170,0.031243252580213324,0.4136769528590773
0,2501.0,250,12,0.16965468856980714,1.3802153703772804,0.282116914465664,1.1878590146715329,-1.158357620566287,0.2430760215564244,0.6856744983334119,0.028691828244879158,8050171,0.07912294338644901,-2.9329155272054743
0,2501.0,250,13,0.007404833809751344,1.7000573646423696,1.3367416074544365,1.6970379187372957,0.9776412577841302,-0.8199066797259852,-0.05770648810032755,0.03539966316880425,8050172,0.07101524377078205,-2.401460376715101
0,2501.0,250,11,0.1131827800894694,-0.5155128306879814,-0.7168935928854228,-0.35592354410871996,2.81529364808728,0.7228263095155335,0.140411499139222,0.03450090685321933,8050173,0.030476745692447207,0.26725675248388275
0,2501.0,250,11,0.09269589247914203,-0.4484777636686472,-1.1880847729624897,-1.046333560414478,0.2523487190495646,0.9695773790037416,0.31964096210673143,0.032821609016712015,8050174,0.05538282160901671,-0.9617022147581188
0,2501.0,250,9,0.057165054439347586,0.7767024584145985,0.5583088332945293,0.9701158061706496,0.7828117394489833,-0.22325925103571256,0.09983766720232157,0.03692547969656404,8050175,0.06317204301075269,-1.9924687270139243
0,2501.0,250,19,-0.3021237124637065,-1.2140045070388097,2.0554265743982407,0.8365809222114314,1.5581254521553949,-2.1385990399321835,-0.4518253931523136,0.03795828475191087,8050176,0.043838950271130606,-0.924364998058828
0,2501.0,250,10,0.2152638679658163,1.3433492374743403,0.6472877278983179,1.8261889610623532,-0.8809206284569866,0.094237414729375,0.5414953157981445,0.027134343826920586,8050177,0.060224770047933675,-1.699308110782726
0,2501.0,250,17,0.05049823198646679,3.5051703202271716,0.4093454266232148,0.7689096978837479,0.19338017960939927,-0.1176821988143952,0.6741494200584689,0.02715701515740381,8050178,0.04906723668869024,-0.8081147167148184
0,2501.0,250,15,0.058585730878224586,1.1314284653088809,0.2516102006927045,0.6140676902435118,0.5430819992150969,-0.002375618864637871,0.2828382248910736,0.030520910621959982,8050179,0.04296756920153733,-0.6523843793120147
0,2501.0,250,16,0.15070700118779826,2.02401011886002,1.5930346289868869,2.7452006630777164,-2.497268012867369,-0.5909500412523608,0.23285720269131924,0.03252179223807673,8050180,0.0259748672107786,0.7801789618148366
0,2501.0,250,25,0.027560428790026584,0.8493002035903171,1.153061458433931,1.5290761075454256,-2.0276682832349398,-0.6366148901581488,0.2826230845786395,0.030674670006189637,8050181,0.04770695685969685,-0.5947579025764895
0,2501.0,250,16,0.16426425277598874,1.2926247777428597,0.12794550100402485,1.0232455709473454,0.3592984541263132,0.36326479976489984,0.12462049189975714,0.028719717579997413,8050182,0.0350595932115559,-0.004780557048362069
0,2501.0,250,7,-0.1234271153292724,1.690525703800356e-05,0.25177131558380794,-0.18802555052152775,-0.2641278187844842,-0.4090891533221099,-0.0776512140262767,0.038203505265300836,8050183,0.07669387226324652,-2.790318329929793
0,2501.0,250,12,0.06366739141796189,0.3091525995844925,-0.6773051706657465,-0.5320661060945663,-1.1583576205662869,0.5829446062132018,0.4304754840647664,0.033244087460954926,8050184,0.08210260396424407,-2.7447229215030133
0,2501.0,250,18,0.13149299338565873,2.6798967403935148,0.4582478753431118,1.2674390390840806,-0.8215446257946851,0.07953328832486037,0.6914164905543916,0.02790732823768191,8050185,0.05538282160901671,-1.4282769195446987
0,2501.0,250,11,0.14387032351914106,1.749454741305179e-05,-0.25799435663645365,0.3681238377717183,4.0967661126061365,0.5083479155876308,1.0161009643460617,0.02425243495978047,8050186,0.031394394783434816,-0.13945238566056073
0,2501.0,250,13,0.0807198776853282,1.4380430942332874,-0.213196549023286,0.1410738369811705,-1.2721674407506367,0.33881934413967685,0.1161182387298226,0.034185127607203006,8050187,0.08116336312993913,-2.2993390478521736
0,2501.0,250,21,0.15282818540713888,1.1811516676927314,-0.3911088798271841,0.38040230881526416,-1.0956646725615415,0.6865062607427709,0.5712087726391396,0.027542427775618602,8050188,0.04806322062443322,-0.5656551765273379
0,2501.0,250,16,0.048708688340804336,1.2794872113393594e-06,-0.12196309225531204,0.10767586573516964,0.3592984541263132,0.20786816669862404,0.2178358345230637,0.031031961949179208,8050189,0.042557326078507575,-0.6036639946279702
0,2501.0,250,26,0.017735859428048333,0.329739066508117,0.15808282973625526,0.28977997634983826,0.4670334705804733,-0.04484602269709759,0.05933651302039855,0.038009179575444633,8050190,0.052500323876149765,-1.3381653382716299
0,2501.0,250,25,-0.03672032629467457,2.282730896660844e-06,1.3299042049611944,1.371021944651257,-0.7186113859275951,-0.9402427742106588,-0.13720916958031565,0.03497862417411582,8050191,0.05247603316491774,-1.4508958454326415
0,2501.0,250,27,0.08310934902026264,1.670789704107292,0.3801550059674119,0.9317858279291924,-0.26066683708475946,0.01679094793307416,0.2994093253739972,0.031236055332440883,8050192,0.036954268687653835,-0.18321584899453813
0,2501.0,250,13,-0.0129979995417771,-7.123906620505881e-06,-0.1477062043833822,-0.24874843807739985,2.102545607051514,0.059657101030193276,0.2807840521735825,0.0312124072326171,8050193,0.06730146392019692,-2.2086146269671203
0,2501.0,250,24,0.12323919787651642,1.28260868024359,0.33672904722126074,1.1030578727881677,-1.3111584109330634,0.15718341522176826,0.2317780033540311,0.03319730535043399,8050194,0.04166126873083733,-0.6840709764906112
0,2501.0,250,12,0.08517115444965448,0.8044442025162382,0.05093086985568567,0.4830934389936522,2.4353233333940723,0.17897689551671994,-0.4630983063053655,0.03639720171006607,8050195,0.04339940406788445,-0.7335147318868379
0,2501.0,250,15,0.023900399731954486,2.930900675513127,0.8382540475952744,1.1549709190199775,0.5430819992150974,-0.4619522532907169,0.2016818989661918,0.031617509464380834,8050196,0.04450058297706957,-0.7204763403329004
0,2501.0,250,11,0.0838815674003462,1.2714165853913821,0.4549383853931952,0.974996259522978,0.2523487190495648,-0.08396998429392058,-0.16660986504957198,0.03842385671719136,8050197,0.04107829166126873,-0.6561713099944603
0,2501.0,250,20,0.054767075124166564,-0.9363010734620244,-0.7915700540588059,-0.6525461458700297,2.9460363806738683,0.6514438628766828,0.1563520339003276,0.03099494753206374,8050198,0.06315584920326467,-1.882975426278916
0,2501.0,250,14,0.1221426672872709,1.196257327427377,0.1571769901142587,0.8193649588798391,1.808437214814801,0.218775317274556,0.5653263602455817,0.027258226454203914,8050199,0.06948762793107915,-2.3652263524143606
0,2501.0,250,21,0.13352403412558286,3.4888973827040566,0.1062841808803475,0.8709520267435161,-0.3359691819397461,0.3198521933523729,0.12542309681880145,0.031115244387689006,8050200,0.057002202357818374,-1.5339689662630245
0,2501.0,250,19,0.08813277842109282,1.247882067830136,0.4703466241822387,1.0507239120755865,-0.09454019612673513,-0.045292041540074664,0.1329753175443782,0.03229045213110506,8050201,0.04974737660318695,-1.0115514182278105
0,2501.0,250,13,0.09248134187246723,1.487991959460934,-0.1185993845434248,0.3176612313754015,-0.1472630914832534,0.3093434930093153,0.6207122404738946,0.0260801269594507,8050202,0.0691475579738308,-1.6890253196267249
0,2501.0,250,16,0.18408405000799696,1.2044419687653036,0.10920235650957456,1.1048661260631596,0.3592984541263132,0.42850383749860615,-0.037437160547020856,0.033830663154409746,8050203,0.0853413654618474,-2.8206738791380395
0,2501.0,250,12,0.1779217602585901,0.4422365122147205,-0.7774857899967371,-0.09439713893593477,0.0395360307538328,0.92883216073663,0.5471732181001776,0.028511897050567864,8050204,0.06649177354579608,-2.4888038067711973
0,2501.0,250,10,0.06764354937133209,2.1843611603277666,0.4809218847095287,0.9247194751142921,1.8755621056164395,-0.1448940622188469,0.23121269337539824,0.03148076175670424,8050205,0.05609534913848945,-1.7760621502963292
0,2501.0,250,13,0.024356870822754888,1.318504216541006,0.9037776623350731,1.2446546981821198,-0.14726309148325353,-0.5051871366469763,-0.21897120403775835,0.03793052393907427,8050206,0.07235393185645808,-2.809673464933683
0,2501.0,250,27,0.0380903711970878,-0.5560532396809597,-0.6959660274448709,-0.6029272491433179,1.576137920428195,0.5503429810362579,0.15442322129591546,0.03309042622101309,8050207,0.04479207151185386,-0.4856191120714146
0,2501.0,250,15,0.08210183995058852,2.1429492491299458,0.9726249845953048,1.6228897679198169,-0.4602920395039866,-0.3918763051362987,0.6162242317860677,0.028965323660232325,8050208,0.034125750313080266,0.2874487810416588
0,2501.0,250,17,0.07476135229582201,3.404498491787982,0.6272373417506111,1.1642114342847278,1.0994680023857824,-0.1875040807868072,0.3754702138215239,0.0316010586123295,8050209,0.02882497732866952,0.35264144157088617
0,2501.0,250,16,0.02899326686952642,3.8666341011256575,1.236914883592332,1.6671240655210111,-0.5928903682049141,-0.6964469496797077,0.5506571904221259,0.02729556217702351,8050210,0.034006995724834815,0.06343130610002945
0,2501.0,250,17,0.12537942906154467,1.9845401219562773,1.406275558849933,2.384467924800957,-2.5248832887197503,-0.5362846357134373,0.19930573384021466,0.03365720948309366,8050211,0.04636826877402081,-0.9286775626511601
0,2501.0,250,11,0.05937260912299552,1.806899773879324,-0.1268802891367479,0.12628064880517145,0.2523487190495645,0.2226101359298895,0.0912175878844714,0.03313657857235393,8050212,0.08284751910869284,-2.453439846070601
0,2501.0,250,22,0.09536323443477973,1.2862767057403124,0.3622959217974899,0.9693907788773508,-1.172994251653622,0.05254795426134423,0.29589837820900344,0.034136546184738964,8050213,0.08553569115170359,-3.126107075315649
0,2501.0,250,9,-0.035030508582100175,3.0638401873735743,1.3722687754601988,1.588535553588679,0.7828117394489833,-0.942122190193299,0.3560720515682479,0.0291974349008939,8050214,0.05505894545925638,-1.7054819933376175
0,2501.0,250,10,-0.054856345966684296,1.331586504129518e-05,-0.22394392459034151,-0.5399581055274223,-0.8809206284569866,0.013080710681281528,-0.10872104280414356,0.03735101697111025,8050215,0.10563220624433216,-2.9727918041132013
0,2501.0,250,13,0.09770067133448612,-7.123906620505881e-06,-0.5806701495027461,-0.229846430859188,0.9776412577841302,0.6125210671203015,0.0103086129157053,0.03604741546832491,8050216,0.060240963855421686,-2.2980250924777543
0,2501.0,250,21,-0.006551658794785211,2.069540561144012,1.6771326736250511,1.979875568122472,0.42372630868204897,-1.066955732912804,-0.3310562564156772,0.034905752040419735,8050217,0.05035194541607289,-1.4017333240512546
0,2501.0,250,15,-0.027470583924279642,0.5888597495841322,1.0021210439367745,1.0892720823642512,-1.4636660782230697,-0.7008184043502543,0.037918027346791575,0.036670877056613545,8050218,0.07317981603834695,-2.123550207794701
0,2501.0,250,26,0.0952306344796678,1.9047238366018269,1.2247339738287388,2.0019023745216176,-0.79833694408203,-0.4752909455226678,0.024564222243454076,0.033033343049617823,8050219,0.03662499460206416,-0.17265604551992178
0,2501.0,250,15,0.07444081970455746,3.7276913055827166,0.2974929596683244,0.7529443282773052,0.543081999215097,0.01090019968372539,0.35323476334541604,0.02921902664421125,8050220,0.05115623785464438,-1.5241890391324016
0,2501.0,250,19,-0.6544215935224181,-1.0045871585223571,2.590185381132013,-0.4411884751567719,-2.5735386685499315,-3.4678433584384623,-0.8503985781708412,0.04577584531675087,8050221,0.07644556721509695,-2.0214118613005603
0,2501.0,250,24,-0.0788054451092911,0.4865622334415644,1.6591042970221483,1.5292164803921795,-2.667068113123186,-1.2705009637266211,0.7364880728461218,0.027492458312512718,8050222,0.06050006477522995,-1.1534372158191215
0,2501.0,250,12,0.12195884207800065,1.0049036669132545,0.16267079141717547,0.8038018019318229,0.03953603075383273,0.1999368452452828,-0.4414324538318943,0.03721336960746211,8050223,0.051690633501748934,-0.9559394213406192
0,2501.0,250,13,0.05164691853325594,-7.123906620505881e-06,-0.6388837891826604,-0.5336519235480757,-2.3970717900180207,0.5320560113084225,-0.21970394356927747,0.03853586388565013,8050224,0.07036209353543205,-1.8548538456306651
0,2501.0,250,8,0.11747692905296853,9.120471661981978e-07,-0.6798592382001362,-0.3598823147771071,2.7476664446803656,0.6798651926382779,0.5532326936585467,0.02772919635531373,8050225,0.07248348231636223,-2.4785989415284115
0,2501.0,250,19,0.062399445389991925,0.5355340782540671,0.21256545580801006,0.598172287326716,-0.9208730202678008,0.043261131300680766,0.9630895028070148,0.026141123634322232,8050226,0.07049974089908019,-2.2850044870089907
0,2501.0,250,17,0.1591429718719137,0.7341775355262417,-0.4472981301105223,0.3051382888989907,1.0994680023857826,0.7166975121293139,0.8983926163805669,0.026363518590490995,8050227,0.09829641145226063,-3.0882973874669375
0,2501.0,250,20,0.05567063966325216,2.4641109242104284,1.0034804851946233,1.5173867828359446,0.5712694743094276,-0.4681199497569661,-0.3185355709027448,0.04288839947604036,8050228,0.055496178261432834,-1.6725708282980059
0,2501.0,250,17,0.02579931247981732,1.9235472937351656,1.3943362758292537,1.8377585493233517,-2.52488328871975,-0.8020592153472385,0.3011788033563715,0.03101294065149486,8050229,0.052386967223733635,-1.0807767245020703
0,2501.0,250,15,0.11660122400350832,0.3875478574042614,-0.646380939258716,-0.18830917156268828,-0.4602920395039865,0.7141571124399742,0.21467687544382286,0.03209072850541952,8050230,0.07269400181370644,-1.6717848574140122
0,2501.0,250,12,0.0013283574547193833,2.191755849157246,0.6096304776631337,0.7677014245844084,1.2374296820739523,-0.3794712572235175,0.3812832865265525,0.02993540984213352,8050231,0.055641922528824966,-1.828802186255939
0,2501.0,250,15,0.040164572163657986,0.953287259177095,0.6776643911806044,1.042109472929841,-1.4636660782230697,-0.3182020843802822,0.12838956638615676,0.032659670941831836,8050232,0.03630651638813318,0.07126481896396372
0,2501.0,250,12,0.13133548293484332,4.72985831489979e-06,-0.8969319130452259,-0.4729892625676142,0.0395360307538328,0.8884411957472391,-0.15477318319285704,0.0394481150408084,8050233,0.05862158310662002,-1.4710509282977864
0,2501.0,250,10,0.08169812352762396,-0.6870256203291483,-1.2615414202677906,-1.212451330947071,0.4973207385797265,0.9835034652189036,-0.17207465830466168,0.04060435289545279,8050234,0.06325301204819278,-0.9389042795353804
0,2501.0,250,10,0.19067309218764747,0.8474024738723699,-0.4122000103039716,0.3715631327199909,-2.2591619954937,0.7031879892014999,0.3805502945180425,0.032060140202386615,8050235,0.06600595932115559,-2.3422207327049374
0,2501.0,250,6,0.2537776562454767,0.989768924664221,0.4793372104350824,1.6228804474594725,-1.9642299758823036,0.17863547845411185,0.06642512931283935,0.03450669035589362,8050236,0.07215960616660189,-2.112415050141692
0,2501.0,250,24,0.01671908899541712,1.4567352712832289,0.8620249150178139,1.122835640010475,0.044751291257059116,-0.4882254945793042,0.3957566305514373,0.03189591209412429,8050237,0.05190439176059075,-1.1212562405740585
0,2501.0,250,14,0.15213911697096624,0.709526238321355,-0.6633953538151852,-0.04080453947762757,-1.3732426659144188,0.8112379192093705,0.5489873766769348,0.02902335147039772,8050238,0.08754372328021763,-2.845030242570646
0,2501.0,250,12,0.13916497805030706,1.3072459413936557,0.9718219475521,1.898820923774716,-2.356251271886407,-0.2654785481734395,0.3122991989346465,0.030625728721336964,8050239,0.03481668609923565,0.23616574027648976
0,2501.0,250,12,0.14255619649353174,1.8462286764077032,0.9371440408606032,1.8722267225518336,-1.1583576205662869,-0.23530628443675514,-0.01787617306890374,0.03446582027032863,8050240,0.030978753724575724,0.3498182581141995
0,2501.0,250,23,0.1310618964525949,3.4436820769974865,0.7565833939610729,1.6453363141086517,-1.9477653591241628,-0.08533867683305722,-0.20957545429136615,0.0366581533507301,8050241,0.048991665587079486,-0.939631083660852
0,2501.0,250,19,0.033760422564216186,1.4320117971634263,1.5343795319396936,2.0412613472146437,-0.09454019612673532,-0.8642785439981909,0.1925962152109476,0.034571979674972296,8050242,0.0640465086151056,-1.5473417800474427
0,2501.0,250,12,0.14361888245730728,1.0415696503672771,0.4824781531276455,1.3097843829408382,-2.356251271886407,0.052791417926480934,0.4220399366134364,0.0319897099920419,8050243,0.0427678455758518,-0.465125449915056
0,2501.0,250,13,0.004601061784699843,-0.7564674941680822,-0.013087162623580045,0.006880428183425994,3.2274499563188965,0.019899400961545653,-0.6690556575626291,0.0447272962819018,8050244,0.03423370902966705,0.011681736830352145
0,2501.0,250,14,0.14898369816269466,0.9493448617472376,-0.09795894875455992,0.641565701930494,1.8084372148148005,0.4484894776814396,0.5739907192017248,0.02691050942119733,8050245,0.09222913158008378,-2.876712517539407
0,2501.0,250,15,-0.062143518597659736,-0.4855678029338447,-0.0007449736732057362,-0.3241233024903508,0.5430819992150969,-0.16426502499956894,-0.24724767082129556,0.04205384588206197,8050246,0.09412920499201104,-2.570221563550472
0,2501.0,250,13,-0.11159012659704888,0.3646906886344925,0.9619913020149872,0.6335018452950051,2.1025456070515136,-0.8870582934845601,-0.38460969856221816,0.04081244332167379,8050247,0.05319665759813448,-1.169415820797393
0,2501.0,250,10,0.10906954856686266,0.7479463175866885,-0.2545902641251186,0.18877179575203784,0.4973207385797266,0.4140631016184961,-0.005105818951175581,0.032387614976033166,8050248,0.07980308330094572,-1.8548690935779264
0,2501.0,250,16,0.1972237985532664,1.0421448541982603,-0.2781559630423976,0.7000061461521087,-2.497268012867369,0.7065836706024997,0.7233079801478611,0.02743230988470009,8050249,0.06679405795223907,-1.7451918595675158
