start,end,N,SS,FayH,FulD,ZngE,TajD,FerL,bsfs,Colless,btree,path,iColless,ibtree
0,2501.0,250,16,0.06986217584881081,-0.5928903682049141,-0.8373264404601638,-0.6564308078509209,0.7130167906861256,1.2794872113393594e-06,0.045522592160757734,-0.5651798488565818,8000000,0.0834952714082135,-3.3989380395536566
0,2501.0,250,16,-0.11350284114082193,1.3114872764575405,1.7179889256165553,1.5042500642329324,-1.3823959875016725,1.3513043958051631,0.02960551884959191,0.4614404154661334,8000001,0.053374789480502664,-1.5602431610527883
0,2501.0,250,18,-0.07666657887790397,1.7714610200418692,0.609732671664136,0.32601484203449554,-0.5950500779523553,7.942844380620404e-07,0.045723838281164365,-0.39697813001745785,8000002,0.05152059852312476,-1.3211974061634446
0,2501.0,250,15,-0.1625301560610246,0.5430819992150967,-0.4825139429172157,-1.438585756869706,-0.12846303413708896,-1.3710168515947672,0.0431588103566339,-0.5539495709819866,8000003,0.07342272315066717,-1.8959106516343456
0,2501.0,250,7,0.1483669132743897,3.319356447001475,-0.7876890394122851,-0.4018832862226499,0.7975911195616499,1.690525703800356e-05,0.029640065638899687,0.5388425707440155,8000004,0.0506866174374919,-0.8986122386684247
0,2501.0,250,18,0.0821112106352789,-0.8215446257946853,-0.2420120321786052,0.1500098108879135,0.3801349957934311,0.8234858687650869,0.02587230643002116,0.7851899997326873,8000005,0.052435548646197684,-1.1054690760866472
0,2501.0,250,17,0.03854643900067302,0.1933801796093992,-0.7099623565654657,-0.6595504908974361,0.5502072270921216,2.7626589002131874e-06,0.032445192958212785,0.4740302776292077,8000006,0.08641015675605647,-3.2081382686295705
0,2501.0,250,6,0.15388784204066258,2.0301464234706037,-0.9075721650908408,-0.582015324983332,0.8646836143602877,-3.1178367348751664e-06,0.02719749967612385,0.8682146181568042,8000007,0.03575592693354061,0.023228100890944608
0,2501.0,250,7,-0.6501490120637345,-0.26412781878448416,1.2078524977192515,-1.1436213547311174,-2.080243893972093,-1.0590885473312075,0.04931914036072605,-0.7497998215054359,8000008,0.04126182147946625,-0.5219004980351103
0,2501.0,250,4,0.18148897244034345,-1.719394522626171,-0.7660690958632224,-0.430495924472166,0.7658133508384348,0.279713569449802,0.03491384894416375,-0.029075283637481013,8000009,0.0512695945070605,-0.7211518615524799
0,2501.0,250,14,-0.35174265610010996,-0.3126827056713457,0.5812542939097276,-1.0823510874214033,-1.2783100191943684,-1.474041368792596,0.05915273999222696,-1.228528812204726,8000010,0.09259619121647883,-2.7863848885444615
0,2501.0,250,22,-0.06652762693402374,0.28762682637578485,0.1225051950344884,-0.22646486550572986,-0.27105367106083994,-9.194991986519129e-07,0.044846050870147265,-0.5437767570534744,8000011,0.05865397072159606,-1.5562609415691109
0,2501.0,250,21,-0.5090823066727098,5.741594743034617,0.5173947718733068,-2.2114224223701875,-1.7960140194970815,-2.6377028325011307,0.03630291776424696,-0.7946513733675666,8000012,0.04349656691281253,-0.8938748322891172
0,2501.0,250,15,0.13047287716743833,2.5498300766532633,-1.1183178887222358,-0.6964274558451038,1.0466769339520752,-0.3738224266451373,0.02285917865008421,1.3624036556717696,8000013,0.06869413136416634,-2.400138288128597
0,2501.0,250,14,0.1625906096481526,-1.373242665914419,0.41576071194076425,1.3458456639630754,0.161718622862396,1.3850678333227804,0.029807401649609194,0.4980913097484457,8000014,0.06537440082912295,-2.2201543590933244
0,2501.0,250,13,0.06634155960814114,-1.2721674407506367,1.173015745854677,1.790030011610066,-0.5674626337687438,1.9727892351727596,0.03332685581033813,0.12873566891150312,8000015,0.033926026687394736,0.11114581285180024
0,2501.0,250,20,0.032150301508075525,-1.0119084632668656,0.5501050185990439,0.8408293612230202,-0.2519557726258735,0.7586839460401097,0.02984113874854256,0.5567879169567059,8000016,0.07290452131105066,-2.0229570126084666
0,2501.0,250,12,-0.012080238970565654,1.2374296820739528,-0.7890450922272361,-1.0446683725020418,0.4654876026096495,-1.094709756155937,0.029254113227101957,0.5130388625933996,8000017,0.032355227361057136,0.2474541293645959
0,2501.0,250,22,0.1097977641755874,1.0179373653904888,-0.30324568717737144,0.2526188480879157,0.510476166744018,0.9253968696450908,0.028112449799196783,0.7655575203566669,8000018,0.047545018784816685,-0.9986997617463452
0,2501.0,250,13,-0.0006614026315506267,0.9776412577841304,-0.7662261259824732,-0.95473660060235,0.4790761822321034,-0.5951099001937444,0.0373008161678974,-0.023272754676862063,8000019,0.05486461976940018,-1.9630568714972232
0,2501.0,250,20,0.07137237854144332,-0.22031949447871876,-0.4726256851165666,-0.17627027057699782,0.4995436425399599,8.838931126173458e-06,0.0335989117761368,0.07693515049030179,8000020,0.06137453037958284,-2.304255775401882
0,2501.0,250,21,0.10440555059320407,-1.8553601631833363,0.9716465977235528,1.7492698493949312,-0.3051292138162645,1.7962444868064191,0.03391523081573606,0.1672186258608165,8000021,0.05646780671071382,-1.3519676624853594
0,2501.0,250,18,0.08809003267828308,0.042790589484166114,-0.5821382729748676,-0.2307420007325949,0.6096029309744507,7.942844380620404e-07,0.03921060586431749,-0.2375895951314797,8000022,0.03493004275165177,-0.03899038516670628
0,2501.0,250,18,0.024274839325805587,-2.550215056352388,0.8583963939269503,1.1737437132575474,-0.4694786541052447,1.339682779971268,0.03454833157514852,0.19759199460828825,8000023,0.04633588115904478,-0.9310770096563722
0,2501.0,250,18,0.09014461069993396,2.6357962353207207,-0.1619823284618375,0.2906361090460535,0.35243688976995985,0.8630806882945337,0.028374789480502656,0.5586559149486773,8000024,0.03850887420650343,-0.10382419279202466
0,2501.0,250,15,-0.3530267549619296,-2.4670401169421527,1.8312880454247646,0.41555275593244,-2.083425898194597,-0.5617393113037775,0.03901088223863194,-0.3620795490278864,8000025,0.05457313123461588,-0.8975350935155486
0,2501.0,250,12,-0.07634148430946096,0.0395360307538328,0.2358797055436684,-0.08150414702614389,-0.3371836393501015,4.72985831489979e-06,0.03624636796032055,0.022296593136502323,8000026,0.07909055577147299,-2.1383993215773947
0,2501.0,250,28,0.13899045370264426,-0.3497490525185192,0.7748419625755566,1.7252057197507422,-0.05546405506601413,1.4764893873921512,0.03339457536892438,0.15424557754233845,8000027,0.05180399015416505,-1.441285386355239
0,2501.0,250,22,-0.634216105112335,-1.9033047906683256,1.624867503529212,-1.6111101836851898,-2.8694526962428863,-1.541523297318408,0.042925020766176665,-0.2894178178003316,8000028,0.04780411970462496,-0.4736783100374806
0,2501.0,250,14,-0.02287345785911613,2.8689971750578733,-0.3944682831156194,-0.6043920653385246,0.18792077261517648,-0.7101624687999458,0.029004908522980807,0.6151907199456281,8000029,0.055204689726648534,-1.3110665877376653
0,2501.0,250,10,0.05776940709732891,0.4973207385797265,-0.14951710000588306,0.08143502229992555,0.22853689404695246,1.331586504129518e-05,0.03261931099086171,0.2309190327185447,8000030,0.04482445912682991,-0.9855390083662886
0,2501.0,250,20,0.21833991683760756,-2.5950864008431593,0.911223849550174,2.3035331800796524,0.05470523802180367,1.5568019588480324,0.037477868463099716,-0.0928673508596195,8000031,0.04271001054910888,-0.7449673042616494
0,2501.0,250,24,-0.059637793881135534,-0.6332035598380021,2.033663089711864,2.0848671872655937,-1.4471581593164329,0.8900552713131944,0.03582070216349268,0.16106886088096548,8000032,0.049634019950770825,-0.7594604139623282
0,2501.0,250,11,-0.10840764087202463,-2.3105962099881507,1.852122667186932,1.8048140112459519,-1.4246144103297198,0.8372072972275125,0.02524172938086657,0.963863905551732,8000033,0.05183637776914108,-1.3223241819202722
0,2501.0,250,16,-0.1072402954970042,-2.497268012867369,1.0119971496589286,0.673054231213191,-0.9233122598794056,0.1804225966281039,0.03346565987452113,0.20469557481610146,8000034,0.07036209353543205,-1.912470917913269
0,2501.0,250,12,0.11525454386535812,0.039536030753832926,-0.9431691219672216,-0.6099243826124974,0.8776418864688108,4.72985831489979e-06,0.026441248866433474,0.7181212363096794,8000035,0.07290452131105066,-2.7142497749796934
0,2501.0,250,13,0.121827489068006,-1.2721674407506367,-1.3156173504616662,-1.021128545649874,1.1349412637963374,-7.123906620505881e-06,0.04169005772192713,-0.4375442952631125,8000036,0.05062184220753983,-0.7173437835506052
0,2501.0,250,13,0.08665812305120645,0.9776412577841304,-1.4029378099815382,-1.3063573046673258,1.1003884073287757,-0.8397867128672031,0.03983676642052079,-0.2945869137668179,8000037,0.04093794532970592,-0.4903034532312687
0,2501.0,250,16,0.1600544304265335,-2.497268012867369,-0.043866656861769264,0.79071264762077,0.4595111632544777,1.3057622809780651,0.029604771443092474,0.5477265188127327,8000038,0.05089173899900679,-1.4909556709664846
0,2501.0,250,14,0.1624441556106379,-1.373242665914419,1.0604961250281846,2.1415808206395885,-0.2429359631216317,1.8679146868751784,0.02629874336053893,0.7584531954958129,8000039,0.041051301982122035,-0.467925463010085
0,2501.0,250,28,-0.047457124424583136,-0.34974905251851923,0.7103013275658157,0.5623254711038932,-0.5888039147377314,0.5984626764373354,0.03539966316880425,-0.06545766609848104,8000040,0.06778727814483741,-2.181220018779105
0,2501.0,250,15,-0.5167097830017261,4.5565781540914285,1.0807772021806945,-1.3585414921905257,-2.0469995495291,-1.7643773157548452,0.05072710195621195,-0.5598129414198436,8000041,0.0711879777173209,-2.4845684627703584
0,2501.0,250,13,0.02005775371767596,-2.3970717900180203,1.4422538293742813,1.8916599242250016,-0.8539664457471275,0.7597103144119753,0.03229045213110506,0.3290904709588733,8000042,0.046719134602927835,-0.4247995466005831
0,2501.0,250,13,-0.013213674312934907,-0.14726309148325334,-0.3077937135031472,-0.4486109618187213,0.15955357295279404,-7.123906620505881e-06,0.04133874206503433,-0.2612092573185233,8000043,0.05981992486073325,-1.3171581723824424
0,2501.0,250,11,0.08691095679635953,0.2523487190495647,-0.4874439747609381,-0.1941183461791097,0.5154326637642392,1.749454741305179e-05,0.02626230729369089,0.7694783467379859,8000044,0.07717968648788702,-2.604185318302832
0,2501.0,250,26,0.08784010538201585,-0.16565173675077835,-0.2981354306888431,0.1527134268547497,0.4522413339240982,0.4191355136395705,0.0330029796605778,0.34131033960689544,8000045,0.0657144707863713,-2.3290196877887057
0,2501.0,250,11,-0.0055624381565216215,1.5338211835684223,0.08618007055027359,0.08148572378038373,-0.0675350161400443,1.749454741305179e-05,0.0314900153609831,0.4684407316492245,8000046,0.09168933799714987,-2.8090891994473464
0,2501.0,250,14,0.01824018467228701,2.8689971750578738,-0.5703052139576432,-0.6111728342409625,0.4049921795769891,-0.447489576900864,0.036205754919318864,0.14334730736190726,8000047,0.061973701256639466,-1.6964305783055496
0,2501.0,250,22,0.026184538017652845,3.2088689824346,-1.1327258542453054,-1.2108413488240868,0.7841057584120134,-0.9385295635258101,0.03842610585712024,0.09471919333905016,8000048,0.0645485166472341,-1.0708865924930833
0,2501.0,250,19,-0.048667874554287456,2.384458276296461,-0.14668276820288328,-0.4434185782002373,-0.045689940829256766,-0.8078001431840525,0.03279425947517669,0.2050219593671746,8000049,0.07850757870190439,-2.429749659824899
0,2501.0,250,11,0.03435019501581207,0.2523487190495645,-0.528417120854596,-0.4984603367886967,0.4146809542294498,1.749454741305179e-05,0.0353591786500842,0.1953265226105927,8000050,0.10114652157015157,-2.802942871015929
0,2501.0,250,20,-0.03718444679726663,-1.0119084632668656,-0.3461022990898933,-0.6225611372209945,0.11003156144046447,-0.3963540072782273,0.0404980135596148,-0.21885051171682807,8000051,0.05428164269983158,-1.0329623142849504
0,2501.0,250,23,0.03855137734678767,-1.2446198729288072,-1.0034542754522284,-0.9814796761993768,0.7404179785156719,6.669880563534684e-06,0.0437556678326208,-0.17077510771251664,8000052,0.0480470268169452,-0.3710552434356165
0,2501.0,250,21,-0.4953738157808098,-0.3359691819397459,1.6213028402803285,-0.8079444976715902,-2.446164676880325,-0.9718127090284052,0.04040894761843071,-0.40031517670546585,8000053,0.0551723021116725,-0.9504397808686628
0,2501.0,250,10,0.10575925182749377,0.4973207385797263,-1.314078002327408,-1.166222126539478,1.072566616147123,-0.4149073816339287,0.030586053892991318,0.09257366886568996,8000054,0.043269853607980316,-0.3614021257286209
0,2501.0,250,13,-0.08628428678119958,2.102545607051513,-0.3732840581430511,-0.8972716073385704,0.015023284324738881,-1.0738472357833522,0.03657641317960012,-0.13318823289306006,8000055,0.043367016452908407,-0.2871420342169594
0,2501.0,250,18,0.1063141397303267,-1.6858798410735365,0.4868299123848147,1.1660237071580288,-0.008482594038979855,2.718734230909183,0.030937369549884124,0.20554707426714897,8000056,0.05373105324523902,-0.9464732196736207
0,2501.0,250,15,0.07434164792143733,-1.4636660782230697,1.1954840996197444,1.8565429416591237,-0.5521062339526843,3.2895917342060823,0.02929228434475228,0.1096545082211354,8000057,0.049719615790350336,-1.347161025015428
0,2501.0,250,10,0.06597894301096373,3.2538034726531526,-1.5154682335559424,-1.6070822406026908,1.106570944790341,-1.0407127223449568,0.033484167083078865,0.1842818470679634,8000058,0.04537504858142246,-0.43539592543531147
0,2501.0,250,28,-0.25328776949331033,-1.5360309750754062,1.0894775582480445,-0.18946283162492908,-1.4583907064208053,-0.2708528963755205,0.03189370384764866,0.4554884074460296,8000059,0.06012760720300558,-1.673596006484412
0,2501.0,250,7,-0.021787761397729977,-0.2641278187844844,-0.22626927548391415,-0.3836348603229847,0.09848203988671607,1.690525703800356e-05,0.034562211981566816,0.08995733598157914,8000060,0.09502526233968132,-3.0005544067212466
0,2501.0,250,16,0.1517043695681099,-0.5928903682049141,-0.9935193112472492,-0.4158520801782215,1.0317614558514805,0.3216966198971236,0.03616401088223863,0.03515509626506235,8000061,0.06137453037958284,-1.3292368843703817
0,2501.0,250,22,0.09720309338204372,-0.4426837126389184,0.5091065708360624,1.1556932906774071,-0.033775157458395225,2.370754469187873,0.033007606462717234,0.3308295033811799,8000062,0.04019303018525715,-0.16732845620718773
0,2501.0,250,17,-0.07431465811859546,-0.712707643166984,-0.18164908290040868,-0.618590954619641,-0.09020786375438793,-0.35457503245736194,0.02973542917188467,0.4632738381366564,8000063,0.056645938593082014,-0.8633890991458278
0,2501.0,250,10,0.1352303507985607,-0.8809206284569866,-0.03568783887671169,0.5880079135095637,0.33733312688211703,1.0721247136594043,0.02887031998963597,0.4537051457273604,8000064,0.06608692835859567,-1.6529003092439647
0,2501.0,250,25,-0.0071341509411200574,-0.06408293727392286,-0.6838925711180177,-0.8541224324536758,0.4052824946405874,-0.2710396036647346,0.04081919074146046,-0.1754647867276287,8000065,0.046832491255343965,-0.35272130785237754
0,2501.0,250,8,0.1768024188215082,1.120547557355928,-0.5118308693587894,0.11463521583313895,0.7010851973849861,0.35672111117749883,0.04122133696074621,-0.6392010453019882,8000066,0.08385153517294988,-2.9884494765115
0,2501.0,250,16,-0.07467505814915218,3.215864921119997,-0.8529457275388721,-1.4380975259034572,0.33264878301654816,-1.3089435071002098,0.03487741287731571,-0.10263190558876714,8000067,0.06020857624044565,-1.6078551320529109
0,2501.0,250,18,0.0691673690988781,-1.6858798410735367,-0.8651004396877244,-0.6766973171073122,0.733943963748205,7.942844380620404e-07,0.03598264023837285,-0.3710288872535513,8000068,0.07193289286176968,-2.6975206201865776
0,2501.0,250,24,0.12864133830249566,-0.6332035598380017,-0.5791128788066424,0.042006799329734806,0.7449420910843967,1.011277877510638,0.04144966964632725,-0.41210242771146427,8000069,0.06523945243338948,-1.7008836752589267
0,2501.0,250,11,0.049514257190206405,1.533821183568422,0.09027738515963944,0.3516139435300454,0.06244127962325445,0.33977464836917104,0.025937081659973226,1.0141327515036611,8000070,0.08148723927969942,-2.9693425371486093
0,2501.0,250,15,0.14217514757561522,0.5430819992150967,-1.1576459678441962,-0.6839195320853287,1.1023433612315992,-3.1232848154354443e-06,0.03747247052727037,-0.01740680244484786,8000071,0.049617826143282806,-0.962628116396308
0,2501.0,250,25,-0.06105130404139575,-2.6821967318886117,1.0690611538334809,0.9214213588772644,-0.8506418722442979,0.4371848074283949,0.029990931467806712,0.5695157749564377,8000072,0.051917346806581166,-0.7060034207228539
0,2501.0,250,6,0.0711257315803912,2.0301464234706037,-1.2573678925464942,-1.364143098986747,0.9285532145094716,-0.7526801152359757,0.033301665443134544,-0.0810351904734054,8000073,0.06393315196268946,-1.4689603501639077
0,2501.0,250,11,0.05240672503159765,0.2523487190495646,-1.6224001215552644,-1.7856968541600091,1.1455015619240552,-1.1665622927291273,0.04011206114781708,-0.1710538784564528,8000074,0.04848425961912165,-0.324446224356862
0,2501.0,250,18,-0.06486302814351944,-1.6858798410735365,1.1156347273022744,1.0042368167414957,-0.8787124478528527,0.20005081300804892,0.036128384505765,0.12782680047036507,8000075,0.054748024355486466,-0.922365232813426
0,2501.0,250,17,0.0977170750132946,0.1933801796093993,-0.7517498471378435,-0.3942887321460014,0.7387307928031172,2.7626589002131874e-06,0.03372846223604094,0.2217059987522824,8000076,0.04770695685969685,-0.4448598962819204
0,2501.0,250,21,-0.17922777439281967,3.4625082711692303,0.8066948173868711,-0.02769756598622737,-1.0225670199587176,-0.7975472409614068,0.03374789480502656,0.3736981695309549,8000077,0.10872522347454333,-3.135142507056065
0,2501.0,250,26,0.06093660489771989,0.4670334705804735,-1.1141878120126103,-0.9704679749472842,0.879725558407826,-0.42901086853313786,0.0338234659066373,0.2662979866914505,8000078,0.048468065811633626,-0.5423086261716157
0,2501.0,250,25,-0.3313563563660559,-1.373139834581267,1.860432444542985,0.3135563199444754,-2.1572039902527833,-0.1660573667552332,0.04493961509118913,-0.3985435532331969,8000079,0.058103381267003484,-1.2349593063901334
0,2501.0,250,18,-0.3760185966324425,0.9071258047630174,0.3839345790346845,-1.5666362936226967,-1.287574262903865,-1.6486732633089571,0.040198428121086496,-0.35908384400453786,8000080,0.05492939499935225,-0.8812038853378996
0,2501.0,250,11,0.17130598002653852,-2.3105962099881507,-0.9955109863222968,-0.4262449889086623,1.0377680802035965,0.3620201550933754,0.03852830677548905,0.0234329566413466,8000081,0.04343179168286048,-0.2881478099805349
0,2501.0,250,7,-0.3319039185512065,-0.26412781878448416,0.9855080367575204,-0.1062818130529967,-1.2945768497940309,-1.013002556738139,0.05658764088612515,-2.3889724126243053,8000082,0.09933281513149372,-3.3503332718390726
0,2501.0,250,8,-0.03069303408461202,1.1205475573559285,-0.6594921631890638,-0.9803047068981164,0.349684997861201,-0.7798774915735307,0.03722416547912078,-0.458851424551519,8000083,0.08527659023189532,-2.417841454968734
0,2501.0,250,16,0.026952140881911744,1.3114872764575405,-0.6217802787739857,-0.618955103196921,0.4621877168659132,-0.41283960463531294,0.034751910869283587,0.25295392736595523,8000084,0.06323681824070475,-2.232521569985939
0,2501.0,250,12,-0.020128522372689,0.03953603075383277,-0.4923563349777637,-0.7138765352941242,0.259274985474067,-0.24558376956577954,0.04214708295547783,-0.16581411079243066,8000085,0.04093794532970592,-0.15219996676708214
0,2501.0,250,11,0.1984849086190196,1.5338211835684223,-0.3973030533548905,0.4559021283533791,0.7273160627204771,0.5605414400269493,0.0317398626765125,0.2708599470072002,8000086,0.04113227101956212,-0.2964746743194533
0,2501.0,250,20,0.06393180116346314,-0.2203194944787188,-0.14840950842321585,0.17370742579227727,0.2755886964928728,0.2807882470881914,0.03712916180852442,0.011287968273228005,8000087,0.04718875502008032,-0.9047151052941416
0,2501.0,250,19,0.22255251500953208,-1.7472058444088658,-0.03150394829099367,1.1778663343988496,0.648136654183342,1.0905805602860204,0.035684674180593345,0.15136340364435635,8000088,0.04466252105194973,-0.7028689577562297
0,2501.0,250,20,-0.10677735639949046,0.5712694743094278,1.1168243518435186,0.7578937266136018,-1.0034947348420415,0.24996367606274103,0.042812828374429616,-0.6054151742787325,8000089,0.060678196657598125,-1.4683822454801263
0,2501.0,250,7,0.08012808696779378,1.5276143141084952,0.457439941973409,0.9258192215056612,-0.12591815121096558,0.9865443050279978,0.03643246822415109,0.10111202254516087,8000090,0.05792524938463532,-2.1244829584909706
0,2501.0,250,15,0.13943552706692128,-2.4670401169421527,0.9693476446684745,1.9170516346928816,-0.2378406629445826,1.1792331662019169,0.0396702015435012,-0.012335046528350813,8000091,0.052969944293302235,-1.3921642296372372
0,2501.0,250,15,0.09653133439456932,-2.467040116942153,0.8316993677416147,1.5246638821052931,-0.2653124062773345,3.39850013983991,0.03881802871309284,-0.08854955399837876,8000092,0.052322191993781575,-1.0242072594516607
0,2501.0,250,27,0.1260246362909527,0.35160141541955864,-0.1703702331334664,0.5289772494061108,0.4911757272973574,2.6066463568434513,0.024830504814958763,0.8941697489686883,8000093,0.04507816211080883,-0.6981760927805191
0,2501.0,250,14,0.1423932664745326,0.7478772545717275,-1.1012637894414012,-0.6316173635950457,1.0604783021052897,1.551339111253063e-05,0.02882497732866952,0.4196879480019161,8000094,0.05331001425055058,-1.5145277372416233
0,2501.0,250,13,0.043178089185792766,4.352354305586282,-0.5370099197428103,-0.44973134847983903,0.44662352581410303,-1.0115100570223876,0.03516755192814268,-0.3484948762007209,8000095,0.04715636740510429,-0.9332743272741516
0,2501.0,250,9,0.15244719214576016,-0.7089587510095278,-0.6555736238080299,-0.14354777989502004,0.7542067364226402,0.3625956096458193,0.029399857494494107,0.6379936629080609,8000096,0.08951936779375566,-2.4371859826891957
0,2501.0,250,14,0.15785082443404005,-0.3126827056713456,-0.9633524711339314,-0.3821259570440487,1.0141618948195172,0.3428371083813454,0.03149155762836292,0.574286335512615,8000097,0.056775489052986135,-1.1435275145808752
0,2501.0,250,15,0.12283664986718733,0.5430819992150967,-1.360841043307656,-1.034334818860475,1.1784164303886808,-3.1232848154354443e-06,0.035249870449540095,0.07028627663896045,8000098,0.038638424666407566,-0.2349259989340333
0,2501.0,250,15,0.06887480337693942,-0.4602920395039865,-1.6590789766491865,-1.681684347262657,1.222269350816381,-1.116052418557663,0.0324200025910092,-0.010384143184311469,8000099,0.049974089908019166,-0.7434230855819459
0,2501.0,250,17,0.1629780048081028,-0.712707643166984,-0.999489969816938,-0.3475651673088578,1.0728922510547272,0.4250127426587183,0.02901930301852572,0.6004516190780382,8000100,0.05324523902059853,-1.8182734327610777
0,2501.0,250,25,-0.08259321043253508,-1.373139834581267,0.5451645172464631,0.17499606458129327,-0.5885150956173402,0.18065486698048114,0.0322950789332445,0.41870087739437656,8000101,0.045914842164356345,-0.3984976494840241
0,2501.0,250,17,0.1213264965267085,0.1933801796093996,-0.5816150640931641,-0.060702857087541175,0.6970110598583512,0.4846394141594492,0.03656561730794145,0.07376506632312636,8000102,0.05167443969426092,-1.5364414180719348
0,2501.0,250,15,0.043561205735522884,-1.4636660782230697,-0.5611701011611359,-0.4634190204439302,0.4671414490042132,-3.1232848154354443e-06,0.032395711879777175,0.3166537147844376,8000103,0.09947855939888586,-3.1611978517446238
0,2501.0,250,22,0.10855167788857677,0.2876268263757853,-0.2420745834112996,0.3189509892540062,0.4686229073365581,1.1556048235406409,0.037238559974665686,0.0918872733786788,8000104,0.047285917865008416,-0.746231731999859
0,2501.0,250,7,0.11764838165906227,1.5276143141084957,-1.1212057308548822,-0.9615400578205792,0.9455836484400161,1.690525703800356e-05,0.039433720545263486,-0.08409157007654715,8000105,0.045472211426350564,-0.5315557132262589
0,2501.0,250,14,0.09689931682109848,1.808437214814801,-1.4219076045062682,-1.2605933091734196,1.1433393578581414,-0.6735295874908682,0.03758582717968648,-0.18119934180578695,8000106,0.04488923435678197,-0.7386532979223536
0,2501.0,250,11,-0.8395345121652281,-2.3105962099881507,2.905132521793942,-0.3900961431625561,-3.845806504487406,-1.0111049945509436,0.042908191907414614,-0.31026095239797563,8000107,0.08822386319471434,-2.883656407083141
0,2501.0,250,13,0.08033166309724413,-2.3970717900180203,-1.5739403765412865,-1.5504931722753958,1.191610139916233,-0.4308594209413281,0.028279785809906286,0.6582803697300837,8000108,0.029699442933022405,0.4963961770379943
0,2501.0,250,11,0.024834146969578117,1.5338211835684223,-0.028544738511968787,0.08362665769700939,0.07770232148042533,0.2593233292857569,0.03865230507282586,-0.006248447000297522,8000109,0.11107332556030576,-3.451246584510641
0,2501.0,250,15,-0.06970536706057062,-0.4602920395039864,0.2090047816439142,-0.10555700586335054,-0.31575394457371514,-3.1232848154354443e-06,0.035482104370561415,0.12665552648505546,8000110,0.060240963855421686,-1.1942051366184985
0,2501.0,250,15,0.02324338666878356,-1.4636660782230697,0.8513634073025945,1.1676722642811928,-0.47190911720198897,0.8797649762476474,0.039767942738696715,-0.3088215076705177,8000111,0.059568920844669006,-1.7347293829538897
0,2501.0,250,21,0.008989893259243462,-0.33596918193974584,-0.7819177132402446,-0.8900282224896178,0.5146094157791045,-0.3954025015155776,0.03718098199248608,-0.03877565307120148,8000112,0.06778727814483741,-1.889805305922482
0,2501.0,250,14,0.11379478714893222,2.8689971750578738,-0.32896040691957146,0.17607784275360666,0.5019141909397489,0.4302912802660645,0.03318920844668999,0.13472995411555372,8000113,0.07721207410286307,-2.7817177156341644
0,2501.0,250,9,0.09951032220636427,0.7828117394489834,0.6618181901017243,1.2939198682923427,-0.19350699046359912,1.8915647982637456,0.03544284665543896,0.056470687557717565,8000114,0.06658893639072419,-2.4150599853223857
0,2501.0,250,22,0.02218702630496101,1.748247904405193,0.03441880561134512,0.16575588855595014,0.0433776520248279,-9.194991986519129e-07,0.039424560411734914,-0.14647939801184798,8000115,0.04429006347972536,-0.5795586838035247
0,2501.0,250,20,-0.06542544866684953,-0.2203194944787185,0.5922794806079347,0.3533885844906952,-0.5573380953127189,0.30430514824674315,0.031628819425166106,0.3959280767243049,8000116,0.0544921621971758,-0.8965848223376734
0,2501.0,250,6,0.07785914183110837,0.03295822379415004,-0.6559647120087044,-0.5516644810171644,0.5616981312653975,-3.1178367348751664e-06,0.030221693224510945,0.4835896757059372,8000117,0.05256509910610183,-1.3721140282490938
0,2501.0,250,18,0.0056603624496482565,-0.8215446257946851,1.0298886161771663,1.2813794817529958,-0.628628308756636,1.0900536358624229,0.030779030098890187,0.35082847905267833,8000118,0.04485684674180593,-0.9562116358221018
0,2501.0,250,18,-0.04583763566303198,0.04279058948416623,0.4668224864556227,0.319127930118378,-0.4197622706178672,0.1751277761313041,0.03328367232370341,0.3868493212419288,8000119,0.06268622878611219,-1.315297448986125
0,2501.0,250,19,-0.013022154932656757,1.558125452155395,1.1175418979728555,1.2812209909251524,-0.7356884702666199,0.7676525985185192,0.02833916310402902,0.7895378734087221,8000120,0.037936693008593515,0.03753617405027261
0,2501.0,250,19,0.03807522613891738,-0.09454019612673524,1.923793637356081,2.536078734406328,-1.0956363996599223,2.654338071802723,0.021926415338774454,1.1597997993395148,8000121,0.029343179168286045,0.5257927467484497
0,2501.0,250,15,0.11812599016898052,1.5464560379341799,-1.3018489246247158,-0.9863018126695858,1.1289607202023273,-0.4652968795074727,0.034196694612551586,0.3158824206373185,8000122,0.05865397072159606,-1.6418099151763133
0,2501.0,250,20,0.10363332060532532,-1.0119084632668651,0.3945866899412576,1.0476216473343911,0.04966958027914735,1.547328000066554,0.03259003756963337,0.10074655368362508,8000123,0.049239970635229086,-0.6386905999352516
0,2501.0,250,12,0.17757795009383925,0.03953603075383266,-0.5694183498477566,0.1636936185179679,0.7973437965114639,0.6232873531019537,0.026946495660059598,0.6906129429265836,8000124,0.07446992270155893,-2.1245830929378795
0,2501.0,250,10,0.2017011093250878,-2.2591619954937,0.7567389405225213,1.9010678735654565,-0.0061678535895550975,1.553607543772789,0.03651163794964805,0.08626072823062944,8000125,0.07349829425227793,-2.282128961647603
0,2501.0,250,19,-0.6375899723706556,1.558125452155395,2.4804912669302137,-0.4819675022372757,-3.351711648657839,-1.1757426479037592,0.04562119445524032,-0.2064303074745129,8000126,0.12005009284449625,-3.2385518937074367
0,2501.0,250,11,0.19150190933329395,-2.3105962099881507,0.13125053125329728,1.0862013077692572,0.378412810220708,1.1537598588741445,0.0327253715322118,0.2674785986431369,8000127,0.09052338385801267,-2.8480380721355383
0,2501.0,250,24,0.0763568828765527,-0.6332035598380016,-0.6613331015921896,-0.3536792352081892,0.6404075620478432,1.7382273570741302,0.03453167508744656,-0.06763852758212302,8000128,0.033100142505505886,0.15654874856774995
0,2501.0,250,15,0.09090333570250124,2.549830076653264,-1.2428568059417762,-1.0553532886836028,1.0198295484223403,-1.0087590404592524,0.03116768147860258,0.06739275769779314,8000129,0.052225029148853484,-0.7815341836567978
0,2501.0,250,19,-0.1443029691007616,-0.09454019612673537,-0.12748629821756827,-0.942722720324607,-0.3277456541988579,-0.8937405046807525,0.039313166645074935,-0.2615553266243457,8000130,0.058070993652027475,-1.3927117118590988
0,2501.0,250,16,-0.0812739256886564,-1.5450791905361416,2.2490446862926463,2.3243714441222667,-1.6280128253417203,1.0123998575726505,0.03066567344647407,0.4008879868205675,8000131,0.07970592045601763,-2.6160045154910256
0,2501.0,250,20,0.07021065270547619,2.1544474118857218,-0.8284727083165858,-0.6118540221732897,0.7186738484461773,-0.3414568085121295,0.03199896359632077,0.2867200415426745,8000132,0.06316664507492335,-1.3373377314516492
0,2501.0,250,11,0.106114204832105,2.8152936480872786,-0.6431419299168385,-0.29729489223804184,0.6594754798898154,1.749454741305179e-05,0.04119704624951419,-0.3709617961568051,8000133,0.06574685840134732,-2.154086955026692
0,2501.0,250,25,-0.05244922080786419,-1.3731398345812675,1.4536941275302786,1.428094722471211,-1.0647792002688294,0.9420230578692134,0.03620215629543262,-0.2648662952138812,8000134,0.04680010364036793,-0.4586934202168667
0,2501.0,250,12,-0.1291163445987239,1.2374296820739528,0.004693660933689941,-0.630091331151991,-0.32274585311048204,-0.6141221336502491,0.03725115515826749,0.20464821614807285,8000135,0.0747020339422205,-2.039842925493384
0,2501.0,250,17,0.0779753713758668,-0.7127076431669841,0.3705427568060072,0.8684410799262362,-0.017994309524304006,3.2540345873439103,0.03062653841171136,0.33723203927423506,8000136,0.04731830547998446,-0.725565790538407
0,2501.0,250,15,-0.003656959502555258,-0.4602920395039863,-0.2957055670879057,-0.3826010697589908,0.17561564640073385,-3.1232848154354443e-06,0.03090102344863325,0.4415622828147437,8000137,0.06419225288249772,-1.5508546574272069
0,2501.0,250,24,-0.08231760156187533,-0.6332035598380023,1.6134263954746215,1.4547666914430102,-1.2524588924920776,0.9813996016502032,0.022903441723884786,1.4129990232254954,8000138,0.08917929783650733,-2.786450830787924
0,2501.0,250,12,0.157980770703038,0.03953603075383283,-0.06466215244930361,0.6973865104972805,0.4318897515212055,0.9764048851138324,0.03443883059118193,-0.029274577885612968,8000139,0.07206244332167379,-2.527189911595328
0,2501.0,250,24,-0.10288552431687822,-0.6332035598380021,0.7386945808394926,0.29487034523696576,-0.7677749573486692,0.1921257588828292,0.03668976983201624,0.22738610936390194,8000140,0.04270307034589973,-0.49864297752918296
0,2501.0,250,18,0.08422742599757932,-1.6858798410735365,0.026659116013400656,0.4877461928388018,0.21792367033159413,0.8048846465383224,0.035801269594507065,0.17384685787174808,8000141,0.04119704624951418,-0.059857763345143075
0,2501.0,250,14,-0.21346341667939986,-1.373242665914419,1.2018552262933409,0.3921083695950876,-1.3081960355460545,-0.7046024213960151,0.03451305220883534,-0.3387233160484697,8000142,0.07928488146132917,-2.338904617749583
0,2501.0,250,25,-0.01956019779638374,-0.7186113859275949,0.021267880659444773,-0.08679428585371286,-0.07208506939472391,2.282730896660844e-06,0.04873256466727124,-0.4100304614351573,8000143,0.09794014768752428,-2.7279342618675284
0,2501.0,250,11,0.17442094539419062,-2.3105962099881507,0.5778578236741692,1.5649882407777649,0.05669521932885421,1.6562935818620401,0.025408083948698014,0.7521749967837553,8000144,0.035739733126052595,0.05630601581573536
0,2501.0,250,15,0.16302601497662533,1.5464560379341799,-0.11545187111225573,0.705942903427428,0.5045043343742358,1.0192070585136723,0.028652243382130668,0.6914936752826183,8000145,0.06419225288249772,-1.8007634888711297
0,2501.0,250,24,0.09591477371055096,-0.6332035598380021,0.6496226728218161,1.3205044038237341,-0.11957192147145047,2.2300159580680665,0.03224996761238503,0.12668646068543438,8000146,0.035658764088612516,-0.0902613413125098
0,2501.0,250,12,0.0497743352150733,1.2374296820739523,-0.3844695141597739,-0.2348730209381335,0.3646746957434601,4.72985831489979e-06,0.0388683767327374,-0.12728493219223544,8000147,0.08870967741935484,-2.965048644965232
0,2501.0,250,16,0.010843481809202884,-0.5928903682049141,0.8464327066246182,1.093363379165279,-0.5008707077212958,0.9536077804746326,0.03659800492291748,0.211783782714398,8000148,0.04190957377898692,-0.5024807718956815
0,2501.0,250,12,0.18711086829829604,-1.1583576205662869,-0.6272148610002513,0.13848493284360094,0.8572431911651126,0.6404414041837339,0.029361686376843776,0.7376905235634454,8000149,0.047415468324912564,-0.5574617144390076
0,2501.0,250,16,0.17331015203928102,-0.5928903682049141,-0.4655874079869003,0.34439994950060066,0.7594260389779777,0.792217072253462,0.032558806655192195,0.3946545634729266,8000150,0.04304314030314807,-0.36314127272417374
0,2501.0,250,14,0.016602562252804338,3.929557135300948,-0.4910062059308482,-0.5215917214544872,0.3510140215714265,-0.7770133711027705,0.03562637647363648,-0.0957026196935958,8000151,0.06746340199507707,-1.4766592931026818
0,2501.0,250,20,-0.18993295413431505,-1.0119084632668651,0.20216570702569195,-0.8039971437538342,-0.6694935300627699,-0.5312634928268454,0.028837122684285524,0.44266471912570016,8000152,0.04705920456017619,-0.5324717072714119
0,2501.0,250,12,0.11556709856058625,-1.1583576205662869,-0.4268536223382698,0.03626467459761707,0.5542432161416796,0.8364466398186019,0.03218924083430496,0.3344256743001771,8000153,0.05860538929913201,-1.9157900300896524
0,2501.0,250,8,0.04899863755115657,4.374785332004801,-1.4843587011374932,-1.691166156852741,1.0399637979772192,-1.2176427621710886,0.032193289286176964,0.025149823074689555,8000154,0.0373105324523902,0.00871113112199167
0,2501.0,250,11,-0.473782809381021,0.2523487190495646,1.2539147342195258,-0.70444288265176,-1.9280846252290385,-0.8037077256870686,0.035658764088612516,0.07237885957452415,8000155,0.051723021116724964,-0.7675236453355733
0,2501.0,250,9,0.07143517712668472,5.258123210824516,-0.7731978929071149,-0.6606469548847989,0.6466864253264436,-1.0014017318483193,0.037978527011270885,-0.10085017733353402,8000156,0.07144707863712918,-2.3920136438452406
0,2501.0,250,10,0.004237179826392161,0.4973207385797263,-0.3421512342244813,-0.41273923171227456,0.22501312942071225,1.331586504129518e-05,0.030509133307423237,0.3862273265901683,8000157,0.02804767456924472,0.4601911587448618
0,2501.0,250,16,0.008431242005658273,-0.5928903682049141,-0.5186929840545094,-0.5904735676598809,0.3476280918244074,1.2794872113393594e-06,0.030239236515956294,0.5150997898407543,8000158,0.07737401217774323,-2.9369526533780217
0,2501.0,250,8,0.10786888325442877,-0.5065713299685084,0.38941219988116144,0.9704605428817611,-0.014262459608340019,1.1249000625860663,0.030244634451785636,0.3778124268408229,8000159,0.05680787666796217,-1.4287203673177462
0,2501.0,250,13,0.0885991959916267,0.9776412577841308,-1.0682093818220295,-0.8809717884945675,0.8952993068368554,-0.545424284876333,0.04010049414246849,-0.04904208053902199,8000160,0.0769529731830548,-1.8268308456915257
0,2501.0,250,13,-0.09657916252446552,4.352354305586282,-0.7989712983024253,-1.4775957562923496,0.2559618865322109,-1.5477068131784657,0.03490305307250507,0.15511448963659846,8000161,0.11125145744267392,-3.5449315187363117
0,2501.0,250,17,-0.006526092979480857,1.0994680023857826,0.4391936341749129,0.5005621460651869,-0.2928422957856484,0.2700193109659414,0.03171719134602928,0.5261674055993079,8000162,0.06921233320378288,-2.0898155270649834
0,2501.0,250,14,0.08172135293321,0.7478772545717278,-1.259861805494991,-1.1380965041268702,1.002297423050271,-0.884223253785979,0.034181079155331,-0.006878113597557717,8000163,0.058038606037051424,-1.4461192706124455
0,2501.0,250,19,0.01649149023934219,-0.9208730202678008,-0.24540747098450266,-0.2068683625184093,0.20004717190361065,0.27022604019841423,0.03576475991944317,0.21531200299271847,8000164,0.09026428293820443,-2.8274042586164905
0,2501.0,250,16,-0.09157233408071216,-0.5928903682049141,1.583663056739662,1.455516351976751,-1.2390673242273085,1.3086377426029956,0.0361157893221632,0.015785123460505906,8000165,0.07222438139655395,-2.273993802025773
0,2501.0,250,20,0.12146489018278962,-0.2203194944787185,-0.3381945874632261,0.26221279483268695,0.5587455768914502,0.6971338685817571,0.038878093017230206,-0.3289333145705729,8000166,0.047577406399792715,-0.7185539996866069
0,2501.0,250,11,0.09872044088251317,4.0967661126061365,-1.3683666157745846,-1.2437935424171265,1.0973499885609443,-0.8726617806129904,0.04164507492334931,-0.1657208503255854,8000167,0.04987692706309107,-0.6773359392235683
0,2501.0,250,10,0.13246861751885866,-0.8809206284569866,-1.2046267897032046,-0.9027953669410392,1.0659375339440091,1.331586504129518e-05,0.031055095959876374,0.3481207187589977,8000168,0.039804378805544764,-0.25948906295385266
0,2501.0,250,14,-0.12011893876888576,-2.4338026261574925,-0.2531091818504632,-0.927517851779812,-0.15336438980833156,-0.583484040242509,0.03619315973571706,-0.27428287761888176,8000169,0.08096903744008292,-1.6801550652659991
0,2501.0,250,18,0.0865901907224779,1.7714610200418686,-1.1937938656673062,-0.9816930976505288,0.9881341753799262,-0.8431900136164504,0.03600207280735847,0.16011400400603146,8000170,0.03941572742583237,-0.5980932646636494
0,2501.0,250,20,-0.13800565327584602,-0.22031949447871876,-0.4489025502365655,-1.3027554173893152,-0.11400247870729265,-0.8042457512850305,0.037763959062054674,0.09318542472058618,8000171,0.05402254178002332,-1.2771793835817344
0,2501.0,250,13,-0.04897255137089914,-0.14726309148325314,-0.8753767003823129,-1.333138160018559,0.4248362331260479,-0.7544736201187789,0.0376951353802306,0.04303127342710628,8000172,0.06040290193030185,-2.3704638227670944
0,2501.0,250,16,0.028007495795962498,1.3114872764575405,-0.44059654866096665,-0.3915922974919993,0.3515568342599064,-0.17027644641790984,0.0343754048451872,0.15652580187405546,8000173,0.06675087446560435,-1.6577437937844113
0,2501.0,250,19,-0.12940523513675947,0.7317926280143299,-0.29751217523035745,-1.0670775138435389,-0.1793429399990425,-0.8628342405082078,0.038717080302777936,0.0021500543490791148,8000174,0.052683853694347284,-0.7354053878395558
0,2501.0,250,24,0.009067332018109529,1.4006609934471823,-0.6339263606636739,-0.7041029346272205,0.4227166292254855,-0.6155372722967033,0.04250874465604353,-0.3213386197293495,8000175,0.063479725353025,-1.659393851263768
0,2501.0,250,6,-0.03229422003742027,0.032958223794150206,0.4363798403966687,0.4435608676408849,-0.3366908587029847,0.4810823034324781,0.04148853478429848,-0.08825936233115811,8000176,0.12368830159347065,-3.5129941440650576
0,2501.0,250,19,-0.4471166614153776,-1.7472058444088658,1.5645454133451886,-0.549667058913893,-2.2410238052337386,-0.6328830106274059,0.04659282290452131,-0.5974881003131919,8000177,0.050971628449280985,-0.6485058413642834
0,2501.0,250,12,0.09965806457347644,2.4353233333940723,-1.3284791963171858,-1.1678253101478049,1.0809321098749258,-0.8741379265329949,0.020215760402313064,1.1897544609928146,8000178,0.05382821609016712,-0.7436105963642101
0,2501.0,250,20,0.0047483238533578545,2.1544474118857218,-0.4489025502365655,-0.5152102283935323,0.2942021748505447,-0.2275834711721751,0.05515205985231248,-0.6777365066726383,8000179,0.08524420261691927,-2.328563063347709
0,2501.0,250,11,0.03157753353471512,-1.029123745469293,-0.14736686218357692,-0.03317775617736817,0.16858893108325154,0.936084324460018,0.02730923694779117,0.6514718129204944,8000180,0.1000669344042838,-2.945849624332105
0,2501.0,250,18,-0.0042940680652504256,-0.8215446257946852,-0.9622793656295136,-1.1918827601226776,0.5901312768949342,-0.4506643801316264,0.040095867340329064,-0.08729181279862586,8000181,0.03850887420650343,-0.09866581632526984
0,2501.0,250,21,-0.4344705779347741,-1.095664672561541,1.0427027492531995,-1.1645925461524151,-1.9084256758235056,-1.8901194456257795,0.03427535024892196,-0.06934648287763556,8000182,0.08132530120481928,-2.9184918869447647
0,2501.0,250,25,-0.165296515787001,-0.06408293727392267,-0.2462067734630408,-1.2399630099925538,-0.3433926280950821,-1.0649912059430129,0.04065455369866563,-0.5068680812905056,8000183,0.059398885866044825,-1.250468243185768
0,2501.0,250,21,0.04865067113075465,-0.33596918193974595,0.07075610511552359,0.3558479742428775,0.09652584215382043,0.4584195319481693,0.02995391705069125,0.6170086562822451,8000184,0.06546616573822171,-2.0832090289866043
0,2501.0,250,15,0.06231706921811996,-0.4602920395039863,-0.5415060616001558,-0.3416924222044681,0.5045371953112365,-3.1232848154354443e-06,0.038314548516647236,-0.5174598560775853,8000185,0.05774711750226714,-2.2700839583798103
0,2501.0,250,20,-0.053679109658737,-1.0119084632668651,1.6888154928391048,1.740684811621806,-1.2092316730348065,0.8248930938102348,0.03318435030444358,0.2145781106328668,8000186,0.04109988340458609,-0.3587998456337978
0,2501.0,250,16,0.04767652804024919,3.215864921119997,-0.6655142825943694,-0.5631545437774137,0.5455208831073367,-0.6501454044457342,0.029868578255675036,0.3872203077742391,8000187,0.046686746987951805,-1.1536408701468626
0,2501.0,250,16,0.07860654513665997,0.3592984541263132,-1.4464786365297972,-1.3559874921962438,1.1181468323515582,-0.8005227381816229,0.04118085244202617,-0.3421162108345198,8000188,0.058880684026428286,-0.7904769183201286
0,2501.0,250,26,0.10510347869408833,0.4670334705804733,-1.1634508166594522,-0.7742898243945483,1.044338248525938,1.959932116599383e-06,0.029428564698677405,0.6760350151213402,8000189,0.05488621151271753,-1.4469077522938232
0,2501.0,250,22,0.10564971854902852,-1.172994251653622,-0.2151592977542279,0.33492983189076164,0.4433251002334221,1.1421596780990655,0.0336871680269465,0.2998183063936626,8000190,0.04498639720171007,-0.5779735566854016
0,2501.0,250,11,0.023430701034701875,-1.029123745469293,-0.11868565991801645,-0.036347985246217976,0.13096150399411388,0.4128562308658082,0.025257712879166432,1.017516905698253,8000191,0.08420779893768622,-2.688872334719255
0,2501.0,250,9,-0.16392671306312914,-0.7089587510095279,0.774737488436846,0.24323415931783735,-0.8549262736598991,1.1085547122109732e-08,0.03751565401390508,0.03081136299663424,8000192,0.043852830677548915,-0.4366131645767685
0,2501.0,250,17,0.04606397515399815,-0.712707643166984,-0.5607213188069753,-0.4374316125750649,0.4774107027492303,2.7626589002131874e-06,0.04130230599818629,-0.2138473515064176,8000193,0.04155331001425055,-0.27314637368572425
0,2501.0,250,16,0.10414381459533884,0.3592984541263132,0.8870428530292604,1.6353079570800642,-0.2744593159703209,2.2524205681111793,0.03463675490492436,0.08588352685346352,8000194,0.058168156496955566,-2.1029225773771447
0,2501.0,250,13,0.10877197625392017,-0.14726309148325334,-0.919036930142249,-0.5943335107744193,0.8529483162722281,-7.123906620505881e-06,0.03611681750041641,-0.2665576283014859,8000195,0.06671848685062833,-1.772057405710163
0,2501.0,250,11,0.0857984691650552,1.533821183568422,0.3770894078152452,0.8864357046256264,-0.030443064203789994,0.8395151872515357,0.0315278710148512,0.49949920339845705,8000196,0.04061406917994558,-0.3633836374893184
0,2501.0,250,18,-0.059079391012572126,1.7714610200418686,-0.3334745507120538,-0.7244058440100932,0.04409516403759895,-1.2884389217822063,0.030603057390853738,-0.14551204780705826,8000197,0.07215960616660189,-2.5076633544549525
0,2501.0,250,15,0.09252727365109356,-1.4636660782230697,-0.09251049162444563,0.367487512824644,0.30324752571222713,1.013158725178439,0.034428034719523264,0.19417344676884485,8000198,0.05065422982251587,-0.9428204490919728
0,2501.0,250,24,0.11016999695927504,-2.6670681131231864,0.6062286663516661,1.3499314561556028,-0.04999247987729675,1.26894694849288,0.03662769356997885,-0.05044493416703672,8000199,0.05638683767327374,-1.162562982872851
0,2501.0,250,18,-0.008690865031583412,0.9071258047630176,0.2095841530802981,0.20754884915483016,-0.15534264482975066,0.4242692390439952,0.03733212419570756,-0.20171017277276326,8000200,0.04748024355486462,-0.7185174421985838
0,2501.0,250,21,0.049115514391964266,-0.33596918193974623,-0.07389391764125848,0.18452901364289748,0.18825913262852692,0.7789174624681429,0.04943429632508529,-0.4289931261162729,8000201,0.09423716370859783,-2.8230999522369
0,2501.0,250,12,-0.06371427462224613,1.2374296820739528,-0.16484277178029424,-0.5196349527009471,-0.054311409218362985,-0.4394709762865222,0.037817938420348064,-0.1779440646188967,8000202,0.0756898561989895,-2.317782780599522
0,2501.0,250,23,-0.08414333583837631,0.16167109946190467,1.923641929115665,1.8236246410822663,-1.4496374122246498,1.0520302062017195,0.028796638165565488,0.6964874377810231,8000203,0.03465474802435549,0.1674943023337871
0,2501.0,250,12,-0.05000875123649437,-2.356251271886407,0.8099917163251149,0.7650073665734072,-0.6324228204297175,0.14609160062693816,0.03818037125460367,-0.3332162977837903,8000204,0.05057326078507578,-1.0819962642455705
0,2501.0,250,22,-0.2901708449691793,-0.4426837126389184,0.21303842860827485,-1.3728822992637828,-0.981556461276468,-1.7837754652393878,0.03372765254566654,-0.4177626877288912,8000205,0.06030573908537376,-1.8534020465643823
0,2501.0,250,20,-0.045611569131187205,-0.2203194944787188,-0.050881065027655166,-0.3129958061980444,-0.09861867612697912,-0.11494103102448645,0.03673835125448028,-0.1365429484558053,8000206,0.048694779116465865,-0.5769929216045567
0,2501.0,250,13,-0.004428521967773609,-0.14726309148325312,-0.4533278127029331,-0.5851535684542932,0.27318352693861164,-7.123906620505881e-06,0.036938074880165817,0.06314731681561797,8000207,0.049974089908019166,-0.4399887692035659
0,2501.0,250,18,0.045005531564263374,0.04279058948416623,0.8926948383769933,1.3274773599012013,-0.4331964243141688,1.691306322438334,0.03369931338256251,0.3357237867362237,8000208,0.04229822515869932,-0.34221868560028473
0,2501.0,250,15,-0.35348542445886033,1.5464560379341799,0.8513634073025942,-0.7916875453042171,-1.4705529926593224,-1.000878716103428,0.038913719393703854,-0.12574562891398244,8000209,0.06160124368441507,-1.3132415083774025
0,2501.0,250,9,-0.5222019266665402,-0.7089587510095279,0.8641319329521506,-1.2674201085941887,-1.7140701738907782,-1.155602680629239,0.03499713138267356,-0.11730715666833573,8000210,0.04011206114781708,-0.32741169172623064
0,2501.0,250,16,0.14689148726776852,-1.5450791905361414,1.1869331649404646,2.227944161616628,-0.34689843944239224,2.682027419351984,0.03405017921146953,0.028661855756147724,8000211,0.06153646845446301,-2.0785813162154385
0,2501.0,250,15,0.07213507574701412,0.5430819992150973,-0.403857784673296,-0.1213853320645094,0.4443030977885879,0.2183917062665795,0.03297464049747376,0.13128324546619702,8000212,0.07543075527918125,-2.2383111759085716
0,2501.0,250,12,-0.1366176572841981,-1.158357620566287,0.4169754404881516,-0.15228089962944358,-0.6001797214012913,4.72985831489979e-06,0.03444962646284061,0.22405948134535836,8000213,0.05923694779116466,-0.8921095301285806
0,2501.0,250,11,0.1972868450160765,0.2523487190495645,-0.6800177614011305,0.09503124798365123,0.9020663193440852,0.4614046302934157,0.03447430274091758,0.2920845979785676,8000214,0.0626052597486721,-1.3384295363885022
0,2501.0,250,13,0.10335135033882063,3.2274499563188983,-1.3956611050215484,-1.2134013532997527,1.1382285334391289,-0.7934244447595483,0.02671978235522736,0.8201113228774816,8000215,0.05104288120222827,-0.8925820910971114
0,2501.0,250,16,-0.09497034495782067,2.263676098788768,-0.2188026721433052,-0.7688885142248837,-0.11931312066885782,-0.9848023976862148,0.04210713823034072,-0.8971444964863865,8000216,0.07225676901152997,-2.6305110968122065
0,2501.0,250,18,0.16769465812714787,-1.6858798410735367,-0.31060892107869154,0.5294009020088668,0.6614367316578373,1.15756222474892,0.03443163334340947,0.24212167520883626,8000217,0.08542233449928748,-3.2517122344468574
0,2501.0,250,14,0.1247122699454836,-0.3126827056713456,-0.6013352605768236,-0.10452332263118716,0.7010678242092311,0.5711377452223374,0.032020555339638115,0.4398588682179387,8000218,0.06849980567431015,-1.9794085844871228
0,2501.0,250,17,0.04277369121442689,-0.712707643166984,0.11086335110623327,0.36373924591903456,0.04797100093261196,0.4728910176760699,0.04480502655784428,-0.4465476937703531,8000219,0.06127736753465475,-2.1403662481807046
0,2501.0,250,19,0.05365322192775978,-0.9208730202678008,0.2070807500979201,0.5437471535278668,0.02199410032714946,1.3223724610557008,0.044160513019821226,-0.36703306159105303,8000220,0.0570345899727944,-1.4126810696714287
0,2501.0,250,19,0.1631365036227682,-0.0945401961267354,-0.8816333333549393,-0.17554072452687658,1.012036135138178,0.4899391530164136,0.030308330094571838,0.4441625255501788,8000221,0.02924601632335795,0.5889157227573392
0,2501.0,250,15,0.09272561721733387,1.5464560379341799,-1.324790304112526,-1.1466160004462929,1.076005320225378,-0.6352729796373263,0.04002029623871831,-0.28982199021507155,8000222,0.06247570928876797,-1.3471549316197395
0,2501.0,250,15,0.013140261263418957,-0.4602920395039865,0.2155594614975744,0.3333808547374218,-0.10025191972181677,0.3610967783023817,0.03591197635115242,0.034561736536181664,8000223,0.04806322062443322,-0.6002270230386455
0,2501.0,250,18,-0.06440074808864801,4.364466665878424,-0.6050039026082296,-1.0829418107399005,0.199167359899378,-1.5235531202946904,0.05451195462855004,-1.197853767531508,8000224,0.06288055447596838,-1.751738866207719
0,2501.0,250,9,0.12407607415108395,0.7828117394489831,0.09251672766215199,0.6803888145297917,0.2198267632965986,0.7823623199955251,0.038282160901671206,-0.031693482861297514,8000225,0.059247743662823336,-1.470521536545852
0,2501.0,250,16,0.046180475469781664,1.3114872764575407,0.5684093966236058,0.9394529545821976,-0.2313527157019362,0.97787045942207,0.02727499861195936,0.8105304553803829,8000226,0.05298613810079026,-1.1540301085596725
0,2501.0,250,17,0.07008740590484157,-0.712707643166984,-0.06524107344878584,0.2950075720371056,0.2331611734344771,1.0718779935775309,0.03663848944163752,-0.2512048243239217,8000227,0.053731053245239024,-0.8895602423174579
0,2501.0,250,17,0.1876333443950228,-1.6187954659433672,-0.37566243198644667,0.5447239204315091,0.7500314442206174,0.9328217883241104,0.04049666407565747,-0.16240351739163705,8000228,0.054497560133005135,-1.6933681208594689
0,2501.0,250,9,0.059300287611823224,-2.2007292414680393,0.8547219914242241,1.3572332439677064,-0.4050180849288869,2.9979276092420584,0.03141598652675217,0.3050054523871286,8000229,0.056192511983417535,-1.7716245344968289
0,2501.0,250,13,-0.4568135436303102,2.102545607051514,0.7837120304952488,-1.3233799536152755,-1.6521703028442227,-1.3758401006874683,0.04441961393962949,-0.2340680189322783,8000230,0.04184479854903485,-0.260584992971003
0,2501.0,250,11,0.1098110868069009,1.533821183568422,-0.7455747951509832,-0.4081705660356091,0.7327325998438723,1.749454741305179e-05,0.02474413784168934,0.8814911706968751,8000231,0.06213563933151961,-1.6592972335635712
0,2501.0,250,14,0.0998017695645719,-0.3126827056713456,-0.4117071979040531,0.00223119481271808,0.5174452341595487,0.6343990615457574,0.02640238372846224,0.9637877919770764,8000232,0.06088871615494235,-0.9759007209652768
0,2501.0,250,21,0.07145430281273804,0.42372630868204897,0.43365002185622253,0.9190599725110844,-0.06427065304281994,3.1381775749874268,0.03164809776741374,0.1486871588442258,8000233,0.03504339940406788,-0.03821053563659743
0,2501.0,250,15,0.10512209010735174,-1.4636660782230697,-0.12856123081957566,0.3886671672323047,0.35922613189325936,1.3908432781352178,0.028271443545442768,0.4447599390083317,8000234,0.041445351297663774,-0.44293551769752976
0,2501.0,250,17,-0.012344012263358515,-0.712707643166984,0.39143650209219605,0.4112488146506348,-0.278910804884709,0.5742226280640852,0.027749708511465212,0.7479340811582149,8000235,0.0574232413525068,-1.7787842879420008
0,2501.0,250,12,0.15168279359419198,0.03953603075383253,-1.0664683457592103,-0.5844462911370298,1.0452827770955977,0.227178698351128,0.04106749578961005,-0.005653742128298922,8000236,0.05298613810079026,-1.0045419803498197
0,2501.0,250,22,-0.10736413256806997,0.2876268263757853,0.5971929602592057,0.1133847038786547,-0.6869696722306208,-9.194991986519129e-07,0.036394425628782416,0.24907803228195094,8000237,0.04993090642138446,-0.6872127705434196
0,2501.0,250,19,0.14080447971586876,-2.5735386685499315,-0.031503948290993705,0.7312085534077082,0.4173001837970906,1.5020292325673508,0.04143995336183444,-0.09452979360376884,8000238,0.055641922528824966,-1.4008701328222983
0,2501.0,250,19,0.10998861905060407,1.558125452155395,-0.0479580654212636,0.5429241393094454,0.34057422431064754,1.5347518593051563,0.033980006045688134,-0.10178585546702974,8000239,0.0667022930431403,-2.622564901190429
0,2501.0,250,18,-0.04623827837725388,-1.6858798410735365,1.5272160607027945,1.6047866437493816,-1.0843594395787697,1.497908250761104,0.03407536957867311,0.22203618506301712,8000240,0.047469447683205934,-0.7228875314884585
0,2501.0,250,12,0.09343822613843747,2.435323333394072,-1.413247412674178,-1.3042985916765164,1.1187490459502831,-0.9100248461898184,0.032120417152480894,0.29248009684021803,8000241,0.05065422982251587,-0.7792934490351934
0,2501.0,250,12,-0.006344860313130239,0.0395360307538328,0.3553258285921573,0.4123936594763811,-0.2388092861919444,0.4181100854791405,0.03930560953491385,-0.1796307078926893,8000242,0.07478300297966058,-3.0725364281590446
0,2501.0,250,14,0.09431640015947534,-1.373242665914419,-1.0633381769068468,-0.8308493021505879,0.911791911725981,1.551339111253063e-05,0.03321581255899173,0.07189139258793853,8000243,0.050265578442803466,-0.7766902644851275
0,2501.0,250,10,-0.0918181735594088,0.4973207385797265,-0.075090275421425,-0.5248140558076935,-0.16658723819913762,-0.3751231506248292,0.041022962819017995,-0.1965542783600194,8000244,0.0492831541218638,-0.6722296788831671
0,2501.0,250,11,-0.032535984417069584,0.2523487190495644,0.6925826327364116,0.7133906036337309,-0.5134622473026086,0.3713202421096122,0.03882195448460509,0.09409287748453823,8000245,0.07381137453037959,-1.9466222360774523
0,2501.0,250,10,-0.04679813790399202,-0.8809206284569866,0.3101779930157713,0.17305209501957078,-0.30401405862250336,1.331586504129518e-05,0.05033359243425315,-0.5512888599426,8000246,0.06568208317139526,-1.6535164749174271
0,2501.0,250,8,0.12782774148431308,-0.5065713299685085,0.3792286623756251,1.0444846503340146,0.03490021160652477,1.3647529714206188,0.029387712138878093,0.4161769247685372,8000247,0.0797706956859697,-3.060529059151161
0,2501.0,250,17,0.16084258874136118,2.005555825162165,-0.1876187244107484,0.6308059025021843,0.5588022992681304,1.0135089244655715,0.04656043528954528,-0.7690562934409862,8000248,0.07164140432698536,-2.538905204119652
0,2501.0,250,18,0.1374101780880133,0.9071258047630174,-0.336332754416224,0.3344290932868487,0.5931786408324339,0.8173399486649591,0.02783895438384362,0.8791509049794058,8000249,0.06137453037958285,-1.8159005443616012
